app,app_id,review_id,review_date,star_rating,text,source,scraped_at_utc
Zalando,de.zalando.mobile,eb3e39ea-af6b-4bba-a0c9-208a821966f1,2026-09-23T18:33:43,1,"Hallo, ich habe seit einiger Zeit Probleme mit der App. Ich speichere Artikel in meinen Favoriten, um sie später gesammelt zu bestellen. Leider sind die gespeicherten Artikel nach einigen Tagen teilweise nicht mehr in meinen Favoriten zu finden. Das ist für mich sehr ärgerlich, da ich teilweise stundenlang Artikel heraussuche und speichere, mit dem Ziel, später eine größere Sammelbestellung aufzugeben. Wenn die Artikel dann plötzlich nicht mehr auffindbar sind, ist die ganze Arbeit umsonst.",Google Play Store,2026-09-25T09:15:33.291431+00:00
Zalando,de.zalando.mobile,6e50ad81-22d0-467f-aa98-7f1decba80bd,2026-09-23T09:08:56,1,stürzt ständig ab,Google Play Store,2026-09-25T09:15:33.291431+00:00
Zalando,de.zalando.mobile,23827cfb-fe53-4e31-bd7b-da50759b2a32,2026-09-23T03:39:49,5,Sehr schöne Kleidung und Schuhe! Bin sehr zufrieden 😊,Google Play Store,2026-09-25T09:15:33.291431+00:00
Zalando,de.zalando.mobile,94021f7f-5886-4a5e-b98a-76c63cfa4c4e,2026-09-22T21:28:44,5,Top! 😃👍🏼,Google Play Store,2026-09-25T09:15:33.291431+00:00
Zalando,de.zalando.mobile,0907b770-f6e4-4c0f-880c-119a27af89f4,2026-09-22T14:30:14,5,Gute Auswahl Respekt,Google Play Store,2026-09-25T09:15:33.291431+00:00
Zalando,de.zalando.mobile,515b56de-2cee-444d-9d27-39ef3f545e34,2026-09-21T15:30:49,1,Kundenservice aus der Hölle,Google Play Store,2026-09-25T09:15:33.291431+00:00
Zalando,de.zalando.mobile,eac80521-4873-4581-acbf-a185b159d807,2026-09-21T10:21:11,1,"schlecht wie sau brauch unheimlich lange zum liefern, geben falsche infos was lieferzeit angeht am liebesten würde ich nicht ein stern geben.",Google Play Store,2026-09-25T09:15:33.291431+00:00
Zalando,de.zalando.mobile,f9b5477b-9c50-41f0-b20b-6f355322c3ef,2026-09-20T17:02:16,5,Mir gefällt die App super. Faire Preise und schnelle Lieferung. Ich kann Zalando nur empfehlen.. Klasse,Google Play Store,2026-09-25T09:15:33.291431+00:00
Zalando,de.zalando.mobile,e8a2ad34-ca62-4a3f-987e-5027a46f623f,2026-09-19T08:21:50,5,Sehr gute Auswahl top Angebote und top Qualität immer wieder Zalando 👍,Google Play Store,2026-09-25T09:15:33.291431+00:00
Zalando,de.zalando.mobile,a7f467fe-c54d-42c7-98c0-346f8e17941f,2026-09-18T21:25:56,1,"Lasst die Finger von denen das sind nachweislich die größten Betrüger überhaupt! Nachweislich alles bezahlt und immer alles zurück geschickt und die kommen mit Inkasso Vermögensauskunft usw. Mein Anwalt ist sprachlos als er alle Beweise gesehen hat,die Schreiben von PAIR Finance widersprechen sich auch. Das geht jetzt zur Vollstreckungsgegenklage gem Paragraph 767 ZPO mit Antrag auf Paragraph 769 ZPO Und eine Sache noch ich mache Multimillionen selbst und bin Unternehmensberater,ich sehe alles!",Google Play Store,2026-09-25T09:15:33.291431+00:00
Zalando,de.zalando.mobile,1e2bea59-c5b5-488e-9935-6966517483a3,2026-09-18T18:00:42,5,Super,Google Play Store,2026-09-25T09:15:33.291431+00:00
Zalando,de.zalando.mobile,1b62878d-b4ff-471c-b609-200c31ed9fc4,2026-09-17T20:04:28,1,"warum sieht man den Zahlingsstatus bei den Bestellungen nicht mehr? Weder bei der Gesamtansicht, noch wenn man eine Bestellung im Detail öffnet!",Google Play Store,2026-09-25T09:15:33.291431+00:00
Zalando,de.zalando.mobile,72e0ffc8-d7fa-42d3-b2fb-34db40dbac4c,2026-09-17T08:34:19,1,"Mir gefällt diese App nicht, weil es dort keinen Dark-Mode gibt und ich jedes Mal eine Logo-Animation anschauen muss, wenn ich in die App reingehe. Das nervt mich gewaltig. Das Sortiment in Hinblick auf Dark-Style finde ich ebenfalls nicht gut.",Google Play Store,2026-09-25T09:15:33.291431+00:00
Zalando,de.zalando.mobile,314ed52f-0ec3-41f4-bccf-3d1b5ffd352a,2026-09-17T08:25:00,2,"Die App hängt sich regelmäßig auf bzw. scrollen is freezing. Kundenservice kaum zu erreichen. Startseite mittlerweile völlig überladen, Suchen können nicht gespeichert werden, Größenempfehlungen oft willkürlich und falsch, keine Hersteller-Größentabellen mit präzisen Maßen... Update Juni 2026: die App hängt immer noch vorallem im Hilfebereich und beim scrollen - Gerät ist ein Galaxy S25 Ultra. Und warum zeigt es mir immer zig Sachen an aber nicht die als erstes, mit meinem Suchbegriff?",Google Play Store,2026-09-25T09:15:33.291431+00:00
Zalando,de.zalando.mobile,ca71d591-1014-4289-a20a-635808b58d3a,2026-09-16T19:21:54,1,"Früher guter Kundenservice, heute werden klare Mängel, z.B. Risse an Hosen in der Gewährleistungsfrist, nicht mehr behoben bzw. erstattet. Besser mittlerweile wo anders kaufen.",Google Play Store,2026-09-25T09:15:33.291431+00:00
Zalando,de.zalando.mobile,e203bd7d-f300-4d06-9a44-9355cea48364,2026-09-16T11:18:38,5,"Zalando ist einfach der beste Mode-Shop. Mit Abstand die größte Auswahl, schnelle und simple Bestellung, Lieferung und Retoure. Einziger Kritikpunkt: ich finde es sollte eine Startseite geben auf der einfach Klamotten vorgeschlagen werden, aktuell ist das einfach Instagram 2.0",Google Play Store,2026-09-25T09:15:33.291431+00:00
Zalando,de.zalando.mobile,3dddb880-17de-42d6-931e-030de96b5a73,2026-09-15T23:22:06,1,"Als gelegentlicher User erscheint mir die App völlig wirr. Ich vermute, dass nur regelmäßige Käufer damit zurechtkommen.",Google Play Store,2026-09-25T09:15:33.291431+00:00
Zalando,de.zalando.mobile,88c0795c-96bd-46bd-9370-753ff4751ed0,2026-09-14T12:48:51,5,Bin immer zufrieden mit Qualität und Design. ZALANDO forever!,Google Play Store,2026-09-25T09:15:33.291431+00:00
Zalando,de.zalando.mobile,de1c8161-d74d-4dfa-9766-7cea578fa0f3,2026-09-14T11:09:56,1,Verkaufen funktioniert nicht über App.,Google Play Store,2026-09-25T09:15:33.291431+00:00
Zalando,de.zalando.mobile,ec7eb7d2-3dbf-4e56-bd64-57656938aea7,2026-09-14T08:59:32,5,"sehr unkompliziert, schnell",Google Play Store,2026-09-25T09:15:33.291431+00:00
Zalando,de.zalando.mobile,f0e2b2c9-fc41-45f1-b7c0-b3de5b78453f,2026-09-14T05:06:09,1,Seit einiger Zeit ist mein Konto auf einmal in Österreich und ich kann das nicht mehr umstellen. weiterhelfen konnte/wollte mir von zalando auch keiner.,Google Play Store,2026-09-25T09:15:33.291431+00:00
Zalando,de.zalando.mobile,a653d7df-ef67-4585-a944-d2f70a9eaa3b,2026-09-13T15:00:37,3,"Bitte Nachtmodus/Darkmode ergänzen, sonst super! Edit: seit einiger Zeit ist die Navigationsleiste verschwunden. Um nach einigen Stöbern zurück zur Startseite oder zur Suche zu gelangen, muss ich im Zweifel alle Klicks zurück gehen, was sehr umständlich und nicht nachvollziehbar ist. Die Navigationsleiste sollte beim Hochscrollen einblenden, tut dir aber nicht! Weiterer Stern Abzug!",Google Play Store,2026-09-25T09:15:33.291431+00:00
Zalando,de.zalando.mobile,7326c039-8c93-48ec-9e2a-b11be27d074b,2026-09-12T18:46:19,1,"Reklamationbearbeitung erschreckend schlecht und inakzeptabel. Euer Geld seht Ihr nicht mehr. Man läuft gegen eine Wand. Bearbeitung unpersönlich automatisiert, KI?",Google Play Store,2026-09-25T09:15:33.291431+00:00
Zalando,de.zalando.mobile,5943642d-1ded-4dea-b245-f922e1a359b4,2026-09-09T19:38:58,1,Leider funktioniert die App bei mir nicht mehr gut. Ich habe alles mir mögliche versucht.,Google Play Store,2026-09-25T09:15:33.291431+00:00
Zalando,de.zalando.mobile,96adfb8e-7e3c-4fd8-9880-7a81b4bca369,2026-09-09T19:01:04,3,"An sich gut, aber die Bearbeitung der Retouren dauern zu lange. Wie kann es sein, dass die zurück gesendete Ware mehrere Werktage in Graben (Augsburg) liegen bleibt. (das ist nicht nur 1x passiert) Geplante Methode, um möglichst lang die Rückzahlung zu verzögern? Die Abschaffung der Produktbewertungen ist ebenfalls negativ.",Google Play Store,2026-09-25T09:15:33.291431+00:00
Zalando,de.zalando.mobile,92cb254e-6cf1-44f2-9d43-01e72122850f,2026-09-08T17:39:38,1,"Die App ist auf einmal auf polnisch. Deinstalliert, Neu Installiert. Jetzt kann ich mich nicht mehr einloggen und hab mich stattdessen neu registriert....",Google Play Store,2026-09-25T09:15:33.291431+00:00
Zalando,de.zalando.mobile,3d6a5105-44f4-442d-93dc-73a34acd7dd1,2026-09-08T10:02:03,5,wurde an die Bezahlung erinnert und die war total easy!,Google Play Store,2026-09-25T09:15:33.291431+00:00
Zalando,de.zalando.mobile,edea1b61-eccf-43a9-8df4-d9c4ea6bac9d,2026-09-08T07:20:12,5,Mein Liebling Shop!,Google Play Store,2026-09-25T09:15:33.291431+00:00
Zalando,de.zalando.mobile,f6856ff6-abfa-4256-90bb-4f92c5e3cfc6,2026-09-07T12:53:56,1,"Alles wird mit Hermes anstelle von DHL verschickt. Ich verstehe einfach nicht, warum man als ""Premium""-Shop einen solch unzuverlässigen Versanddienstleister wählt.",Google Play Store,2026-09-25T09:15:33.291431+00:00
Zalando,de.zalando.mobile,343de2be-1539-4130-941c-faaba222abc9,2026-09-06T21:44:07,1,"Seit dem ich in Polen war, funktioniert die App nur auf Polnisch",Google Play Store,2026-09-25T09:15:33.291431+00:00
Zalando,de.zalando.mobile,78e2e439-9daf-45e9-af9a-a4023f21f165,2026-09-06T14:45:13,5,top,Google Play Store,2026-09-25T09:15:33.291431+00:00
Zalando,de.zalando.mobile,52ef90cb-0dd3-4ce2-a007-b32af633ec27,2026-09-06T11:29:38,1,"Ich war jahrelang Kundin bei Zalando und bin inzwischen nur noch enttäuscht. Obwohl meine Rechnung vollständig beglichen wurde und ich sämtliche Zahlungs- und Retourenbelege mehrfach eingereicht habe, erhalte ich weiterhin Zahlungsaufforderungen. Statt meine Nachweise sorgfältig zu prüfen, muss ich mich ständig wiederholen. Das kostet unglaublich viel Zeit und Nerven. Nach dieser Erfahrung habe ich mein Vertrauen in Zalando verloren und werde mein Kundenkonto löschen lassen.",Google Play Store,2026-09-25T09:15:33.291431+00:00
Zalando,de.zalando.mobile,fba6e92c-6178-487f-8e3b-800695b63dbf,2026-09-06T08:03:39,1,teuer,Google Play Store,2026-09-25T09:15:33.291431+00:00
Zalando,de.zalando.mobile,5e4b392c-7032-4a88-822f-57825a6877a1,2026-09-05T16:56:51,3,"Die Funktion der app ist schon ok. Aber mir werden oft Artikel angezeigt, die in den gängigen Größen schon ausverkauft sind. das nervt total.",Google Play Store,2026-09-25T09:15:33.291431+00:00
Zalando,de.zalando.mobile,ab43a984-f5c8-482d-9347-75c296459d5c,2026-09-04T22:37:39,1,"Früher war Zalando meine absolute Lieblings-App und ich habe dort oft bestellt. Seit einigen Monaten gibt es aber nur noch Probleme, weshalb ich mittlerweile zu anderen Anbietern gewechselt bin. Die App ist extrem unübersichtlich geworden und beim Stöbern hängt sie sich regelmäßig auf. Dazu kommen die neuen Kaufkonditionen. Ich habe lange gehofft, dass es wieder besser wird, aber die App wird gefühlt immer schlechter. Wirklich schade – ich werde sie jetzt endgültig löschen.",Google Play Store,2026-09-25T09:15:33.291431+00:00
Zalando,de.zalando.mobile,45614aaa-4c61-4506-8cb9-e30ae97b437b,2026-09-04T17:35:06,5,funktioniert alles gut. schnelle Lieferung,Google Play Store,2026-09-25T09:15:33.291431+00:00
Zalando,de.zalando.mobile,055865fe-7179-446d-976a-ad28e105cab7,2026-09-03T14:50:49,2,"Was ist denn mit der App passiert? Musste mich neu einloggen. War dann kaum zu erkennen, ob ich eingeloggt war oder nicht. Mein Profil besitzt kaum noch Daten. Alles war verschwunden, Historie etc. Fange ich wieder von Vorne an? Zalando Plus brauche ich nicht, wofür ist das? Und dann soll ich irgendeine Kollektion erstellen. Für wen? Macht Ihr jetzt auf Social Media? Brauche ich nicht. Ich brauche Lagerware. Vielleicht ist das der Zeitpunkt mich nach einem anderen Anbieter umzuschauen. Schade.",Google Play Store,2026-09-25T09:15:33.291431+00:00
Zalando,de.zalando.mobile,c1b5ffa2-f615-4809-b7d7-fc6aa8d032c2,2026-09-01T20:17:29,2,virtuelles Anprobieren funktioniert nicht! Egal bei welchen Artikel: es erscheint IMMER die Levis-Jeans sehr enttäuschend,Google Play Store,2026-09-25T09:15:33.291431+00:00
Zalando,de.zalando.mobile,1d8de678-e973-4f08-b15e-5e1b80f6f087,2026-09-01T19:02:45,2,"Preise meist okay, aber der Versand dauert ewig! obwohl ich plus Mitglied bin, tut sich einfach mal nach über 30 Stunden gar nichts... amazon hatte längst geliefert!!!",Google Play Store,2026-09-25T09:15:33.291431+00:00
Zalando,de.zalando.mobile,1874b9f4-cf9f-4a7d-8051-d80f45405082,2026-09-01T18:58:57,1,"Something went wrong during the payment process, but the app still displayed the order as a success. The next day, the order was gone with no traces, with none of the products left in the shopping cart. No email or anything. I ended up having to search up everything again from memory.",Google Play Store,2026-09-25T09:15:33.291431+00:00
Zalando,de.zalando.mobile,c3087b9f-fc4d-41e4-90f5-4b31259841d0,2026-09-01T17:09:41,4,Super 👍,Google Play Store,2026-09-25T09:15:33.291431+00:00
Zalando,de.zalando.mobile,1c4d1d63-f8c3-403d-8aad-c49533f2f258,2026-08-31T19:47:17,4,Top App ist ein Darkmode oder ähnliches geplant ??,Google Play Store,2026-09-25T09:15:33.291431+00:00
Zalando,de.zalando.mobile,9aa0e415-afe6-481b-9a8a-ce82c84c15d1,2026-08-31T16:20:02,3,"Seit dem Update kann ich mich nicht mehr einloggen. Es wird eine Internetseite aufgemacht, ich geb meine Daten ein & es passiert nichts. Im ""Hilfezentrum"" soll ich mich einloggen. Etwas frustrierend gerade.",Google Play Store,2026-09-25T09:15:33.291431+00:00
Zalando,de.zalando.mobile,74d0763e-98a2-4de9-85cf-d8c0edcf95fa,2026-08-31T14:41:09,1,"edit: no one ever contacted me, they're blatantly lying like always. skip zalando!! they keep pretending that I did not request a return on time despite the fact that I did. but since you get no confirmation of messages or requests being sent there's no way to prove I'm in the right. one might think that's on purpose? I was forced to keep items that Don't fit me at all because the initial provided label did not work and no one understands me when I try to explain the situation",Google Play Store,2026-09-25T09:15:33.291431+00:00
Zalando,de.zalando.mobile,2f265af4-d8e5-4881-a7f2-69e13781273a,2026-08-31T12:30:54,1,Eigentlich wirklich gut aber ich hab öfter bei Lieferung Frust als Freude. Ich bestelle ein Produkt es kommt an ich freue mich zuerst und dann fällt es aber nicht so aus wie erwartet. Ich denke mir kein Problem bestell es in der richtigen Größe aber nein das Produkt ist vor weniger als einer Woche voll auf Lager gewesen und jetzt ausverkauft und ich kann es nur zurückgeben und nicht in meiner Größe bestellen (90% der Bestellungen). Ich muss Produkte in 3 verschiedenen Größen bestellen sonst Pech,Google Play Store,2026-09-25T09:15:33.291431+00:00
Zalando,de.zalando.mobile,7fd493a3-c7fe-4773-be94-71335d298407,2026-08-28T14:38:46,5,Top Qualität und Günstig,Google Play Store,2026-09-25T09:15:33.291431+00:00
Zalando,de.zalando.mobile,1bb67170-0205-4075-9752-70b54f31617d,2026-08-28T09:41:41,1,"App wird immer schlechter, da macht das Einkaufen keinen Spass mehr. Startseite ist nur noch blö... mit Werbung voll gemüllt, die mich eh nicht Interessiert denn ich weiß was ich will , da Brauch ich keinen Werbemüll . App funktionen kannste auch in den Müll treten.",Google Play Store,2026-09-25T09:15:33.291431+00:00
Zalando,de.zalando.mobile,73beefd2-6825-4fc6-be47-782819a6a840,2026-08-28T09:31:24,4,"die App ist super alles läuft schnell und rund. Aber das Vermessen durch die Kamera ist zum Teil leider unzuverlässig. Manche Maße werden falsch übernommen. Des Weiteren registriert die Kamera nicht zuverlässig die Körperhaltung. Das kann an der Farbe der Kleidung liegen oder dem Hintergrund. Wäre es nicht besser, wenn man auch selber die Daten korrigieren könnte. Es wäre toll alle Maße auch von Hand eingeben zu können.",Google Play Store,2026-09-25T09:15:33.291431+00:00
Zalando,de.zalando.mobile,8bcd9390-24a3-4ead-b12c-8dfa1a72707d,2026-08-27T13:08:05,5,"Bestelle dort sehr gerne. Auch wenn etwas nicht passt, kann man es unkompliziert zurückschicken! 👍🏻",Google Play Store,2026-09-25T09:15:33.291431+00:00
Zalando,de.zalando.mobile,efff60aa-bf6e-4312-82e6-c56f558510c0,2026-08-26T23:00:17,5,"Ich würde mich freuen, wenn man in den Favoriten zusätzlich zu Fashion/ Beauty/ Outfits auch noch Accessoires und Schuhe filtern könnte. Das würde den Einkauf gerade bei Promo Aktionen erleichtern.",Google Play Store,2026-09-25T09:15:33.291431+00:00
Zalando,de.zalando.mobile,874b7d5a-ca63-42e1-862b-4b22c1a3b6cc,2026-08-26T15:53:41,5,funktioniert sehr gut,Google Play Store,2026-09-25T09:15:33.291431+00:00
Zalando,de.zalando.mobile,cf1f0070-6630-4c0c-a2ec-f0bb636b8a07,2026-08-26T15:53:36,1,"kennt man viele marken nichts aber kostet uber 100€ ,hab google , ausser zalando gib es das marke nie , RETOUR WAREN FORMULAR AUSZAHLEN DAUERT SO LANG",Google Play Store,2026-09-25T09:15:33.291431+00:00
Zalando,de.zalando.mobile,75ffc065-a425-4192-9aba-ff0f44d78c94,2026-08-26T15:41:25,5,verfolge immer wieder was es neues auf Zalando gibt.Kaufe sehr gerne ein und auch mit 74 Jahren findet man tolle Mode,Google Play Store,2026-09-25T09:15:33.291431+00:00
Zalando,de.zalando.mobile,fb0483ae-9f15-482a-9439-955d41357c20,2026-08-25T17:21:59,5,alles immer gut,Google Play Store,2026-09-25T09:15:33.291431+00:00
Zalando,de.zalando.mobile,8fa379bc-e669-4002-ab28-bf877c758c29,2026-08-25T16:12:34,5,"Rekord bei Lieferungen. Die Qualität und der Preis, sind unschlagbar. Wir sind mehr als zufrieden.",Google Play Store,2026-09-25T09:15:33.291431+00:00
Zalando,de.zalando.mobile,3c9db263-01d2-49ac-941c-fea16a06e593,2026-08-24T12:43:52,1,"was ist das für eine App? ich kann nicht löschen, obwohl ich alles abbezahlt habe und rest letzte Monat zurück geschickt habe. l",Google Play Store,2026-09-25T09:15:33.291431+00:00
Zalando,de.zalando.mobile,374d8c71-39e4-40c4-9af8-0b0134b0f4ab,2026-08-22T18:07:28,2,"das neue Layout finde ich leider sehr schlecht, Werbung und andere Produkte nach denen man gar nicht gesucht dazwischen, kleinere Fotos, leider jetzt sehr unübersichtlich, aber hey wenn ich nichts mehr finde spare ich immerhin Geld ;)",Google Play Store,2026-09-25T09:15:33.291431+00:00
Zalando,de.zalando.mobile,3a65c636-1b02-43da-b59a-5e907666f148,2026-08-22T17:53:20,5,meeeega gut,Google Play Store,2026-09-25T09:15:33.291431+00:00
Zalando,de.zalando.mobile,10c2f715-f986-4bf2-aaaf-3fb8751ab1b1,2026-08-21T00:45:20,3,Günstig aber halt auch dementsprechende Qualität. Ich empfehle Markenprodukte zu kaufen da kann man sich wenigstens auf konstante Qualität und gleichbleibende Größen verlassen.,Google Play Store,2026-09-25T09:15:33.291431+00:00
Zalando,de.zalando.mobile,b11252cf-4989-44a7-8348-a8fd8c2233df,2026-08-20T16:00:35,1,"Ich empfehle nicht, diese App zu verwenden, weil ich ein Produkt gekauft und dann zurückgegeben habe, aber sie haben es nicht zurückgegeben und sie sagten, dass sie das leere Paket erhalten haben, obwohl ich den Rückschein von der Reederei habe und es scheint, dass die Lieferung abgeschlossen wurde",Google Play Store,2026-09-25T09:15:33.291431+00:00
Zalando,de.zalando.mobile,66550a2d-017e-4e9f-b41e-6b18d5b67ddf,2026-08-17T19:03:37,1,Dark Mode lässt sich nicht abschalten,Google Play Store,2026-09-25T09:15:33.291431+00:00
Zalando,de.zalando.mobile,dbb1b783-c07c-47e4-bfc7-e860476c4101,2026-08-17T06:16:51,1,"Nach dem letzten Update setzt die Scrollfunktion einfach irgendwann aus - d.h. man kann nicht mehr hoch- oder runterscrollen durch die Produkte. So kann man die App nicht mehr nutzen, bitte fixen!",Google Play Store,2026-09-25T09:15:33.291431+00:00
Zalando,de.zalando.mobile,4d31a859-9f01-4522-b589-08ddbcd1b106,2026-08-16T18:08:45,3,"Warum wurde das Design auf Schwarz geändert? Der Sinn der Änderung war doch, es zu verbessern, oder? So ist es aber nicht besser geworden. Und die ständigen Assistenten-Popups sind unerträglich nervig. Nein, ich brauche keine Hilfe von einem Assistenten!",Google Play Store,2026-09-25T09:15:33.291431+00:00
Zalando,de.zalando.mobile,1984647f-7264-40f1-97cf-a1ff12406278,2026-08-15T20:26:34,5,"Sehr schön, Rasteransicht gibt es jetzt auch wieder, Jetzt macht das stöbern wieder fun.",Google Play Store,2026-09-25T09:15:33.291431+00:00
Zalando,de.zalando.mobile,f69c91b9-284a-4894-8ebe-90849635c09d,2026-08-15T16:53:47,2,ich finde diese Plattform sehr unübersichtlich und damit unkomfortabel in der Bedienung - leider! Ich hätte gerne eine europäische Alternative zu Amazon gehabt.,Google Play Store,2026-09-25T09:15:33.291431+00:00
Zalando,de.zalando.mobile,3c05367a-2878-4f8a-8bd2-aed4845adf3e,2026-08-14T16:46:27,2,Keine Ahnung wie man so sinken kann. Ihr wusstet mal wie man Leuten was verkauft. Ist aber längst vorbei. Da bekommt man augenkrebs wenn man die app öffnet. gesponsert..... gesponsert usw. Warum ist die app nicht einfach und simpel gestaltet? Ihr wollt den Kunden doch was verkaufen und nicht vergraulen.,Google Play Store,2026-09-25T09:15:33.291431+00:00
Zalando,de.zalando.mobile,51add5f4-de69-4078-a2a0-ec0237a0e320,2026-08-14T11:37:03,1,"Aufpassen, es gibt auch gefälschte klamotten bei Zalando, ich habe mir einen Pullover gekauft von 320 Euro mir wurde aber leider zu spät erst klar das er gefälscht ist. Ich dachte Zalando wäre seriös. Zalando nimmt ihn auch nicht zurück, da nur 24 monate laut gesetz sind. Gibt keine kulanz",Google Play Store,2026-09-25T09:15:33.291431+00:00
Zalando,de.zalando.mobile,b499ffa8-a76f-481a-a2e9-f3ea4b6fcef5,2026-08-13T13:32:51,5,super,Google Play Store,2026-09-25T09:15:33.291431+00:00
Zalando,de.zalando.mobile,8411398b-6f4e-493b-8c30-12ff71dd2d86,2026-08-13T08:28:30,3,OK,Google Play Store,2026-09-25T09:15:33.291431+00:00
Zalando,de.zalando.mobile,706efec9-3064-4d5d-88f4-afc7bd9b72d1,2026-08-12T08:27:32,3,"App wird gefühlt immer schlechter. Seit einer Weile kann man nach Abschluss des Bezahlprozesses nicht mehr wieder zurück in die Übersicht ohne die App zu schließen. Das neue Dark Theme ist viel zu dunkel gestaltet - nutze eigentlich immer dark, musste da aber umstellen, weil es irgendwie anstrengender für die Augen war als das helle.",Google Play Store,2026-09-25T09:15:33.291431+00:00
Zalando,de.zalando.mobile,18dfbf35-22f9-45c4-9503-cbdc8246c2c4,2026-08-10T21:16:32,5,super,Google Play Store,2026-09-25T09:15:33.291431+00:00
Zalando,de.zalando.mobile,eab39d50-cd9d-4604-b813-882f48f4da2d,2026-08-10T18:41:51,5,Top artikel immer wieder gerne .,Google Play Store,2026-09-25T09:15:33.291431+00:00
Zalando,de.zalando.mobile,121d35ff-9df8-4480-ae2a-ccdcec61128b,2026-08-08T17:08:53,5,Super App.... die beste auf meinen Handy,Google Play Store,2026-09-25T09:15:33.291431+00:00
Zalando,de.zalando.mobile,f8bd7449-1026-45ad-81bb-3545512b34bf,2026-08-07T19:29:02,3,"Die App ist nervig, die Videos kann man wohl nicht abschalten (Funktion dazu in den Einstellungen ändert leider gar nichts) - ich will sie aber nicht sehen. (Galaxy S10 E). Suchfunktion auch nicht gut, z.B. wenn man nach einer gewissen Größe sucht und aber auch andere angezeigt werden, die nicht passen würden. Schade.",Google Play Store,2026-09-25T09:15:33.291431+00:00
Zalando,de.zalando.mobile,7a75d5df-dd4e-40c1-90d7-176d02a4099a,2026-08-07T16:51:06,2,Zu einer App mit Anmeldedaten gehört an prominenter Stelle die Möglichkeit sich auszuloggen. Die Möglichkeit fehlt.,Google Play Store,2026-09-25T09:15:33.291431+00:00
Zalando,de.zalando.mobile,858cf192-646f-427b-8459-c826df0cbe4d,2026-08-07T09:55:24,1,unübersichtlich,Google Play Store,2026-09-25T09:15:33.291431+00:00
Zalando,de.zalando.mobile,999a4d63-4dc6-4124-b9bc-b4925fa8a191,2026-08-07T07:42:24,5,Schnelle Lieferung und gute Angebote,Google Play Store,2026-09-25T09:15:33.291431+00:00
Zalando,de.zalando.mobile,20c76694-4e08-468a-8c41-0da3b65b8713,2026-08-05T14:52:31,1,"Ich bin seit 2025 Kundin im Super Plus Level... Nur jetzt wurde die zurück gesetzt , in den Light Status , ohne erkennbaren Grund . Natürlich ist es auch nicht möglich , per Email , Kontakt zum Kundenservice zu erhalten. Schade , das man als guter Kunde so behandelt wird .",Google Play Store,2026-09-25T09:15:33.291431+00:00
Zalando,de.zalando.mobile,77300a4a-c1d4-4344-93ea-71bdaffdb16c,2026-08-04T08:09:55,1,schrot,Google Play Store,2026-09-25T09:15:33.291431+00:00
Zalando,de.zalando.mobile,439548e9-701c-47f2-be1c-8a89ec37d5c5,2026-08-04T02:12:31,5,♥️♥️♥️,Google Play Store,2026-09-25T09:15:33.291431+00:00
Zalando,de.zalando.mobile,83c4a640-ff62-4ff8-959f-56900a81c336,2026-08-03T05:48:27,5,"Bestellung ganz einfach , geht ratzfatz",Google Play Store,2026-09-25T09:15:33.291431+00:00
Zalando,de.zalando.mobile,6857a4de-3339-4fa4-9424-6106b4727db8,2026-08-02T20:07:57,4,"Leicht unstrukturiert, aber gut funktionierend. Flüssig laufende App.",Google Play Store,2026-09-25T09:15:33.291431+00:00
Zalando,de.zalando.mobile,e7f25dfe-0cfc-48d2-ad22-d3cc914568f7,2026-08-02T12:47:35,3,"Ich mag die angebotenen Möglichkeiten zum Entscheiden, welche Grösse ich bestellen will, überhaupt nicht! Wenn man immer dieselbe Grösse hat, mag das ja funktionieren. Ich bin aktuell Schwanger, mein Körper verändert sich laufend. Und nein, ich möchte keine Bilder von mir hochladen. Ich wünschte es gäbe auch noch Mass-Tabellen oder die Möglichkeit seine Masse manuell einzugeben. Jetzt musste ich halt mehrere Grössen bestellen...",Google Play Store,2026-09-25T09:15:33.291431+00:00
Zalando,de.zalando.mobile,34c48c5f-4014-4427-9a9b-4ea77a68d291,2026-08-01T13:54:03,5,funktioniert einwandfrei,Google Play Store,2026-09-25T09:15:33.291431+00:00
Zalando,de.zalando.mobile,c38893a6-670a-4e81-ac53-bd4218ad28e7,2026-07-31T21:55:10,5,Die App ist echt gut geworden über die Jahre. Outfit Inspirationen und Content Sorgen wirklich für ein mehrwert. Auch die Möglichkeit Erinnerung einzustellen und die Artikel auf backorder zu stellen super.,Google Play Store,2026-09-25T09:15:33.291431+00:00
Zalando,de.zalando.mobile,2f514b59-5017-4cfb-ad5c-709da6e3e95b,2026-07-31T13:50:11,1,"App schaltet automatisch auf Landessprache. Ziemlich dumm, wenn man im Urlaub ist. Zalando ist dumm",Google Play Store,2026-09-25T09:15:33.291431+00:00
Zalando,de.zalando.mobile,17c0bd63-2eff-42b3-bed3-201db47cf447,2026-07-31T12:16:56,5,Qualität top,Google Play Store,2026-09-25T09:15:33.291431+00:00
Zalando,de.zalando.mobile,39ad120c-1da9-4bdb-a550-c0a64dad5cbf,2026-07-30T17:00:16,5,ok,Google Play Store,2026-09-25T09:15:33.291431+00:00
Zalando,de.zalando.mobile,54631e69-f3e8-4160-8729-6523cf9a103f,2026-07-30T16:02:44,1,Schaisse Qualität,Google Play Store,2026-09-25T09:15:33.291431+00:00
Zalando,de.zalando.mobile,90f8e6b8-d430-45e5-9ad3-3589d072d0d0,2026-07-30T13:46:36,3,👍🏻👍🏻,Google Play Store,2026-09-25T09:15:33.291431+00:00
Zalando,de.zalando.mobile,3a3deb0c-4698-4155-ac26-97ced82923fa,2026-07-30T09:12:12,5,"Top Ware ,faire Preise ,bin immer Zufrieden",Google Play Store,2026-09-25T09:15:33.291431+00:00
Zalando,de.zalando.mobile,fd84e8af-bef5-4f5b-b034-bf3d572f84cc,2026-07-29T17:13:56,5,Bin immer sehr zufrieden,Google Play Store,2026-09-25T09:15:33.291431+00:00
Zalando,de.zalando.mobile,4f07866a-c2d1-4f26-8e80-21262ff6d143,2026-07-29T15:31:18,1,Früher wurden die Produkte in einer zweispaltigen Rasteransicht angezeigt. Das war deutlich übersichtlicher und man konnte viel schneller durch die Artikel stöbern. Jetzt wird nur noch eine einzige Produktspalte angezeigt. Dadurch ist das Durchsehen der Produkte umständlicher und kostet deutlich mehr Zeit. Bitte bringt die zweispaltige Ansicht wieder zurück. Sie ist benutzerfreundlicher und macht das Einkaufen wesentlich angenehmer. Oder ist das vielleicht Absicht? Soll die App absichtlich schw,Google Play Store,2026-09-25T09:15:33.291431+00:00
Zalando,de.zalando.mobile,4899f460-cbd7-42e7-ac61-fab055312d8d,2026-07-29T07:51:39,1,Nach letztem Update absolut unübersichtlich. Daher nach Jahren der Nutzung deinstalliert,Google Play Store,2026-09-25T09:15:33.291431+00:00
Zalando,de.zalando.mobile,0ab2f2e4-d05a-40e0-a243-3eee9b7b83f8,2026-07-29T05:25:18,3,"Leider kann ich mich seit kurzem überhaupt nicht mehr in der App anmelden. Ich habe schon alles versucht, von Cache leeren bis neu installieren ... was habt ihr damit gemacht?",Google Play Store,2026-09-25T09:15:33.291431+00:00
Zalando,de.zalando.mobile,3c7486d9-7488-4451-9550-d42d4b7c0180,2026-07-28T10:09:58,4,"Die App ist super. ABER. Ich habe hier sicher ein exotisches Problem. Wenn ich mein Smartphone (Google Pixel 8 pro) per USB-c anstecke und den Desktop-Modus verwende, sind die Schriften viel zu groß. Die Einstellungen sind OK, aber Darstellung ist nicht möglich. Vielleicht könnt ihr mal schauen. Dann gibt's 5 Sterne :-)",Google Play Store,2026-09-25T09:15:33.291431+00:00
Zalando,de.zalando.mobile,356636b4-e96f-4c72-afd9-fc0e6c307da5,2026-07-28T04:17:07,2,Scrollen leider nach wenigen Sekunden nicht mehr möglich.,Google Play Store,2026-09-25T09:15:33.291431+00:00
Zalando,de.zalando.mobile,2079c978-e8fc-4ab5-8e54-110447bce5dc,2026-07-27T11:44:54,2,Hängt in letzter Zeit dauerhaft. Das scrollen ist dann erst nach neuladen der App möglich. Sehr nervig!,Google Play Store,2026-09-25T09:15:33.291431+00:00
Zalando,de.zalando.mobile,b2a063fb-4947-4a2d-aed6-5f43f64476ae,2026-07-27T10:56:58,1,"Insgesamt eine super App. Was allerdings extrem nervig und irreführend ist: Filtert man nach der eigenen Größe, wird trotzdem der günstigere Preis dsa Artikels angezeigt – obwohl dieser gar nicht der gefilterten Größe entspricht. Das führt zu Verwirrung und Enttäuschung, wenn man merkt, dass der angezeigte Preis gar nicht für die gesuchte Größe gilt",Google Play Store,2026-09-25T09:15:33.291431+00:00
Zalando,de.zalando.mobile,3d182894-2805-46d5-9e9a-00165a97a5ca,2026-07-26T16:18:40,1,"Die App stürzt permanent ab. Nach spätestens 2 Minuten fährt die automatisch runter und öffnet sich wieder. Dies wiederholt sich endlos Antwort auf meine Antwort. Ich kann dies nicht in der App machen, da es permanent abstürzt und ich garnicht so weit komme",Google Play Store,2026-09-25T09:15:33.291431+00:00
Zalando,de.zalando.mobile,b9cb1462-a8a3-467d-bbef-d9caabefc4bb,2026-07-26T03:40:37,5,"Super Angebote, schnelle Lieferung und top Qualität... Einfach nur empfehlenswert!",Google Play Store,2026-09-25T09:15:33.291431+00:00
Zalando,de.zalando.mobile,6bbe1f73-ec7e-4894-a6bf-5eca1f478868,2026-07-25T17:00:11,5,😃,Google Play Store,2026-09-25T09:15:33.291431+00:00
Zalando,de.zalando.mobile,e9261241-2cad-468d-92a3-abe5125718ad,2026-07-25T05:00:59,1,"Kein Kontakt mehr möglich, ich liebe eigentlich zalando bestelle auch sehr sehr oft. Aber leider wollte ich was reklamieren. Ein Kosmetik Artikel der bei der Ankunft kaputt war. Es gibt kein Kontakt link wo man drauf drücken kann. Oder eine Bestellung sich aussuchen kann. Man kann nicht ganz nach unten scrollen. Bitte behebt das.",Google Play Store,2026-09-25T09:15:33.291431+00:00
Zalando,de.zalando.mobile,7e9bd804-3080-40fd-a35c-d9f0b9ab7b3e,2026-07-23T19:55:38,1,extrem schlechter Kundenservice,Google Play Store,2026-09-25T09:15:33.291431+00:00
Zalando,de.zalando.mobile,31c3f51a-7a92-4556-bad1-12576dcbe25a,2026-07-22T03:58:49,1,"Einer der schlechtesten Kundenservice den ich je erlebt habe. Habe mein Paket nicht erhalten, Habe alle Schritte und Daten eingereicht wo man machen musste. bis heute mein Geld nicht zurück und es wird fleißig abgebucht und ignoriert. Kann ich absolut nicht empfehlen und bin so derbe enttäuscht. überlegt euch gut ob ihr hier bestellt, wenn es Probleme gibt kann es zum Nachteil für euch ausgehen.",Google Play Store,2026-09-25T09:15:33.291431+00:00
Zalando,de.zalando.mobile,44245125-b735-4d75-8aa4-242f9414d61b,2026-07-21T04:58:31,5,Top App,Google Play Store,2026-09-25T09:15:33.291431+00:00
Zalando,de.zalando.mobile,7a9b7c6b-560b-4de9-8c0a-642f02a351a0,2026-07-20T15:44:53,5,"Immer alles top, kann mich nicht beschweren?",Google Play Store,2026-09-25T09:15:33.291431+00:00
Zalando,de.zalando.mobile,814a92d2-9999-4fa9-939c-f3b02c850b12,2026-07-19T17:41:47,5,"bester Shop super Rabatte hab sehr viele Shop Apps aber Zalando ist für mich als Stammkunde die beste Shopping App ! danke an euch, auf viele weitere Jahre 🍀👍",Google Play Store,2026-09-25T09:15:33.291431+00:00
Zalando,de.zalando.mobile,67efc4e4-9a25-43be-95df-0073b8d80db3,2026-07-17T01:45:43,1,Die App hat immer noch keinen Dark-Mode,Google Play Store,2026-09-25T09:15:33.291431+00:00
Zalando,de.zalando.mobile,36f46851-c7d5-43f7-8570-77fdcfba754d,2026-07-16T11:45:51,1,Kann mich seit Wochen nicht einloggen,Google Play Store,2026-09-25T09:15:33.291431+00:00
Zalando,de.zalando.mobile,77416a29-ca5c-4a0d-b68d-8b0786af4ad3,2026-07-16T09:40:33,2,okay,Google Play Store,2026-09-25T09:15:33.291431+00:00
Zalando,de.zalando.mobile,7a99f9d9-e3a5-40a5-9601-7ea4a1db484d,2026-07-15T12:39:10,5,"Absolut tolle App, verstehe die ganzen negativen Kommentare nicht. Die App funktioniert tadellos und sogar die Bezahlvariante Vorkasse/Überweisung wird angeboten👍 nur zum Empfehlen !",Google Play Store,2026-09-25T09:15:33.291431+00:00
Zalando,de.zalando.mobile,eb897292-d842-44d3-8f27-90f9aa4fe2b0,2026-07-13T19:39:43,5,"sehr schöne App, kann ich nur weiterempfehlen",Google Play Store,2026-09-25T09:15:33.291431+00:00
Zalando,de.zalando.mobile,35cbc94b-acc6-4c1f-913f-7af19e9bd079,2026-07-13T10:00:50,1,"Die Startseite ist echt grauenvoll. Ständig wird nur Blödsinn eingeblendet, man findet nichts und stöbern klappt dann auch nicht. Überladen mit gesponserten Angaben und die gesuchten Kleidungsstücke gehen in den ganzen Trend- und Modelbildern unter. Nur brauchbar, wenn man genau weiß was man sucht.",Google Play Store,2026-09-25T09:15:33.291431+00:00
Zalando,de.zalando.mobile,efa529cc-f95a-477c-9c25-70ff06e224be,2026-07-12T14:21:39,2,"Extremely annoying when scrolling, locked and sometimes you have just the small gap between the two products to scroll down before it pushes into the one product you didn't want. And extremely frustrating while you set a filter and scroll, meaning you must set all the filters back on because you are blocked in a white screen if you didn't extra carefully scrolled through your search. Unbelievable how hard can be to make a decent app this days, and i don't even have a very old smartphone either.",Google Play Store,2026-09-25T09:15:33.291431+00:00
Zalando,de.zalando.mobile,a7fb94b7-1f27-4fb9-ac72-7f3110d7ebb0,2026-07-12T08:53:59,5,Danke,Google Play Store,2026-09-25T09:15:33.291431+00:00
Zalando,de.zalando.mobile,b806195b-ab14-486c-98c7-98fae9c89f06,2026-07-11T19:00:59,5,alles top 👍,Google Play Store,2026-09-25T09:15:33.291431+00:00
Zalando,de.zalando.mobile,5c331977-2b8a-45bc-81bd-60e9074a0e5d,2026-07-10T10:31:16,1,"Ihr verkauft nicht mal Wilson Basketbälle, armer Verein.",Google Play Store,2026-09-25T09:15:33.291431+00:00
Zalando,de.zalando.mobile,af2b1863-364b-418f-aa55-01c109041eaf,2026-07-09T13:20:44,3,"Ich fände es nett und auch sinnvoll, wenn es einen vegan Filter gäbe oder man das irgendwie in seinem Profil angeben könnte um auch wirklich nur relevante Optionen angezeigt zu bekommen. Natürlich kann man das umständlich durch das Exkludieren von Materialien zum Teil schon machen aber über den verwendeten Kleber bei Schuhen sagt das ja auch nichts aus. Außerdem bekommt man als ähnliche Artikel trotzdem tierische Produkte vorgeschlagen.",Google Play Store,2026-09-25T09:15:33.291431+00:00
Zalando,de.zalando.mobile,962f9873-5265-4e4f-b2ac-def2cb5f0dc3,2026-07-09T10:39:32,5,zufrieden,Google Play Store,2026-09-25T09:15:33.291431+00:00
Zalando,de.zalando.mobile,eb86f60d-3661-4caf-8ae2-6584fdff75af,2026-07-08T17:25:23,2,"app grundsätzlich gut. war lange zufriedener kunde. geschäftsmodell aber inzwischen offenbar zweifelhaft. ich habe einen Artikel zurückgeschickt, da sich das logo bereits ungetragen abgelöst hat. dann bekam ich eine mail, dass ich eine fälschung zurückgeschickt hätte. keine Reaktion auf meine antwort/reaktion. dafür druck, ich müsse sofort den offenen Betrag überweisen. echt schwach. lausiger service. ich geh jetzt wo anders shoppen, wo ich nicht verarsc** werde.",Google Play Store,2026-09-25T09:15:33.291431+00:00
Zalando,de.zalando.mobile,0fcbe7a2-a505-4ee6-a5bb-304bece376b4,2026-07-07T20:44:36,1,"Leider kann ich die Zalando App als auch Zalando nicht empfehlen. Ich hatte bereits zwei Mal Kontakt, weil ein Artikel angeblich nicht angekommen ist. Obwohl ich die Sendungsnummer gesendet habe und das Paket angekommen ist, habe ich bis heute keine Rückzahlung erhalten - auch nach erneutem Kontakt nicht. Der Service ist sehr sehr schlecht. Heute kam die Krönung - ich hätte einen Artikel nicht im Originalzustand zurückgesendet. Dies würde ich niemals tun und finde es unverschämt.",Google Play Store,2026-09-25T09:15:33.291431+00:00
Zalando,de.zalando.mobile,856d5402-1086-4107-8ab3-a0c8aaaea67c,2026-07-06T21:11:29,1,"Einloggen geht nicht. Schön, wie ich mich auf der Seite einloggen kann, aber auf der App nicht.",Google Play Store,2026-09-25T09:15:33.291431+00:00
Zalando,de.zalando.mobile,49bbfc43-750c-4350-be17-f21a05752acc,2026-07-06T20:10:22,2,hat ständig Fehler,Google Play Store,2026-09-25T09:15:33.291431+00:00
Zalando,de.zalando.mobile,eb9772b4-81d2-4e46-9cdf-470e7acb0722,2026-07-06T15:45:29,1,ich werde zu dieser bewertung durch ein pop up genötigt,Google Play Store,2026-09-25T09:15:33.291431+00:00
Zalando,de.zalando.mobile,2a824b11-470c-4056-8b36-47b86dd4fcbb,2026-07-06T08:29:20,2,"Wenn man was von der Wunschliste öffnet, ein herzlich machr und zurück geht landet man ganz oben bei der Liste und muss wieder lange nach unten scrollen. Preise werden kundenspezifisch gestaltet. In der App kostet ein Schuh bspw. 130, über die Google Suche für 98. Die Preise schwanken über die Zeit sehr stark. Wenn ich Abends ein Produkt auf meine Wunschliste setze ist er teils plötzlich am nächsten Tag viel teurer. ""ab"" Preise nerven extrem. Funktional finde ich die App teils gut.",Google Play Store,2026-09-25T09:15:33.291431+00:00
Zalando,de.zalando.mobile,679307bf-8472-4f22-80eb-b6ee3f1a5d4f,2026-07-05T18:33:20,5,immer zufrieden,Google Play Store,2026-09-25T09:15:33.291431+00:00
Zalando,de.zalando.mobile,2be8ed46-bec7-460e-b185-713449b75c87,2026-07-05T12:12:32,1,"Ausloggen nicht vorgesehen. Eine App, die eine solche Funktion nicht vorsieht, bekommt grundsätzlich keine gute Bewertung. Dort werde ich wegen eines solch inakzeptablen Konzepts auch nichts kaufen.",Google Play Store,2026-09-25T09:15:33.291431+00:00
Zalando,de.zalando.mobile,6cd9d49b-5a67-404c-b8b7-50e59d58f044,2026-07-05T05:44:35,2,"Egal welche Paketstations Nummer ich eintippe, die App akzeptiert keine einzige. Es ist schon klar, dass das beim Adressen hinzufügen gemeint ist...... und vergesst nicht, niemand mag Hermes. Edith: meine Partnerin hat keine DARK Mode Funktion aber ich schon.... wie sieht die Erklärung hierfür aus? 🤦🏼‍♂️",Google Play Store,2026-09-25T09:15:33.291431+00:00
Zalando,de.zalando.mobile,11cba7dd-ef32-4b6b-bce0-9d0f191544ba,2026-07-04T16:06:36,5,hätte gerne das kleid in größe 50,Google Play Store,2026-09-25T09:15:33.291431+00:00
Zalando,de.zalando.mobile,9c0ba8fb-0d0f-45e4-aa3e-db62d08ac860,2026-07-03T15:32:43,5,"Tolles Kleid, sitzt sehr gut",Google Play Store,2026-09-25T09:15:33.291431+00:00
Zalando,de.zalando.mobile,fa1a5b28-8df9-4c2b-aa10-26135532cbff,2026-07-02T12:21:43,5,"einfach, praktisch und Kundenfreundlich",Google Play Store,2026-09-25T09:15:33.291431+00:00
Zalando,de.zalando.mobile,08770a66-3932-4c61-87eb-fd66d5894263,2026-07-02T05:43:30,1,"Nach 10 Jahren regelmässigen Bestellungen durch Zalando, jetzt plötzlich von Gott weiss welches Grund (ich habe keine schulden!) ich kann nicht mehr auf Rechnung bestellen. Kundendienst sagte ""System macht das automatisch, ich kann nicht machen"" Danke vielmals Zalando, sie haben 1 Kunde weniger. APP deinstaliert.",Google Play Store,2026-09-25T09:15:33.291431+00:00
Zalando,de.zalando.mobile,109bf855-3231-4695-95b3-44eae39c4f9f,2026-07-01T19:12:54,1,Unübersichtlich und ständig nervende Mitteilungen,Google Play Store,2026-09-25T09:15:33.291431+00:00
Zalando,de.zalando.mobile,12e24280-0474-4aac-82b1-619f1c761dd7,2026-07-01T18:39:13,1,Ich kann nur noch mit Kreditkarte bezahlen. Ich habe meine Rechnungen immer sofort beglichen oder mit Paypal im Vorfeld bezahlt. Ohne PayPal ist Zalando für mich nicht mehr seriös. Kundenservice hat mir mitgeteilt das sie nicht einsehen können warum aber Paypal nach 12 Jahren und tausenden von Euro für mich gesperrt wurde. Hab immer alles im Vorfeld bezahlt und jetzt soetwas :),Google Play Store,2026-09-25T09:15:33.291431+00:00
Zalando,de.zalando.mobile,b5d4fbce-2c17-43f3-bb29-a69a207a5f83,2026-07-01T10:14:42,3,"Feedback geht leider nur hier: ich suche Trainingsschuhe, angezeigt bekomme ich Badelatschen, Wildleder Sneaker und Sonstiges. Hat ein Artikel mehrere Farben die man ansehen möchte, 'springt' die zuletzt geschaute Farbe immer an den Anfang der Auswahlliste, so dass man nicht mehr weiß was man schon angesehen hat, und was nicht. Völlig sinnlos! Denn bei großer Auswahl werden die letzten (noch nicht angesehenen) Farben obendrein ausgeblendet. Bitte macht das wieder rückgängig, das nervt total.",Google Play Store,2026-09-25T09:15:33.291431+00:00
Zalando,de.zalando.mobile,817f2493-b670-433d-a618-a3ef6a2ab47f,2026-06-30T05:21:52,1,Schlecht!!!!!! Gutscheine können aufeinmal nichtmehr verrechnet werden. Hotline 0 kooperativ. Nachdem das Konto gehackt wurde und gesperrt durch Zalando können Sie mir mein Guthaben darauf von 400 Euro nicht auf ein anderes Konto transferieren und muss damit Leben das 400 Euro weg sind. Zusätzlich wurden meine Mails an den Kontakt ignoriert sowie die Mail Adressen von mir dann Blockiert. Ich werde mir die Mühe machen jeder Person die ich kenn von Zalando abzuraten.,Google Play Store,2026-09-25T09:15:33.291431+00:00
Zalando,de.zalando.mobile,01696e2d-7929-43eb-9a64-7d7108813ed7,2026-06-29T19:41:19,3,"Mit der Zalando und der App bin ich grundsätzlich zufrieden. Es nervt nur, das Artikel so schlecht beschrieben sind. Leider muss man die Beschreibungen auch immer mehrfach aufklicken. Ich möchte z. B. immer das Material sehen. Die Filter funktionieren nämlich auch nicht richtig, wenn man z. B Leder eingibt, erscheint trotzdem Kunstleder. Edit Juni 2026: fehlendes Rücksendelabel und Versand mit Hermes sind für mich Showstopper.",Google Play Store,2026-09-25T09:15:33.291431+00:00
Zalando,de.zalando.mobile,a6c27ea2-5b2a-4624-b67c-b0f038fdda21,2026-06-29T18:58:26,1,"ALLES IA FAKE ,ZU TEUER , JEDESMAL PAKET GEBUHR ZAHLEN ABNORMAL AKTION USW ALLES IA FAKE",Google Play Store,2026-09-25T09:15:33.291431+00:00
Zalando,de.zalando.mobile,53e90fb3-49f0-4ade-815e-f40d9df104a8,2026-06-29T11:34:01,4,"Ich finde es gut, dass man nicht mehr auf Rechnung kaufen kann. Dadurch bestellt / behält man deutlich weniger und spart viel Geld",Google Play Store,2026-09-25T09:15:33.291431+00:00
Zalando,de.zalando.mobile,1e79f4f6-b1c9-4118-98c8-c58b5de40d60,2026-06-28T20:12:12,1,"Leider ist der Suchalgorithmus inzwischen so, dass man, sobald man einmal nach einem Pullover gesucht hat, gefühlt nur noch Pullover angezeigt bekommt. Das macht das Stöbern ziemlich eintönig und schränkt die Vielfalt der Vorschläge stark ein. Schade finde ich außerdem, dass es in der App keine Möglichkeit gibt, direkt Feedback zu geben. Deshalb eben auf diesem Weg. Ich hoffe, dass ihr den Algorithmus und die Feedback-Möglichkeiten künftig verbessert.",Google Play Store,2026-09-25T09:15:33.291431+00:00
Zalando,de.zalando.mobile,dca1382a-f02e-4578-9688-5a90cb196388,2026-06-27T07:53:31,5,unkompliziert und schnelle Lieferung. Bin sehr zufrieden mit meine wunschware und Service. L.g.Rafael,Google Play Store,2026-09-25T09:15:33.291431+00:00
Zalando,de.zalando.mobile,c900fa43-847e-4d14-b2c5-e8277b14d8bc,2026-06-26T15:33:29,1,rechnungswesen scheint auf mahnungen aus zu sein sehr benuzerunfreundlich in der CH.,Google Play Store,2026-09-25T09:15:33.291431+00:00
Zalando,de.zalando.mobile,3e4e75a0-56e8-47b6-99ad-090d9eef638f,2026-06-25T10:43:53,1,Bei Hilfe kann man nichts anklicken um ein Problem zu melden. Zalando kümmert sich um Probleme mit Hermes in der Zustellung. Das ist nicht das erste Mal aber das letzte Mal. Vielen Dank für nichts.,Google Play Store,2026-09-25T09:15:33.291431+00:00
Zalando,de.zalando.mobile,4e3eaaa4-c3b2-45de-a6f7-ec3ad53d87e4,2026-06-25T07:00:33,3,"Habe Internet, richtig gutes mit Glasfaser. Die App lädt trotzdem keine Sachen wenn ich drauf klicke. Hab ein Pixel 9 mit neuestem System - Update.",Google Play Store,2026-09-25T09:15:33.291431+00:00
Zalando,de.zalando.mobile,ccf0bb8d-981d-484f-a245-9d01aa12df8f,2026-06-23T19:26:27,1,"Seit wann auch immer es dieses UpDate gibt, mein Gott ich muss ständig suchen wie ich Sportklamotten finde. Warum in aller Welt habt ihr nur nach ""the most clicked buttons"" sortiert? wie unpraktisch!",Google Play Store,2026-09-25T09:15:33.291431+00:00
Zalando,de.zalando.mobile,1a0c3e61-7a5b-4668-9338-37768a6b7cd1,2026-06-22T18:21:06,1,Выдает в рекламе скидку на определенные артикли 20%. Когда ввожу промокод - говорит что он для кого-то другого. В чем логика?!,Google Play Store,2026-09-25T09:15:33.291431+00:00
Zalando,de.zalando.mobile,4a00a42b-85ed-4f6f-bcb7-2e71c5eaff61,2026-06-22T09:58:13,1,mieser Service .,Google Play Store,2026-09-25T09:15:33.291431+00:00
Zalando,de.zalando.mobile,a6761bab-258a-452b-98bf-89b4eb0790e2,2026-06-21T09:25:07,3,seit dem letzten Update funktioniert eine Rücksendung nicht mehr. es wird weder eine getätigte Bestellung angezeigt noch die bereits im Konto auf anderem Gerät angelegte Rücksendung,Google Play Store,2026-09-25T09:15:33.291431+00:00
Zalando,de.zalando.mobile,005d3578-9275-4523-80bf-ab47a044b5bc,2026-06-20T11:29:26,5,Es gibt alles was man will aber bestellt habe ich noch nichts gebe aber trotzdem 5 sterne,Google Play Store,2026-09-25T09:15:33.291431+00:00
Zalando,de.zalando.mobile,12b1a031-599b-4148-aa61-135dbb245f2d,2026-06-20T09:50:41,1,"Zalando sperrt einfach Premium Kunden mit Superstarstatus🤣🤣🤣 dann lieber Breuninger oder Octobre 👋🥲. Nachtrag 20.06.2026: Z. hat augenscheinlich schnell auf den Post reagiert, seitdem nichts passiert. Gestern zusätzlich Vorstandsbeschwerde eingereicht.",Google Play Store,2026-09-25T09:15:33.291431+00:00
Zalando,de.zalando.mobile,eec39851-e360-4bb2-bea7-6ad0f9b3e457,2026-06-19T12:50:23,3,"Zum KAUFEN funktioniert die App sehr gut. Aber wenn man bezahlen möchte und nicht mehr weiß ob man das bereits getan hat, wuselt man in der Anzeige rum und findet nichts zum Bezahlvorgang. Da ist du OTTO-APP 1000mal besser. Liebe Zalando-Leute, bringt doch da mal Erleichterung in der Übersicht in Punkto Kundenkonto rein!!",Google Play Store,2026-09-25T09:15:33.291431+00:00
Zalando,de.zalando.mobile,e8b71d7f-b1eb-4c77-8bca-ab0d2e387e1b,2026-06-19T11:13:41,1,"Wie kann es sein, dass wenn ich mich als Jahre langer Kunde in der App anmelde meine Wunschliste und bisherigen Bestellungen weg sind und als Land Österreich hinterlegt ist?! Wenn ich mich mit der selben Email Adresse im Webbrowser anmelden sind alle Daten etc hinterlegt....",Google Play Store,2026-09-25T09:15:33.291431+00:00
Zalando,de.zalando.mobile,7de7bcf9-9152-4cf4-8f34-ba943995796d,2026-06-19T08:45:56,5,"Immer wieder Toll, Zalando!",Google Play Store,2026-09-25T09:15:33.291431+00:00
Zalando,de.zalando.mobile,bed24835-f325-4ad2-8360-3d3f9b46b3b9,2026-06-18T14:06:33,1,"Egal wie oft ich bei random Fußball-Werbung angebe, dass es mich nicht interessiert und ich es nicht sehen will kriege ich fröhlich mehr davon auf der Startseite angezeigt. Ich schwöre: noch eine weitere und ich deinstallier die App und lösch meinen Account",Google Play Store,2026-09-25T09:15:33.291431+00:00
Zalando,de.zalando.mobile,d031c75b-ae7d-426a-ba01-d3261e0be0b5,2026-06-18T07:42:31,3,leider kann man keine 2oder 3 verschiedene Wunschzettel erstellen...zb für sich und Partner oder kinder getrennt...wenn ausgewählte Größe nicht mehr da ist sollte das auch angezeigt werden in der Wunschliste,Google Play Store,2026-09-25T09:15:33.291431+00:00
Zalando,de.zalando.mobile,c5c4920f-1c8f-4247-9d06-3a3aa9184859,2026-06-18T07:04:36,1,"Zalando-App: Paket nicht zugestellt, Rückerstattung erfolge automatisch. Nach Wochen kein Zahlungseingang. Der Support verlangt trotzdem einen Rücksendebeleg, obwohl ich das Paket nie erhalten und daher nie retourniert habe. Jede Antwort kommt von jemand anderem, der bisherige Verlauf wird offenbar nicht gelesen. Ich muss alles wiederholt erklären. Nach Monaten gibt es noch immer keine Lösung. Sehr mühsam, enttäuschend und aus Kundensicht völlig unnötig kompliziert.",Google Play Store,2026-09-25T09:15:33.291431+00:00
Zalando,de.zalando.mobile,a972f37e-dd99-4836-91ae-acfb940aafc1,2026-06-15T19:19:17,5,App verbuggt,Google Play Store,2026-09-25T09:15:33.291431+00:00
Zalando,de.zalando.mobile,20bfa531-c084-4aae-be0d-0df1cee4f544,2026-06-14T18:46:20,1,"App friert alle paar Sekunden ein, damit ist sie nicht nutzbar",Google Play Store,2026-09-25T09:15:33.291431+00:00
Zalando,de.zalando.mobile,bf49f4ba-3eac-4028-a9ab-bcee6685b18b,2026-06-14T17:27:04,5,Zalando ist klasse!👏👏👏,Google Play Store,2026-09-25T09:15:33.291431+00:00
Zalando,de.zalando.mobile,638d2a2a-c5ac-4638-9b86-6ea81b64542c,2026-06-14T11:19:52,1,Der Support ist eine Katastrophe,Google Play Store,2026-09-25T09:15:33.291431+00:00
Zalando,de.zalando.mobile,0560f7c6-41f2-41c0-87bd-ba252f049a82,2026-06-14T07:49:01,5,"schnelle Lieferung, tolle Bestelloption, super Wäre👍",Google Play Store,2026-09-25T09:15:33.291431+00:00
Zalando,de.zalando.mobile,245ee2af-ce42-41eb-a107-299872412eac,2026-06-13T17:40:01,5,top,Google Play Store,2026-09-25T09:15:33.291431+00:00
Zalando,de.zalando.mobile,b80f620a-a4c1-4f21-805d-0784d4d48668,2026-06-12T19:55:44,1,ausgeloggt plötzlich und einloggen nicht mehr möglich. Nicht gut,Google Play Store,2026-09-25T09:15:33.291431+00:00
Zalando,de.zalando.mobile,c99377c6-bdb7-42f3-8415-e468a7ab17e9,2026-06-11T18:24:23,1,Keine Filtermöglichkeiten in der App,Google Play Store,2026-09-25T09:15:33.291431+00:00
Zalando,de.zalando.mobile,8e6beef2-4be3-448b-94a4-2822d50347f6,2026-06-11T10:52:16,4,sehr tolle App und hat regelmäßig Rabatte. mir fehlt noch die Rezensionen bei den Artikeln,Google Play Store,2026-09-25T09:15:33.291431+00:00
Zalando,de.zalando.mobile,cb10a9e8-80fa-4d6b-9c0d-032d7926bf14,2026-06-10T03:09:16,5,❤️,Google Play Store,2026-09-25T09:15:33.291431+00:00
Zalando,de.zalando.mobile,5076c5b2-6010-4369-aa9d-99fb449e16d1,2026-06-08T17:15:09,5,Ich bedanke Ihnen für Ihre Bemühungen gut 👍 arbeiten,Google Play Store,2026-09-25T09:15:33.291431+00:00
Zalando,de.zalando.mobile,2288c967-6309-477b-ba25-5bae30774018,2026-06-07T20:52:16,5,"ich liebe Zalando, von Anfang an 👌👌👌👌👌👌👌👌💯💯💯💯",Google Play Store,2026-09-25T09:15:33.291431+00:00
Zalando,de.zalando.mobile,f1679b6b-3df2-46a0-b00e-c1b5353fefcc,2026-06-07T08:55:44,5,schnell und unkompliziert beim Bestellen,Google Play Store,2026-09-25T09:15:33.291431+00:00
Zalando,de.zalando.mobile,f7cf260b-0ed1-4b86-83fc-5e9e993c7274,2026-06-06T20:44:03,4,"Ich nutze die App schon lange und bin sehr zufrieden. Allerdings ist es nach dem letzten Update so, dass man die Bekleidung nur noch nach Kategorien ansehen kann und nicht wie vorher einfach 'Alles anzeigen' auswählen kann. Das finde ich sehr, sehr einschränkend.",Google Play Store,2026-09-25T09:15:33.291431+00:00
Zalando,de.zalando.mobile,eb15f92d-d32e-4010-bf67-0fe1fcb6a340,2026-06-06T09:16:36,1,Die App funktioniert nicht mehr richtig. Man kann nicht mehr scrollen.,Google Play Store,2026-09-25T09:15:33.291431+00:00
Zalando,de.zalando.mobile,4817cd11-aeee-4a2a-bc66-0fe0963d6fbc,2026-06-06T02:52:08,5,Gut,Google Play Store,2026-09-25T09:15:33.291431+00:00
Zalando,de.zalando.mobile,87a8dd2a-0058-4237-91a9-055112b9e23a,2026-06-05T17:00:12,5,gut,Google Play Store,2026-09-25T09:15:33.291431+00:00
Zalando,de.zalando.mobile,4a3df290-3049-469e-9a6f-4c2cdcfd46f4,2026-06-05T13:28:27,1,"Sehr zufrieden! Bis jetzt noch nie Probleme! Selbst bei ware mit Mängeln nie Probleme gegeben ...entweder fairer Rabatt auf den Artikel bekommen oder getauscht gegen neuen . Top ! Mein Shop nr1 seid längerer Zeit schon !!! App auch 5 Sterne funktioniert alles ! edit : nach weit über 10 Jahren treuer kunde , der jeden Monat etliche euros bei euch gelassen hat ! Jeden Monat!!!!! Kann ich seit dem 01.06 nur noch mit Kreditkarte zahlen .was soll das ? jede meiner Rechnungen wurde immer beglichen!",Google Play Store,2026-09-25T09:15:33.291431+00:00
Zalando,de.zalando.mobile,89aaafb4-7be2-48f3-9a92-a8b76b4ddf47,2026-06-05T10:52:38,5,Ich finde Zalando einfach TOP,Google Play Store,2026-09-25T09:15:33.291431+00:00
Zalando,de.zalando.mobile,a23fff42-0e4b-4aa2-80f6-ee5f2ba9c6d3,2026-06-05T10:20:45,5,1A+++,Google Play Store,2026-09-25T09:15:33.291431+00:00
Zalando,de.zalando.mobile,dbeddac8-ed74-4249-b6c3-f50472a83245,2026-06-03T11:31:44,1,"App funktioniert bei mir nicht mehr richtig. Wenn ich durch Suchergebnisse scrolle, merke ich, wie die App immer weniger responsive wird, um so mehr ich nach unten scrolle, bis sie irgendwann nicht mehr reagiert. So kann man leider nicht einkaufen.",Google Play Store,2026-09-25T09:15:33.291431+00:00
Zalando,de.zalando.mobile,e3967102-376e-4b0b-b674-c7a7ff405c3e,2026-06-02T21:23:21,1,"Früher war bei zalando der Service mal Spitze - inzwischen unter aller Kanone! Keine Rückmeldungen, selbst nach 3 Wochen und Nachfragen, ständige Irrläufer, keinerlei Feedback. Dann wieder lieber bei der Konkurrenz 👍🏼 Zu Ihrer Antwort: Das habe ich mehrfach getan - ohne Reaktion.",Google Play Store,2026-09-25T09:15:33.291431+00:00
Zalando,de.zalando.mobile,38aaf664-a6b2-4260-9286-8adf51ef37d4,2026-06-01T18:41:13,1,ich will kein Dashboard ich will einfach nur meine Favoriten sehen!,Google Play Store,2026-09-25T09:15:33.291431+00:00
Zalando,de.zalando.mobile,40f52906-d30c-447f-8b26-352d4512c8c4,2026-06-01T18:01:23,5,Ich bin sehr zufrieden. Schnelle Lieferung und unkomplizierte Retouren plus Rückerstattung.,Google Play Store,2026-09-25T09:15:33.291431+00:00
Zalando,de.zalando.mobile,a48ecb98-15f8-49c7-b1ab-fe6ed511f46d,2026-05-31T19:01:30,5,"ICH LIEBE ZALANDO! Toller Service, klasse Mode, die ganze App perfekt strukturiert und aufgebaut. kundenservice auch Ideal. eure shoppingqueen 😊",Google Play Store,2026-09-25T09:15:33.291431+00:00
Zalando,de.zalando.mobile,4c46d635-99b7-4607-8339-7f831523b39c,2026-05-31T13:29:38,1,Die App spinnt seit einigen Wochen/Monaten. Beim durchscrollen von Artikeln nach einer Suchanfrage bleibt die App immer nach kurzer Zeit hängen und reagiert nicht mehr außer man geht zurück. Das verhindert stöbern nach dem richtigen Artikel komplett und macht die App somit komplett irrelevant. Leider wurde bislang nichts daran gefixt.,Google Play Store,2026-09-25T09:15:33.291431+00:00
Zalando,de.zalando.mobile,28af7f6d-89aa-4a99-895a-2e56e334fa13,2026-05-31T07:17:30,4,also ist eine super app zum bestellen aber hat es halt sie sachen die ich will nicht aber sonst wirklich gute app zum beatellen würde ich emfehlen,Google Play Store,2026-09-25T09:15:33.291431+00:00
Zalando,de.zalando.mobile,43f09118-10a7-48b0-bc47-61589df93c68,2026-05-30T12:07:09,5,Sehr gut.,Google Play Store,2026-09-25T09:15:33.291431+00:00
Zalando,de.zalando.mobile,6cbd5c58-48e5-414f-b664-0174c4614841,2026-05-29T16:45:45,1,2700 Leutw entlassen am Standort Erfurt geht nicht. Dafür wird die App deinstalliert.,Google Play Store,2026-09-25T09:15:33.291431+00:00
Zalando,de.zalando.mobile,b347a7f4-3621-4012-a2d0-bceb357d564c,2026-05-29T14:37:09,2,Leider kann ich mich nicht mehr einloggen. In die Wunschliste komme ich schon ewig nicht mehr. Habe Deinstalliert usw. Es geht nichts mehr. Schade,Google Play Store,2026-09-25T09:15:33.291431+00:00
Zalando,de.zalando.mobile,0c05400e-a5ab-47f6-b47a-4bbb56c062bf,2026-05-28T13:13:54,5,"habe schon einige , Schnäppchen, bei zalando gemacht. toll!!!",Google Play Store,2026-09-25T09:15:33.291431+00:00
Zalando,de.zalando.mobile,4f15e18e-2c67-46a5-afe4-573384c49db7,2026-05-26T23:57:24,5,"Erstklassige Auswahl❤️, aber um auf dem Riesenmarkt mihalten zu können, braucht es konstantere Rabattierungen und Angebotszeiträume im Wechsel, das wäre wundervoll! Ansonsten bin ich bei der schieren Auswahl hellauf begeistert! lg",Google Play Store,2026-09-25T09:15:33.291431+00:00
Zalando,de.zalando.mobile,5d516c99-2dae-4e9e-bb3d-77790593d2ef,2026-05-25T16:01:13,5,gute sale angebote,Google Play Store,2026-09-25T09:15:33.291431+00:00
Zalando,de.zalando.mobile,4ab655cd-fc77-48d1-8a12-0e04eb1612a1,2026-05-25T11:10:18,1,die App hängt sich ständig auf. da hilft dann nur Neustart. sehr ärgerlich wenn man Grade in der Suche nach etwas ist. fliegt wieder runter. 2026 braucht so einen müll kein Mensch mehr,Google Play Store,2026-09-25T09:15:33.291431+00:00
Zalando,de.zalando.mobile,e9a0a8f6-c76f-4b97-9072-da98243d907d,2026-05-24T05:40:03,5,Sehr gut App,Google Play Store,2026-09-25T09:15:33.291431+00:00
Zalando,de.zalando.mobile,bac4bc7e-c5d2-4de0-a5fe-085a8dfc8083,2026-05-23T16:46:49,1,why is the apl only in Croatian??? there are foreigners living in Croatia ...,Google Play Store,2026-09-25T09:15:33.291431+00:00
Zalando,de.zalando.mobile,dc7d67ed-d4b3-43ba-9d54-bf5e6f4505b8,2026-05-19T15:21:58,5,noch nichts eingekauft 😄,Google Play Store,2026-09-25T09:15:33.291431+00:00
Zalando,de.zalando.mobile,7618e5cf-05f0-4af8-ad52-36391aee2c38,2026-05-19T08:32:24,5,Super Auswahl Super Lieferbedingungen Super Preis-Optionen Eine vorzügliche Bestellplattform,Google Play Store,2026-09-25T09:15:33.291431+00:00
Zalando,de.zalando.mobile,12909128-ce53-4841-9f6d-ac8687254cb9,2026-05-18T11:13:23,4,Super,Google Play Store,2026-09-25T09:15:33.291431+00:00
Zalando,de.zalando.mobile,ebb27a5f-6bf5-434e-9f92-cb16a83adf50,2026-05-18T09:28:20,5,Bin sehr zufrieden,Google Play Store,2026-09-25T09:15:33.291431+00:00
Zalando,de.zalando.mobile,9717159a-668e-4fd4-8320-2b14a6941657,2026-05-17T16:18:28,5,Große Auswahl und gute Preise,Google Play Store,2026-09-25T09:15:33.291431+00:00
Zalando,de.zalando.mobile,a2f9b739-c55d-4993-bb0d-faa074fdb54c,2026-05-17T07:10:26,2,"Gift-card refunds are extremely non-transparent. Returned money is silently re-added without a visible transaction history, refund confirmation, or balance change log. Users have to manually guess whether refunds were processed correctly. This should be basic accounting transparency.",Google Play Store,2026-09-25T09:15:33.291431+00:00
Zalando,de.zalando.mobile,62ac7d1a-414f-416d-8d9c-8dc05f968db7,2026-05-14T16:54:23,1,"Meine Bestellung wurde ohne mir bekannten Grund nie an mich geliefert und wurde wieder zurück gesendet, eine erneute Bestellung geht nicht da die Größe der Produkte nicht mehr verfügbar ist. Und es gibt keine Möglichkeit des direkten Kontaktes mit Zalando übers App mehr. Da geht man lieber echt zu anderen Online-Anbietern",Google Play Store,2026-09-25T09:15:33.291431+00:00
Zalando,de.zalando.mobile,a2a45c6b-b189-4227-9bdd-94bf40282953,2026-05-13T20:08:31,5,"Tolles App 👍🏽 alle Marken sind vorhanden! 😃 die Bezahlung ist auch sehr einfach, per Nachnahme. finde ich super! 👍🏽👍🏽👍🏽",Google Play Store,2026-09-25T09:15:33.291431+00:00
Zalando,de.zalando.mobile,eb25e427-f59c-4b43-b25d-fb705eec51c7,2026-05-13T13:15:17,3,"einige Sachen finde ich deutlicher Verbesserungswürdig in der App: Ich fänd es besser, wenn die KI genauer und besser arbeiten würde. Wenn man von einigen Marken schon Sachen hat, sollten diese weiter oben in den Suchanzeigen erscheinen. Mich stört das ständig petite Produkte oder Wide Fit Produkte angezeigt werden. Ich werde sowas nie kaufen, da ich weder kleiner werde noch weitere Füsse bekomme. Das Anzeigen dieser Produkte sollte man ausschalten können, für dauerhaft. Kindersachen ebenso.",Google Play Store,2026-09-25T09:15:33.291431+00:00
Zalando,de.zalando.mobile,19e99668-1cac-4d78-939b-1aeeca26b0fb,2026-05-10T09:00:15,5,zalando ist wirklich sehr zuverlässig. zalando überzeugt außerdem mit sehr günstigen Preisen verglichen mit andere online Shops bei mindestens gleicher Qualität. Ich bestelle jetzt seit über 5 Jahren regelmäßig bei diesem Händler und es ist nie irgend ein Problem aufgetreten. ich kann es nur empfehle.,Google Play Store,2026-09-25T09:15:33.291431+00:00
Zalando,de.zalando.mobile,7f2f2842-584e-454f-943c-389e6ba7b693,2026-05-10T04:07:30,1,Filter in der Favoritenliste hinzufügen bitte,Google Play Store,2026-09-25T09:15:33.291431+00:00
Zalando,de.zalando.mobile,2409a947-edb7-4041-b923-4547c3c2b077,2026-05-08T17:00:04,3,"ich mag Zalando sehr, nur die App lädt die Bilder der Artikel nicht trotz 250mbits Leitung. bitte behebt das.",Google Play Store,2026-09-25T09:15:33.291431+00:00
Zalando,de.zalando.mobile,15fb5d0a-d380-4d9d-a952-161505c55df4,2026-05-08T10:29:52,1,Keine Möglichkeit Produkte zu bewerten. auch viele Produkte vorhanden die nach nur 1 Jahr kaputt sind,Google Play Store,2026-09-25T09:15:33.291431+00:00
Zalando,de.zalando.mobile,adffd6d1-6383-47a7-8320-d12606590cde,2026-05-07T20:36:52,1,stirbt momentan immer ab und ich kann daher nicht auf den Rücksende QR Code zugreifen,Google Play Store,2026-09-25T09:15:33.291431+00:00
Zalando,de.zalando.mobile,c7ab7f8b-21bd-4074-930c-4b3fbe063507,2026-05-07T10:56:03,5,super toll wow,Google Play Store,2026-09-25T09:15:33.291431+00:00
Zalando,de.zalando.mobile,b72ef0b5-e878-4161-8ce1-91ff0c8f1f88,2026-05-06T10:58:37,5,zufrieden,Google Play Store,2026-09-25T09:15:33.291431+00:00
Zalando,de.zalando.mobile,4eb12b68-5307-4eb5-b9c2-52831e34177b,2026-05-05T20:27:22,1,"App lässt sich momentan nicht öffnen, selbst nach Reinstallation.",Google Play Store,2026-09-25T09:15:33.291431+00:00
Zalando,de.zalando.mobile,8eae7ddc-4264-4a9a-9d5f-846e8d74e5c1,2026-05-05T07:44:18,3,Ich kann die App nicht aktualisieren. Die Installation bricht immer wieder ab. // Die Installation hat jetzt geklappt aber die Suche in der App funktioniert nicht mehr.,Google Play Store,2026-09-25T09:15:33.291431+00:00
Zalando,de.zalando.mobile,92f75450-382d-4cf3-870f-223c9de687de,2026-05-05T07:16:45,2,kann mich leider nicht mehr einloggen warum?,Google Play Store,2026-09-25T09:15:33.291431+00:00
Zalando,de.zalando.mobile,d5d3b764-d3d8-4053-9612-d45880627b11,2026-05-04T12:46:43,3,ich kann im hilfe und Kontakt Bereich nicht mehr auswählen um welches problem es sich handelt,Google Play Store,2026-09-25T09:15:33.291431+00:00
Zalando,de.zalando.mobile,760246c6-695d-4216-b49c-ea7f6069ed8f,2026-05-02T18:18:26,4,"A lot got improved. What is missing is having a feed , filter or search option too choose so i can see new from my fav brands only and to be able to filter by type of item etc but only brands im already following. Also better recognition of ""my style"" based on the brands i like and recommending new similar brands.",Google Play Store,2026-09-25T09:15:33.291431+00:00
Zalando,de.zalando.mobile,14e4453f-67ba-430e-af33-459cffef7852,2026-04-29T03:31:52,1,Darkmode wir brauchen ein Darkmode ya nijjes,Google Play Store,2026-09-25T09:15:33.291431+00:00
Zalando,de.zalando.mobile,2e536ddb-2154-4ca4-9be8-3044f6fc5b58,2026-04-28T13:44:32,1,"Mittlerweile oft laggy und buggy, von Artikeln die aus dem Warenkorb regelmäßig verschwinden, obwohl sie noch als im Warenkorb angezeigt werden, bis hin zu mehrfachen Anmeldungen und z.T. falschen Filterergenissen.",Google Play Store,2026-09-25T09:15:33.291431+00:00
Zalando,de.zalando.mobile,6b16d500-b976-479d-869b-7f85f8767eba,2026-04-28T05:02:42,2,"Leider ist die Bewertungsfunktion für nichts zu gebrauchen. Schlechte Artikel, welche nach wenigen Waschgängen unbrauchbar werden, können nich reklamiert werden um künftige Käufer:innen zu warnen. Habe bereits mehrfach offene Nähte, kaputte Reisverschlüsse etc. erhalten. Würde mir da mehr Kulanz und Transparenz von Seiten Zalando erhoffen. Ansonsten bin ich sehr zufrieden mit der App an sich aber die blinde Unterstützung solcher Fast-Fashion sollte unterbunden werden.",Google Play Store,2026-09-25T09:15:33.291431+00:00
Zalando,de.zalando.mobile,c3cbbe3b-6e14-42c5-9272-9f8fa27002b7,2026-04-27T02:36:38,1,Extrem verschlechtert! -Hermes Versand 🤢 -wegen euren Hermes Müll Probleme bei der Zustellung daswegen seit Monaten kein Kauf auf Rechnung mehr möglich -Das neue Layout der App sehr unübersichtlich vorher war tausend mal angenehmer -Produkte ewig ausverkauft oder nur in unmenschlichen Größen vorhanden -App hängt sich ewig auf beim wechseln von Bildern Es war mal so schön mit euch,Google Play Store,2026-09-25T09:15:33.291431+00:00
Zalando,de.zalando.mobile,0c8667f9-6521-4e8d-b38d-195e7a92e484,2026-04-25T13:15:56,1,scrollen funktioniert teilweise nicht..,Google Play Store,2026-09-25T09:15:33.291431+00:00
Zalando,de.zalando.mobile,f1edea72-b0a9-4c23-81d1-ef5f72fa350c,2026-04-23T04:17:24,2,"App stürzt oft ab beim Scrollen durch die Suchergebnisse. Außerdem scheinen in den Ergebnissen die Produkte doppelt und dreifach auf, sehr nervig!",Google Play Store,2026-09-25T09:15:33.291431+00:00
Zalando,de.zalando.mobile,2fc8197b-6321-4500-b5be-19a6f3e0ee54,2026-04-22T15:47:01,3,"Leider finde ich in der App meine Rechnungen nicht. Ich sehe die Bestellungen, die bestellten Produkte - aber ob noch ein Betrag offen ist oder alles bezahlt wurde ist für mich nicht ersichtlich, und das ist ärgerlich.",Google Play Store,2026-09-25T09:15:33.291431+00:00
Zalando,de.zalando.mobile,d62be218-e232-4dbe-b539-faf586bd43b4,2026-04-21T10:20:56,2,die Startseite ist neuerdings total unübersichtlich ..Da habe ich zum Glück gar keine Lust mehr auf Zalando,Google Play Store,2026-09-25T09:15:33.291431+00:00
Zalando,de.zalando.mobile,f81322b1-29c9-44f9-b509-7b35dbf50315,2026-04-20T20:25:09,2,was soll das?!!wieso ist die ganze Sprache jetzt plötzlich auf Französisch eingestellt 😕😔,Google Play Store,2026-09-25T09:15:33.291431+00:00
Zalando,de.zalando.mobile,b7540c2e-0e25-4a81-b8e5-9dfdbf3b98ec,2026-04-16T18:57:46,2,In letzter Zeit hängt sich die App sehr oft auf. Außerdem ist es sehr schwer die Kleidung zu finden die die Models tragen.,Google Play Store,2026-09-25T09:15:33.291431+00:00
Zalando,de.zalando.mobile,c7956ced-083b-4c10-9f61-546f035a2521,2026-04-15T11:29:52,3,ohne Zahlungserinnerung gleich eine Mahngebühr bekommen,Google Play Store,2026-09-25T09:15:33.291431+00:00
Zalando,de.zalando.mobile,58e53acf-1a6b-4dc1-9672-78ebc630cea0,2026-04-14T17:06:14,5,Jederzeit gerne wieder. Super Shop mit gutem Service!,Google Play Store,2026-09-25T09:15:33.291431+00:00
Zalando,de.zalando.mobile,fe61f4b0-0adf-47fb-94d6-e36e2f699896,2026-04-14T14:50:55,3,"Ihr solltet einmal eure Telefonanlage oder euer Mobilfunknetz erneuern. Jedes Mal, wenn man euch anruft, hört man euch extrem schlecht. Das ist schon seit langem so.",Google Play Store,2026-09-25T09:15:33.291431+00:00
Zalando,de.zalando.mobile,135139b6-f75a-47cb-bdb8-b46e5ebc7bf1,2026-04-14T09:20:25,1,geht nicht,Google Play Store,2026-09-25T09:15:33.291431+00:00
Zalando,de.zalando.mobile,ae8d4ea3-36bf-449a-87ee-db6cfcdfff9e,2026-04-12T20:58:48,5,top,Google Play Store,2026-09-25T09:15:33.291431+00:00
Zalando,de.zalando.mobile,fe4af917-2c28-43c4-b5be-4c8af08eed74,2026-04-12T14:45:59,5,Ich finde was ich brauche und kann mich inspirieren lassen.,Google Play Store,2026-09-25T09:15:33.291431+00:00
Zalando,de.zalando.mobile,3bead5a5-2107-426e-960a-b5d6a132b0f8,2026-04-12T13:26:58,1,"Man kann die App kaum benutzen, weil man ständig von Pop-ups belästigt wird, die mich drängen, die Benachrichtigungen wieder zu aktivieren oder was irgendeinem Board hinzuzufügen. Unerträglich aufdringlich - daher wird sie jetzt gelöscht.",Google Play Store,2026-09-25T09:15:33.291431+00:00
Zalando,de.zalando.mobile,6edc81cd-fbda-4d3d-9c2d-3536423ccf0d,2026-04-12T08:48:04,5,Bisher immer sehr gut bedient worden. Weiter so!!!!,Google Play Store,2026-09-25T09:15:33.291431+00:00
Zalando,de.zalando.mobile,a6c0d2e8-b2c5-4960-8693-7490b54d445c,2026-04-11T09:44:11,3,"App wird immer wieder beendet. Man kann in manchen Produkten die Fotos nicht durchschauen. die bleiben in der Mitte vom nächsten Foto hängen. Wenn man dann auf einzelnes Foto zum Vergrößern klickt, kommt man nicht mehr zurück und dann schmiert die App ab. sehr nervig. dann findet man das Produkt nicht mehr wieder.",Google Play Store,2026-09-25T09:15:33.291431+00:00
Zalando,de.zalando.mobile,9f9576f2-f485-46cc-bf65-540cd42f3a20,2026-04-10T07:40:36,5,immer wieder begeistert ❤️,Google Play Store,2026-09-25T09:15:33.291431+00:00
Zalando,de.zalando.mobile,e0522880-9218-4035-9d65-318a97aa5d6a,2026-04-10T07:33:04,1,Leider sehe ich in der App keine Bestellungen mehr und kann deshalb keine Retoursendung anlegen... die Dame im Chat ist zudem noch unfreundlich...,Google Play Store,2026-09-25T09:15:33.291431+00:00
Zalando,de.zalando.mobile,4db56b1b-9364-437c-a1d5-720b148bb47e,2026-04-08T14:13:33,1,Ändert die Sprache wenn man in einem anderen Land ist. Ich will aber die Sprache die ich spreche benutzen!,Google Play Store,2026-09-25T09:15:33.291431+00:00
Zalando,de.zalando.mobile,21c0527c-f35f-4add-aae0-1734f7d56752,2026-04-08T11:43:06,5,"Ich habe, mir schuhe bestellt eins zu eins wirklich leute und danke an Zalando",Google Play Store,2026-09-25T09:15:33.291431+00:00
Zalando,de.zalando.mobile,a1e74a4c-342c-4c25-956b-7b1a98a769ba,2026-04-08T02:49:12,2,"Startbildschirm ganz ganz schlimm. Lasst diesen Influencer Blödsinn. So cringe läuft kein normaler Kunde rum. Und für einige Tage hatte ich jetzt die Möglichkeit Dark Mode zu aktivieren. Ist wieder weg. Schade, war nämlich sehr angenehm so. Dass Rezensionen wieder kommen müssen ist auch seit Jahren ein Thema. Enshitification lässt grüßen.",Google Play Store,2026-09-25T09:15:33.291431+00:00
Zalando,de.zalando.mobile,3e951c6c-e607-4b32-b97c-821c190cd4e7,2026-04-07T16:12:14,3,"Bitte eine darkmode Einstellung in der app einrichten, meine Augen tun schon weh auf mein tablet display, sonst ist es eine tolle app Und immer wenn man weiterschaut, je weiter ich weitere Produkte anklicke,desto anstrengender ist es wenn man dann komplett zurück will zb auf die Startseite wieder landen will,geht nicht,ich muss dafür 1000000 seiten zurück klicken damit ich auf die Startseite wieder lande,auch beim app schließen und öffnen, bin ich immer noch dort wo ich war,",Google Play Store,2026-09-25T09:15:33.291431+00:00
Zalando,de.zalando.mobile,402cd655-893d-43ad-b343-0cd4caa68493,2026-04-06T23:02:26,2,"Die Qualität lässt leider langsam nach. Erst das Einstellen des Premium-Programms, dann Verschwinden der Produktbeschreibungen und jetzt noch die qualitativ und inhaltlich minderwertigen Videos von ""Influencern""...",Google Play Store,2026-09-25T09:15:33.291431+00:00
Zalando,de.zalando.mobile,b42e3a53-de6f-4b47-99e1-69dc6f71207d,2026-04-06T11:36:34,5,👍schnelle Lieferung heute Qualität,Google Play Store,2026-09-25T09:15:33.291431+00:00
Zalando,de.zalando.mobile,024ffbc6-f589-4953-adbc-7eb2e86f9611,2026-04-06T09:51:39,5,Zalando Ich kaufe schon lange bei Zalando ein und werde dies auch weiterhin tun.,Google Play Store,2026-09-25T09:15:33.291431+00:00
Zalando,de.zalando.mobile,08b1e574-c7ce-47fd-9de0-b79d595323be,2026-04-04T16:48:41,3,Seit einigen Tagen kann ich die Produktbilder nicht mehr scrollen.,Google Play Store,2026-09-25T09:15:33.291431+00:00
Zalando,de.zalando.mobile,90fe5d73-afb6-4b49-b0ea-6414edacd96c,2026-04-04T11:25:43,5,"Sehr pünktlich, gute Qualität! Was ich echt gut finde, sie schieben jetzt diesen ganzen ""Möchtegernkäufern"" endlich mal einen Riegel vor! Bestellen auf Teufel komm raus, alles egal-man kann es ja zurückschicken... Ganz miese Einstellung!!! ich musste noch nie etwas zurückschicken. Selbst wenn, kann doch passieren, aber ich stehe bei diesem hochangesehenem Unternehmen sicher auf keiner ""schwarzen Liste""! Vielen Dank und Wertschätzung für dieses tolle Team!!! Oliver Suitner aus Tirol",Google Play Store,2026-09-25T09:15:33.291431+00:00
Zalando,de.zalando.mobile,302ea2d6-4d71-4880-aba5-7b0d7bd0dc06,2026-04-04T11:06:58,2,"wenn man Filter anbietet, sollten die auch funktionieren.. sucht man zb. nach Schuhen mit Obermaterial Lederimitat, sollten meiner Meinung nach auch nur Schuhe mit Obermaterial Lederimitat angezeigt werden und nicht einfach auch Schuhe mit Obermaterial Leder.",Google Play Store,2026-09-25T09:15:33.291431+00:00
Zalando,de.zalando.mobile,f6254271-c06c-4624-a62b-9de662bc2ce9,2026-04-04T07:38:26,4,"Im Großen und Ganzen okay, musste jedoch auch schon zurück senden, aus Qualitätgründen",Google Play Store,2026-09-25T09:15:33.291431+00:00
Zalando,de.zalando.mobile,377028c6-7cd3-411f-9a58-caf3cbfeac77,2026-04-03T19:05:43,2,"seid kurzer Zeit, stürzt die App immer wieder ab. nicht wirklich cool :( ansonsten geil, kaufe gerne da ein aber wie gesagt beim Stöbern etc ist das echt doof mit dem abstürzen.",Google Play Store,2026-09-25T09:15:33.291431+00:00
Zalando,de.zalando.mobile,470bdd46-1cd2-4e6c-96de-c8ad52d4a6c1,2026-04-03T18:49:59,2,"Ich kaufe gerne bei zalando. Das offenbar von temu inspirierte redesign ist jedoch ziemlich missglückt, da es zwar dessen unübersichtliche Aufmachung übernommen hat, aber unstrukturiert bleibt. Vielleicht kommt ja eine Besserung nach den nächsten Quartalszahlen...☹️",Google Play Store,2026-09-25T09:15:33.291431+00:00
Zalando,de.zalando.mobile,0d8c11b1-d6b9-40de-b232-17f4498415eb,2026-04-02T10:47:14,1,"Die erste Zahlungsaufforderung kommt, bevor die Ware überhaupt geliefert wurde",Google Play Store,2026-09-25T09:15:33.291431+00:00
Zalando,de.zalando.mobile,f4ff1ff4-b1e0-438d-9d38-6bbe602b57cb,2026-04-02T09:29:34,1,Die App reagiert nicht und hängt sich ständig auf. Ich muss wo anders shoppen. Sorry,Google Play Store,2026-09-25T09:15:33.291431+00:00
Zalando,de.zalando.mobile,b872da88-bc80-43a5-8b84-0881801b3411,2026-03-31T19:02:42,4,"Einen Stern Abzug dafür, daß man die Klamotten nicht angezogen sieht.",Google Play Store,2026-09-25T09:15:33.291431+00:00
Zalando,de.zalando.mobile,ba1d016e-51a3-4858-8ed9-74ab540c079e,2026-03-31T15:44:25,1,"Im vergangenen Jahr um ein paar tausend Euro eingekauft und mit einem Gehalt von 3000 Euro netto im Monat habe ich es nicht notwendig, Dinge zu stehlen! 2 Produkte, die ich zurückgesendet hatte, wurden gemahnt! Nach der ersten Mahnung habe ich geschrieben, dass beide Sachen zurückgeschickt wurden, und ob man bitte den Inventurstand überprüfen kann. Keine Antwort, dafür eine automatisierte zweite Mahnung! Beides heute bezahlt – aber so nicht, das war meine letzte Bestellung bei Zalando.",Google Play Store,2026-09-25T09:15:33.291431+00:00
Zalando,de.zalando.mobile,26bbc4ff-c2aa-4c4e-8393-5aad3825717f,2026-03-31T14:34:03,5,Ich lieb's,Google Play Store,2026-09-25T09:15:33.291431+00:00
Zalando,de.zalando.mobile,655eb547-71be-4fd0-8205-4ee8431947d1,2026-03-31T08:31:25,1,"Und wieder kommt die Ware mit Hermes, davor DHL! Hermes kann man wieder denn ganzen Tag bei besten Wetter in der Bude hocken und warten! Da zahle ich lieber 1-2 € mehr für DHL Versand, anstatt die taugenixe von Hermes! Ich bestell nichts mehr bei euch! Da habe echt kein Bock mehr drauf!",Google Play Store,2026-09-25T09:15:33.291431+00:00
Zalando,de.zalando.mobile,d36e008b-bb28-45be-896d-29c5d662c33f,2026-03-31T05:48:31,5,Bin sehr zufrieden,Google Play Store,2026-09-25T09:15:33.291431+00:00
Zalando,de.zalando.mobile,4709f8b6-df89-46c6-80b2-9fe05638584f,2026-03-30T12:52:07,1,"der neue assistant nervt extrem edit: die hauptseite ist nun voller möchtegern modells, die unglaublich hässlichen sachen tragen, die app geht immer mehr zu grunde👍🏻 edit: hauptseite ist wirkt nun billiger als bei temu und alibaba. gratuliere",Google Play Store,2026-09-25T09:15:33.291431+00:00
Zalando,de.zalando.mobile,b8d23722-b65e-4b60-8f66-75bec99c795a,2026-03-30T11:50:10,5,"Sehr gut ,Seite auch und fair. Klappt immer alles sehr gut.",Google Play Store,2026-09-25T09:15:33.291431+00:00
Zalando,de.zalando.mobile,8b7d4253-7438-4c46-abd1-7bf524d8a51e,2026-03-30T08:40:48,5,ich war immer sehr zufrieden und seit Tagen stockt die App ständig und das im WLAN,Google Play Store,2026-09-25T09:15:33.291431+00:00
Zalando,de.zalando.mobile,f525b0f2-6ed2-44e4-bb17-cd42ea34a8fb,2026-03-29T22:43:17,5,Super,Google Play Store,2026-09-25T09:15:33.291431+00:00
Zalando,de.zalando.mobile,40a4a187-bcac-47ca-acf1-9fbac6ab391a,2026-03-29T19:07:57,5,Super Danke,Google Play Store,2026-09-25T09:15:33.291431+00:00
Zalando,de.zalando.mobile,efc92afd-da38-41d9-8786-5ea261bf0825,2026-03-29T11:05:22,4,Super App. Lieferung innerhalb weniger Tage.,Google Play Store,2026-09-25T09:15:33.291431+00:00
Zalando,de.zalando.mobile,c550957e-ea10-41e4-a629-62ba074818c2,2026-03-26T20:50:56,1,"Ich habe nicht den korrekten Erstattungsbetrag zurückerhalten. Erst nachdem ich den Betrag selbst nachgerechnet und mich beschwert hatte, hat Zalando mir das fehlende Geld überwiesen. So ein Fehler sollte eigentlich nicht passieren und hat mein Vertrauen in Zalando deutlich erschüttert.",Google Play Store,2026-09-25T09:15:33.291431+00:00
Zalando,de.zalando.mobile,da7fc206-b0af-49a1-a02f-5c358352372f,2026-03-25T13:45:46,1,Ich kann mich nicht mehr bei der App anmelden nach dem letzten Update. Muss jetzt immer übern Browser rein. nervig :-/,Google Play Store,2026-09-25T09:15:33.291431+00:00
Zalando,de.zalando.mobile,df508d74-640f-4076-b5df-94144b88c450,2026-03-25T10:59:07,5,Schnelle und unkomplizierte Abwicklung,Google Play Store,2026-09-25T09:15:33.291431+00:00
Zalando,de.zalando.mobile,d98c3026-9e9e-445e-8b88-54bc99406653,2026-03-25T10:33:16,5,ich bin sehr zufrieden,Google Play Store,2026-09-25T09:15:33.291431+00:00
Zalando,de.zalando.mobile,a5b532ae-a32c-4dfc-9852-f2e949a278ff,2026-03-24T20:49:15,1,Nur deutsche Versandadresse möglich,Google Play Store,2026-09-25T09:15:33.291431+00:00
Zalando,de.zalando.mobile,c1f83106-fa99-4e4a-a93f-5d859066784b,2026-03-24T07:06:52,1,"In letzter Zeit viel schlechte Qualität bei Zalando, war da lange Kunde aber mittlerweile gehe ich lieber in die Stadt. Die Qualität hat sehr nachgelassen bei Zalando, kommt mit Sicherheit durch die ganzen Partner die bei Zalando mitmischen. Sie brauchen mir auch nicht mehr Antworten, ihr habt schlechte Qualität und das zeigt sich immer mehr. Ihr bekommt jetzt noch Spaß mit mir.",Google Play Store,2026-09-25T09:15:33.291431+00:00
Zalando,de.zalando.mobile,36b1cd3f-48ca-4103-9602-3b46e08528df,2026-03-23T22:40:10,1,Über jeden Browser läuft Zalando besser als diese Schrott-App. Reaktionszeit eine Katastrophe und Zoomen kann man auch nicht. Einfach Unnütz. Wurde deinstalliert.,Google Play Store,2026-09-25T09:15:33.291431+00:00
Zalando,de.zalando.mobile,11f87862-6c1a-430b-8eba-d2a30c4f2a7c,2026-03-23T20:44:06,5,funktioniert alles super,Google Play Store,2026-09-25T09:15:33.291431+00:00
Zalando,de.zalando.mobile,e7af906a-7a3c-4e2c-ab1f-a2f95e2813a8,2026-03-23T18:08:13,2,"In meiner Größe ist so gut wie immer alles restlos ausverkauft. Wenn man Filter nutzt dann kommen Frauen und Kinder Schuhe, die mir als Mann nichts bringen!",Google Play Store,2026-09-25T09:15:33.291431+00:00
Zalando,de.zalando.mobile,52fb811e-15df-4249-81c5-a99c1472455e,2026-03-23T16:56:53,1,"Wieso kann man nicht von jeder Seite aus einfach ins Menü zurückkehren, sondern muss zig mal all die Artikel die man sich nacheinander angeschaut hat zurückblättern???!!",Google Play Store,2026-09-25T09:15:33.291431+00:00
Zalando,de.zalando.mobile,aee460b5-c8ac-43c0-ad2a-2dbf26ab9af9,2026-03-23T13:21:11,4,"Es nervt, dass man nach dem bezahlen nicht zurück auf die Hauptseite kommen kann, und die App dann neu starten muss.",Google Play Store,2026-09-25T09:15:33.291431+00:00
Zalando,de.zalando.mobile,2fcb9051-dead-40df-8070-16d2c62f9b52,2026-03-22T14:30:56,3,"Die App ist prima, aber ich erhalte viel zu viel Werbung.",Google Play Store,2026-09-25T09:15:33.291431+00:00
Zalando,de.zalando.mobile,e3a062c8-9a5d-4171-a960-daca1130ccfb,2026-03-22T11:37:21,5,"gefällt mir sehr, schöne Angebote",Google Play Store,2026-09-25T09:15:33.291431+00:00
Zalando,de.zalando.mobile,07ea87b0-d26c-4a20-98bc-3427ce985ad4,2026-03-22T09:05:42,5,Gut 👍,Google Play Store,2026-09-25T09:15:33.291431+00:00
Zalando,de.zalando.mobile,56831b8f-1848-4ed4-bbfe-6f401051d21f,2026-03-21T19:13:34,1,Konto ohne Grund gesperrt. Seit Jahren treuer Kunde. Vorhandenes Guthaben wird nicht ausgezahlt. Suche nach Möglichkeit zur Sammelklage. Zalando sieht mich nie wieder.,Google Play Store,2026-09-25T09:15:33.291431+00:00
Zalando,de.zalando.mobile,e4c27e0c-72af-48ce-bdc7-9f6987ee75d2,2026-03-21T18:47:25,1,acc gesperrt worden. ich lasse dort alle 2-3 Monate 300-500 Eur (schon seitdem es Zalando gibt!!!) und die sperren meinen Account ohne mir einen Grund zu nennen. Der Kundensupport will mir keinen Grund nennen und nicht meinen Acc reaktivieren. Unglaublich wie hier mit mir umgegangen wird.,Google Play Store,2026-09-25T09:15:33.291431+00:00
Zalando,de.zalando.mobile,5df3177c-410f-4e7d-bc21-83c3dd3dacbf,2026-03-19T20:08:34,5,"Sehr zufrieden, Mega Angebote, toller Service...auch wenn mal was ist mit Rücksendungen weil es nicht passt usw. alles easy und Reibungslos",Google Play Store,2026-09-25T09:15:33.291431+00:00
Zalando,de.zalando.mobile,72643f0d-bd71-48a6-a481-16cf9f11fbe9,2026-03-19T18:55:38,1,Zalando hat mich als Kunden verloren.,Google Play Store,2026-09-25T09:15:33.291431+00:00
Zalando,de.zalando.mobile,052eb636-a171-4921-b0c1-508ba82a0cff,2026-03-19T05:36:56,3,"Die App an sich ist ok, hat aber Potenzial. Das navigieren innerhalb der App ist leider nur darauf aus, schnell zum Kaufabschluss zu kommen. Man kann nicht einfach zwischen den Bereichen wie ""Home"", ""Profil"" oder ""Merkliste"" springen, sondern muss ständig den ganzen Klickpfad zurück. Vor allem nervt es, wenn man viel stöbert und sich inspirieren lassen will. Lasst bitte einfach unten die Navigation stehen, damit tut ihr allen einen riesen Gefallen!",Google Play Store,2026-09-25T09:15:33.291431+00:00
Zalando,de.zalando.mobile,27d580ff-afae-449f-8a86-19ee869dda6f,2026-03-18T21:28:22,5,"tolle App , einfach und übersichtlich und immer gute Rabatte und Neue Fashion",Google Play Store,2026-09-25T09:15:33.291431+00:00
Zalando,de.zalando.mobile,ebad30b4-a13a-4034-9bc2-9d60b72fc01f,2026-03-18T19:26:43,5,Alles Perfekt . . . 👍,Google Play Store,2026-09-25T09:15:33.291431+00:00
Zalando,de.zalando.mobile,9ea2b1d1-b8e1-455e-8039-95a6784416e5,2026-03-17T21:21:32,1,Mahngebühren für die erste Mahnung sind ein Witz.,Google Play Store,2026-09-25T09:15:33.291431+00:00
Zalando,de.zalando.mobile,6bfd7449-5d4e-4c1b-bce8-dee28f421154,2026-03-17T15:46:25,5,jab ist schick aber auch sehr modern geworden das man noch dazu lernen tut,Google Play Store,2026-09-25T09:15:33.291431+00:00
Zalando,de.zalando.mobile,da15437b-f17d-46b8-a7e9-b38d798f4509,2026-03-17T08:42:06,1,seit dem Update kann ich meine Bestellungen nicht sehen. Es steht ein Fehler ist aufgetreten.,Google Play Store,2026-09-25T09:15:33.291431+00:00
Zalando,de.zalando.mobile,7d4029ce-f17b-4d14-bc5b-668e0ce35f59,2026-03-15T17:58:33,1,"Seit dem letzten Update kann ich auf meinem Tablett in der app nicht mehr zur ""Kasse"" gehen, alles andere funktioniert. Bildschirm beginnt zu flackern und verrückt zu spielen, man muss dann die app beenden. Auf dem Telefon dagegen funktioniert die app. Es gibt weder auf der Webseite noch in der App eine Möglichkeit, einen Softwarefehler zu melden. Der Entwicklerkommentar verweist auf "" Hilfe und Kontakt"", doch dort gibt es keine geeignete Option.",Google Play Store,2026-09-25T09:15:33.291431+00:00
Zalando,de.zalando.mobile,4fc49cd9-38ea-4080-8588-1456a2684963,2026-03-15T16:16:32,1,App komplett unübersichtlich geworden. Design = Temu 2.0. Macht keinen Spaß mehr etwas zu bestellen/suchen.,Google Play Store,2026-09-25T09:15:33.291431+00:00
Zalando,de.zalando.mobile,4d36bb9a-30ec-4b70-bf5b-aee67e837a8e,2026-03-15T07:18:59,1,Die App hat mir früher besser gefallen. Die Startseite gefällt mir persönlich gar nicht mehr. Diese 'Storys' oder Anzeigen finde ich total überflüssig.,Google Play Store,2026-09-25T09:15:33.291431+00:00
Zalando,de.zalando.mobile,32fa0a6a-6af7-4a30-a8dd-d2462de88908,2026-03-14T14:29:08,5,top,Google Play Store,2026-09-25T09:15:33.291431+00:00
Zalando,de.zalando.mobile,61a20f4e-946a-4ee3-a751-f3ed72962a78,2026-03-13T21:22:26,2,"App ist unübersichtlich geworden und erinnert eher an Pinterest als seriösen Onlineshop. Überall ist (Influencer-)Werbung, Dark Patterns und die Suchfunktion ist wohl bewusst schlechter gemacht worden, sodass man lange stöbern (und dabei ja vllt auf mehr Produkte aufmerksam wird) muss, bis man etwas findet. Bei Profitmaximierung bekommt die App 10/10, aber ich fühl mich mittlerweile als Kundin zu ausgebeutet, um weiter Zalando zu nutzen.",Google Play Store,2026-09-25T09:15:33.291431+00:00
Zalando,de.zalando.mobile,069c0365-c865-4af4-9657-bb2110cb6825,2026-03-13T03:05:28,2,Autoplay von Videos werden trotz Deaktivierung einfach abgespielt.,Google Play Store,2026-09-25T09:15:33.291431+00:00
Zalando,de.zalando.mobile,1ab6fb40-b16e-4e3d-961c-ef44418470e2,2026-03-12T23:45:25,5,SUPER!!!!! :) .......,Google Play Store,2026-09-25T09:15:33.291431+00:00
Zalando,de.zalando.mobile,636db496-d33a-4a20-992d-75b1088567b2,2026-03-12T13:32:13,1,kann mich nicht mit Google Konto einloggen Google Pixel 6a,Google Play Store,2026-09-25T09:15:33.291431+00:00
Zalando,de.zalando.mobile,3957879c-c4d6-48d5-b9a2-4f74d361501d,2026-03-11T19:26:45,1,"Warum gibt es einen zurück, aber keinen vorwärts Knopf? Denkt ihr ich werde die 50 km lange Liste noch einmal durchscrollen nachdem ich in eurer lahmarsch-app zu oft auf zurück gedrückt habe, weil sich mal wieder nichts tut?",Google Play Store,2026-09-25T09:15:33.291431+00:00
Zalando,de.zalando.mobile,e7dd7e73-0f9b-4aa4-b52f-4400e295c5d6,2026-03-11T12:36:56,5,Immer wieder guter Service.,Google Play Store,2026-09-25T09:15:33.291431+00:00
Zalando,de.zalando.mobile,7d583969-7f8d-4e89-8ba7-72a907b89613,2026-03-10T19:29:30,5,beste onlinehop,Google Play Store,2026-09-25T09:15:33.291431+00:00
Zalando,de.zalando.mobile,be57ed17-ec99-4155-8f2b-acd738b1f950,2026-03-10T06:41:19,5,Sehr schnell und flexibel,Google Play Store,2026-09-25T09:15:33.291431+00:00
Zalando,de.zalando.mobile,08e009fc-9bd6-4a6f-af66-48cea03d189a,2026-03-09T21:18:05,5,"Ich, als Zalando-nerin, habe die App auf meinem Startbildschirm 👍🤩❣️",Google Play Store,2026-09-25T09:15:33.291431+00:00
Zalando,de.zalando.mobile,5d7e5781-f918-4b4d-b498-1e7e5aca0c7d,2026-03-09T19:32:04,4,So ganz überzeugt bin ich noch nicht ...,Google Play Store,2026-09-25T09:15:33.291431+00:00
Zalando,de.zalando.mobile,6ab5422d-c549-437b-a536-945a60d1da46,2026-03-09T11:56:48,1,2 von 2 Rücksendungen haben größte Probleme verursacht. Nie wieder Zalando.,Google Play Store,2026-09-25T09:15:33.291431+00:00
Zalando,de.zalando.mobile,4bd823f7-ee22-40b4-8edd-9e2005a271aa,2026-03-09T09:16:49,4,Gutes Sortiment an verschiedenen Marken nicht immer das passende dabei auf den ersten Blick aber wenn man sich etwas Zeit beim shoppen nimmt findet man doch was passendes und gutes.,Google Play Store,2026-09-25T09:15:33.291431+00:00
Zalando,de.zalando.mobile,4a4d83a1-f598-4686-9f0c-611fcc02c3d5,2026-03-09T07:44:53,1,"Seit neuestem ist die Suchfunktion der App eine Katastrophe. Die Suchergebnisse entsprechen teilweise in keinster Weise dem Suchbegriff. Bei Regenjacken bekommt man Jeansjacken vorgeschlagen. Sucht man nach Anzügen und Sakkos kommen Hemden und Hosen. Wenn man sich dann umständlich manuell durch die Kategorien durchklickt kommt man auch nicht ans Ziel, da sich die Kategorien und die Filtereinstellungen nicht decken. Eine gezielte Produktsuche, ist unmöglich.",Google Play Store,2026-09-25T09:15:33.291431+00:00
Zalando,de.zalando.mobile,4392fef3-af70-433b-960d-ebd1fed300e3,2026-03-09T04:14:52,1,"App funktioniert seit update sehr langsam und hängt ständig! Warum sind die Bewertungen wieder weg!?! Leider ist generell alles unübersichtlich geworden und teils durcheinander.... wünsche mir eine ""home taste"" um schneller nach der Suche wieder raus zukommen.",Google Play Store,2026-09-25T09:15:33.291431+00:00
Zalando,de.zalando.mobile,e4806066-ae4d-4adb-a022-f1734bf68170,2026-03-08T16:03:25,2,"Erste und letzte Bestellung ausgeführt bei Zalando. Es gibt praktisch keinen Support mehr, eine Hilfeseite die mein Anliegen nicht aufführt aber absolut keine Möglichkeit Zalando zu kontaktieren. Zumindest habe ich keine gefunden, weder in der APP noch in auf der Website. Eure Umstrukturierung des Supportteams im Jahr 25 war Erfolgreich, der Support ist praktisch nicht mehr Vorhanden.",Google Play Store,2026-09-25T09:15:33.291431+00:00
Zalando,de.zalando.mobile,ac32bd43-542c-4ad1-918c-b33c99ec44aa,2026-03-08T11:50:06,5,super,Google Play Store,2026-09-25T09:15:33.291431+00:00
Zalando,de.zalando.mobile,c4c23500-71d3-463b-8ab5-cb9b85394813,2026-03-06T20:15:20,1,"Die App bzw. das System im Hintergrund ist (absichtlich?) schlecht programmiert, um Zalando Vorteile zu verschaffen und den Kunden zu benachteiligen. Auch ohne das Abschließen einer Bestellung streicht das System, den durch Einkäufe erlangten, Bonus der ""kostenlosen Lieferung bei Bestellungen unter 29,90€"", der einem nach 200 gesammelten Punkten über das ""Zalando Plus Shine""-Programm, ein Mal jährlich zusteht. Ich würde mir genau überlegen,ob dieses Unternehmen über meine Daten verfügen sollte.",Google Play Store,2026-09-25T09:15:33.291431+00:00
Zalando,de.zalando.mobile,64d06868-6567-4a97-9e3f-37f7d813a899,2026-03-06T18:59:26,1,zalano aufpassen betrugen Menschen. sende waren ohne inahalt.. nur karton . Und kassieren geld mit ausage das die ware erhalten habe.. aber in Wirklichkeit gaben wir nicht. Und Rücksendung auch. Machen sie Video und Beweise. Die bekommen ware aber registrieren nicht und erstellen kein Gutschrift. passen sie gut auf,Google Play Store,2026-09-25T09:15:33.291431+00:00
Zalando,de.zalando.mobile,582850f3-892c-44aa-8596-f81a6047aef7,2026-03-06T12:48:18,2,"App friert seit einigen Wochen immer wieder ein, sobald man versucht durch die angebotenen Produkte zu scrollen. Schätzungsweise kann ich 1-2mal nach unten scrollen und danach nicht weiter. So macht die Nutzung der App wenig Spaß oder Sinn.",Google Play Store,2026-09-25T09:15:33.291431+00:00
Zalando,de.zalando.mobile,799e9b8c-dfea-4dcd-a298-240d9fa49122,2026-03-05T13:06:37,1,"Über Zalando zwei Uhren bestellt. Zwei leere Uhrenverpackungen kamen an. Zalando angeschrieben und mir wurde gesagt, dass es anscheinend öfter passiert. Normalerweise erwartet man, dass das Geld rückerstattet wird, WEIL ES JA ÖFTER WOHL passiert. Naja falsch gedacht, sitze auf den Kosten von 180€ fest. Nie wieder mehr. Prüft eure Angestellten oder den lieferservice!!!",Google Play Store,2026-09-25T09:15:33.291431+00:00
Zalando,de.zalando.mobile,628d78ec-22c0-4c84-ad26-c59bb8cd4893,2026-03-05T09:13:54,5,Ich habe kinder sportanzug gekauft wirkliche bin ich begeistert,Google Play Store,2026-09-25T09:15:33.291431+00:00
Zalando,de.zalando.mobile,df9d327c-e27f-467a-a88d-c36fad5c3c61,2026-03-04T09:09:43,5,Einwandfreie und schnelle Abwicklung von Bestellung bis zu Lieferung. Alles tip top.,Google Play Store,2026-09-25T09:15:33.291431+00:00
Zalando,de.zalando.mobile,8893fcd4-fd8e-445c-9e2d-fbaae45157f4,2026-03-03T14:25:10,1,"Ich empfehle auf keinen Fall, weil Artikel nicht gekommen aber ich muss bezahlen.",Google Play Store,2026-09-25T09:15:33.291431+00:00
Zalando,de.zalando.mobile,d3d30ff9-ef02-4e8a-a68d-b73b74aa9ad2,2026-03-02T14:34:40,5,Bin sehr zufrieden!,Google Play Store,2026-09-25T09:15:33.291431+00:00
Zalando,de.zalando.mobile,8af32faf-c713-45c8-b9c2-d5b1242d9256,2026-03-01T10:54:37,3,Schnecken langsam und falscher Retouren Status für Artikel die nicht von Zalando selbst geliefert wurden. Das können andere Webshops besser!,Google Play Store,2026-09-25T09:15:33.291431+00:00
Zalando,de.zalando.mobile,eb4c100e-4c96-451d-bf08-96a994799a2a,2026-02-27T11:46:03,1,"Neus Update ist absolute Katastrophe. Ich will kein Social Media, ich möchte Klamotten anschauen und vorgeschlagen bekommen. Bitte nicht jede App muss wie TikTok oder Pinterest sein",Google Play Store,2026-09-25T09:15:33.291431+00:00
Zalando,de.zalando.mobile,41a0bded-7411-432d-bc98-582ed5a8f514,2026-02-27T05:58:44,5,Alles Perfekt!!!,Google Play Store,2026-09-25T09:15:33.291431+00:00
Zalando,de.zalando.mobile,bdb4e2c9-5f1b-4291-abed-93de94926b27,2026-02-26T18:11:09,5,sehr gut 👍,Google Play Store,2026-09-25T09:15:33.291431+00:00
Zalando,de.zalando.mobile,24d508fd-7604-4bea-a983-c6729503b111,2026-02-25T20:26:26,2,gut,Google Play Store,2026-09-25T09:15:33.291431+00:00
Zalando,de.zalando.mobile,78cba781-271a-4ed7-a473-b2df57f29ebc,2026-02-25T11:05:39,5,Gut 👍 👌 👍 👌,Google Play Store,2026-09-25T09:15:33.291431+00:00
Zalando,de.zalando.mobile,03db648e-c5c9-4e4e-a257-da8e9742f32c,2026-02-25T08:30:10,1,"Bin kurz davor die App nach Jahren zu löschen.. mittlerweile hat das nichts mehr mit shoppen zu tun, sondern überall nur noch Werbung. Die App ist für mich auch nicht mehr einladend. Fühl mich wie auf Pinterest ohne richtige Startseite... alles nur Chaos. Sehr schade..",Google Play Store,2026-09-25T09:15:33.291431+00:00
Zalando,de.zalando.mobile,6737d32d-9297-4e0a-9f79-be909dd70261,2026-02-24T09:04:59,1,Eine der schlechtesten und unübersichtlichsten Apps die ich je gesehen habe. Dass sowas möglich ist...,Google Play Store,2026-09-25T09:15:33.291431+00:00
Zalando,de.zalando.mobile,4daeb931-96a4-4d89-8d64-c2a428938d9c,2026-02-22T22:40:29,1,"Wieso muss man fünf Minuten zurückschalten, bis man seine Profilleiste mit Bestellungen etc. sieht? Völlig unpraktisch.",Google Play Store,2026-09-25T09:15:33.291431+00:00
Zalando,de.zalando.mobile,0b5007f9-20cc-4d57-a185-328b0d214377,2026-02-21T13:53:05,1,"Returned the products and they scammed me into paying even thought they got their products.Scamming company ,be careful! 1 star is way too much for this greedy company that got more than 5000 euro for the last couple of years and scammed me for 36 :)))",Google Play Store,2026-09-25T09:15:33.291431+00:00
Zalando,de.zalando.mobile,324451d6-303b-461a-a83d-8cf4ced68360,2026-02-21T05:53:23,5,Echt super.!,Google Play Store,2026-09-25T09:15:33.291431+00:00
Zalando,de.zalando.mobile,0f9d57ae-5504-408b-9832-181b3a352db0,2026-02-20T16:55:01,4,super service antwortet sehr schnell,Google Play Store,2026-09-25T09:15:33.291431+00:00
Zalando,de.zalando.mobile,cc30e806-31cf-4a76-a0e4-bff836f27b94,2026-02-20T11:36:25,1,das neue layout der app ist überladen und einfach nur trashig. sieht aus wie auf temu💀,Google Play Store,2026-09-25T09:15:33.291431+00:00
Zalando,de.zalando.mobile,00a58cb4-c5d3-47d5-8451-56e4c4ab7d01,2026-02-19T19:40:54,5,für mich alles passt sehr gut,Google Play Store,2026-09-25T09:15:33.291431+00:00
Zalando,de.zalando.mobile,6e6f1033-0f43-4dde-bdc6-f97a0ed07c16,2026-02-18T11:22:07,3,preise sind gut aber mein paket verspätet soch was sehr schade ist da ich es an dem tag brauchte,Google Play Store,2026-09-25T09:15:33.291431+00:00
Zalando,de.zalando.mobile,19d9891a-259c-423d-b39c-de43e53665b4,2026-02-17T15:19:24,5,Alles gut,Google Play Store,2026-09-25T09:15:33.291431+00:00
Zalando,de.zalando.mobile,82d9321e-9ef9-453f-ac57-aa02ce406849,2026-02-17T13:11:58,5,Rasch👍 👍,Google Play Store,2026-09-25T09:15:33.291431+00:00
Zalando,de.zalando.mobile,0cae4963-3581-444e-a5d2-a03efb33e184,2026-02-17T08:56:26,1,"Mahngebühren erhoben, ohne das eine Rechnung kam! Schlechter geht es nicht!",Google Play Store,2026-09-25T09:15:33.291431+00:00
Zalando,de.zalando.mobile,0d50a4f6-1b43-4fd8-aac7-1f0e6b46425f,2026-02-15T18:34:28,4,immer wieder gerne,Google Play Store,2026-09-25T09:15:33.291431+00:00
Zalando,de.zalando.mobile,c36369fd-6b4c-47ad-956e-8a71fbe5dba4,2026-02-15T13:49:15,1,"Die neue Version ist null übersichtlich, App friert beim Scrollen schon seit Wochen ein, wurde mit dem Update nicht gefixed. Klassischer Fall von ""verschlimmbessern"".",Google Play Store,2026-09-25T09:15:33.291431+00:00
Zalando,de.zalando.mobile,37f0e048-0ffe-4825-960d-2955b978780e,2026-02-15T09:38:06,4,top 👍🏻👍🏻,Google Play Store,2026-09-25T09:15:33.291431+00:00
Zalando,de.zalando.mobile,4f4068cb-d963-4d66-855f-027e57ba6b23,2026-02-15T07:28:56,1,Seit dem neuen Layout nicht mehr nutzbar. Die App hängt ständig und das Layout ist völlig hässlich,Google Play Store,2026-09-25T09:15:33.291431+00:00
Zalando,de.zalando.mobile,3acd39cc-66fb-4bf9-abea-7746f6d97d0a,2026-02-14T09:36:30,4,"Warum gibt es keinen Home Button auf allen Screens? Wenn man durch Suche irgendwo landet, gibt es keine Möglichkeit wieder schnell zum Home Screen zurückzukehren. Man muss dann mehrmals den Back Button drücken oder die app komplett schließen und wieder öffnen.",Google Play Store,2026-09-25T09:15:33.291431+00:00
Zalando,de.zalando.mobile,fca3840e-37ee-4001-8cd8-edc00e123d63,2026-02-13T09:45:50,1,"Schlechter Service, Chat für Servicethemen 👎",Google Play Store,2026-09-25T09:15:33.291431+00:00
Zalando,de.zalando.mobile,01fe0a65-648c-4c13-a8e5-1955edcab1bf,2026-02-13T08:06:32,2,"Neues Layout hält mich vom shoppen ab. Danke dafür, auch im Namen meines Kontos.",Google Play Store,2026-09-25T09:15:33.291431+00:00
Zalando,de.zalando.mobile,0c9c1ffe-bc88-425a-9c2a-150a55dfeb0a,2026-02-12T15:26:15,1,Neue Startseite ist furchtbar.,Google Play Store,2026-09-25T09:15:33.291431+00:00
Zalando,de.zalando.mobile,fc98c2bf-f3f0-4e3b-b8e4-6be38bd38fcb,2026-02-12T14:30:56,5,Top,Google Play Store,2026-09-25T09:15:33.291431+00:00
Zalando,de.zalando.mobile,cbbdd360-130b-4d00-8e8b-49647b2455b7,2026-02-11T16:53:46,5,Ich bin neu hier,Google Play Store,2026-09-25T09:15:33.291431+00:00
Zalando,de.zalando.mobile,bb345346-6f05-4c4a-9d0a-79b7c40b3b1c,2026-02-10T06:51:17,2,"Schade, dass es nicht möglich ist, Artikel im Warenkorb bereits zu bezahlen und so zu reservieren. Ich hatte gestern innerhalb einer Stunde zwei Meldungen, dass die Artikel (wo meine Grösse ausverkauft war) wieder verfügbar sind. Jetz werde ich zwei Pakete erhalten, was unnötig schlecht für die Umwelt ist...",Google Play Store,2026-09-25T09:15:33.291431+00:00
Zalando,de.zalando.mobile,4c25e0a0-249a-4831-aff0-f92bbee5f75a,2026-02-09T11:34:45,5,TOLLE UND REICHHALTIGE AUSWAHL,Google Play Store,2026-09-25T09:15:33.291431+00:00
Zalando,de.zalando.mobile,0e4b7c4b-4f32-4c20-ad89-14c5dae74602,2026-02-08T18:59:59,5,Alles Top! Sehr guter Service seitens von Zalando.,Google Play Store,2026-09-25T09:15:33.291431+00:00
Zalando,de.zalando.mobile,06e06c94-889c-4872-94a1-1bdcf077c7a8,2026-02-08T13:15:11,1,"Scrollen geht nicht mehr seit einigen Wochen. Kann dann halt nichts bestellen, selbst Schuld Zalando.",Google Play Store,2026-09-25T09:15:33.291431+00:00
Zalando,de.zalando.mobile,17e56bb0-44f5-4d42-9217-3845ab45b6d3,2026-02-08T10:48:12,1,durch das neue Update kaum mehr nutzbar...,Google Play Store,2026-09-25T09:15:33.291431+00:00
Zalando,de.zalando.mobile,8f330004-0f6c-4571-a30f-3682ba62e850,2026-02-08T08:50:36,5,Hat alles super funktioniert...immer wieder gerne bestelle ich hier. Danke....,Google Play Store,2026-09-25T09:15:33.291431+00:00
Zalando,de.zalando.mobile,34208d00-42e9-438c-ad16-5f62adf2ca31,2026-02-06T19:49:53,1,Nein nicht Behalten,Google Play Store,2026-09-25T09:15:33.291431+00:00
Zalando,de.zalando.mobile,7e646fd8-93b0-4064-bf66-7f0bfcb2a0ce,2026-02-06T08:59:17,5,Alles bestens gerne wieder. 👍,Google Play Store,2026-09-25T09:15:33.291431+00:00
Zalando,de.zalando.mobile,dd750253-5377-4fb5-a5af-5f58d6224b11,2026-02-05T13:54:39,5,Sehr gute Ware,Google Play Store,2026-09-25T09:15:33.291431+00:00
Zalando,de.zalando.mobile,dc9f416c-d97c-4a1d-8636-c6f892bc6411,2026-02-04T16:47:52,5,alles gut,Google Play Store,2026-09-25T09:15:33.291431+00:00
Zalando,de.zalando.mobile,a2e6e425-eca4-4704-af65-823f154e5e26,2026-02-03T18:31:19,1,Macht mal eine vernünftige app. Warum bin dauernd in Österreich laut App und werde immer wieder ausgeloggt ?,Google Play Store,2026-09-25T09:15:33.291431+00:00
Zalando,de.zalando.mobile,e53c488e-eefd-4ff2-ab77-26f2d9c60659,2026-02-03T09:46:55,3,"irgendwie vollgestopft und unübersichtlich,viel Werbung . Beim Größenberater fehlen mir wichtige Parameter.. bspw wir hoch der Bund bspw einer Jeans ist. bei der Suchoption werden mir ständig Schnitte gezeigt,die eben nicht dieser Suche entsprechen.. werde dort vorerst nichts bestellen, andere Anbieter haben bessere Beratung und sind übersichtlicher ,bspw Otto...u a.",Google Play Store,2026-09-25T09:15:33.291431+00:00
Zalando,de.zalando.mobile,26503c6d-c375-4a9a-8d4f-3d932cde6fc0,2026-02-01T18:02:27,5,Wir!,Google Play Store,2026-09-25T09:15:33.291431+00:00
Zalando,de.zalando.mobile,c6e6bde6-6357-4229-8b70-d376e5cb1929,2026-02-01T16:33:57,1,Was habt ihr mit der neue Startseite angestellt?! Ganz furchtbar!,Google Play Store,2026-09-25T09:15:33.291431+00:00
Zalando,de.zalando.mobile,f3fa99f8-54c3-47b5-995a-7cd467a2e813,2026-02-01T16:27:57,5,Heftig die App,Google Play Store,2026-09-25T09:15:33.291431+00:00
Zalando,de.zalando.mobile,818b8e26-e487-4a02-bd7c-633be49f7ea6,2026-02-01T16:20:29,1,"die App friert andauernd ein, trotz Neuinstallation",Google Play Store,2026-09-25T09:15:33.291431+00:00
Zalando,de.zalando.mobile,d96d9355-41b3-4ac8-ac35-9711149a626a,2026-02-01T10:36:07,5,Danke immernoch sehr zuverlässig,Google Play Store,2026-09-25T09:15:33.291431+00:00
Zalando,de.zalando.mobile,b4c6b405-5fea-493d-aad2-3f168aeec690,2026-01-31T20:00:03,2,"Mit der neuen Startseite kann ich mich überhaupt nicht anfreunden und nimmt mir die Lust zum Einkaufen. Dort ist weder mein Stil ersichtlich noch interessiert mich, was 20 iährige ""Influencer"" tragen unc ihnen beim Anziehen zuzusehen.",Google Play Store,2026-09-25T09:15:33.291431+00:00
Zalando,de.zalando.mobile,bf424766-32f9-4db7-87d2-b9f9a8eb220c,2026-01-31T11:32:56,1,Erstemal bestellt und die Nummern fallen 3x größer aus als drauf steht.,Google Play Store,2026-09-25T09:15:33.291431+00:00
Zalando,de.zalando.mobile,c9267618-4fe4-4c37-92b9-f82846f24a10,2026-01-31T10:16:22,3,Gibt es größere Größen bis 60?,Google Play Store,2026-09-25T09:15:33.291431+00:00
Zalando,de.zalando.mobile,835196b6-57e6-4377-aff4-1956d7c3c8c3,2026-01-31T06:06:54,1,"In letzter Zeit ist die App nicht mehr nutzbar. Andauernd bleibt sie beim scrollen hängen und man bekommt nen weißen Bildschirm. So kaufe ich nichts mehr, das macht keinen Spaß mehr, wenn ich eine suche x mal starten muss.",Google Play Store,2026-09-25T09:15:33.291431+00:00
Zalando,de.zalando.mobile,1c7c7995-afa2-4264-82e2-9ad3995db96b,2026-01-30T22:14:19,1,"Hab Zalando eigentlich immer gerne benutzt, aber die neue Regelung, dass man nur mehr ""Fashion Artikel"" mit Gutscheinen bezahlen kann ist einfach nicht fair. Das Geld ist schon ausgegeben und auf meinem Konto, da darf ich mir ja wohl aussuchen, wofür ich es ausgebe, auch wenn ich damit Makeup oder Beauty Artikel bezahle. Bevormundung bei meinem Einkauf zu haben ist auf einem ganz anderen Level frech. Bis sich das nicht ändert, werde ich Zalando nicht mehr benutzen",Google Play Store,2026-09-25T09:15:33.291431+00:00
Zalando,de.zalando.mobile,7be3d397-b4e6-49c9-b61a-10b460cfc552,2026-01-30T11:35:08,5,ok,Google Play Store,2026-09-25T09:15:33.291431+00:00
Zalando,de.zalando.mobile,dddaf383-9def-4e52-bf80-eef26280bb82,2026-01-29T22:53:03,3,Seit der Designänderung der Startseite benutze ich die App nicht mehr gerne.,Google Play Store,2026-09-25T09:15:33.291431+00:00
Zalando,de.zalando.mobile,5b702ce7-3826-46a0-a7ff-668431dc2cc8,2026-01-28T22:04:33,1,"Die neue Startseite ist so unübersichtlich , dass man gar keine Lust mehr hat irgendwas zu shoppen.",Google Play Store,2026-09-25T09:15:33.291431+00:00
Zalando,de.zalando.mobile,87ae6c8e-b4b5-48c7-853a-b403f6f7159e,2026-01-28T18:13:17,5,Sehr schön und passt genau,Google Play Store,2026-09-25T09:15:33.291431+00:00
Zalando,de.zalando.mobile,5a076679-4996-4b23-96e9-56b793983079,2026-01-28T17:08:54,3,"eigentlich eine super app, aber die neue startseite mag ich gar nicht. sieht aus wie ein versuch die TikTok-Explore Page nachzustellen. würde gerne wieder das alte layout haben... kann man das umstellen?",Google Play Store,2026-09-25T09:15:33.291431+00:00
Zalando,de.zalando.mobile,9d00c6a6-d1b1-41db-b36f-67d24740be1a,2026-01-28T10:15:23,1,"Die Suchfunktion ist grotten schlecht. Wenn man eine Marke (z.b. Columbia) reinschreibt kommen nicht die verschiedenen produkte, welche man zusätzlich filtern könnte, sondern man soll dann aufeinmal den Brand entdecken...was für ein Schrott! Außerdem stört die Damen und Herren-Auswahl total und lässt sich im Filter nicht extra einstellen !! Bitte beheben, dann gibts mehr Sterne.",Google Play Store,2026-09-25T09:15:33.291431+00:00
Zalando,de.zalando.mobile,0f6f14d5-afaf-423c-9bff-a2d4e27e1465,2026-01-27T13:46:49,1,Samsung Note 9 ist das Einloggen nicht möglich,Google Play Store,2026-09-25T09:15:33.291431+00:00
Zalando,de.zalando.mobile,b0ce98a5-66a6-4983-adb1-437eee7d25e2,2026-01-26T19:08:11,1,"neue Startseite ist absoluter Müll und unübersichtlich. Wer die ""alte"" Startseite möchte, muss sich die APK von Okt 2025 installieren und (vorher) automatische Updates ausstellen.",Google Play Store,2026-09-25T09:15:33.291431+00:00
Zalando,de.zalando.mobile,dc9f29bc-abbb-4380-8f13-e8950cd7be8f,2026-01-25T09:25:38,5,Sehr gute Auswahl und Abwicklung in allen Bereichen perfekt.,Google Play Store,2026-09-25T09:15:33.291431+00:00
Zalando,de.zalando.mobile,8713d15a-3a21-4d2e-a7da-e40de261924f,2026-01-24T11:34:48,2,"Extrem viele Bugs in der neuen App. ständig Abbrüche, kein zurückkommen aus bestimmten Menüs etc.",Google Play Store,2026-09-25T09:15:33.291431+00:00
Zalando,de.zalando.mobile,22b16955-a80b-4fac-a6f9-e8e2226f7d4c,2026-01-24T07:37:48,3,die neue Version bzw. Ansicht ist schrecklich,Google Play Store,2026-09-25T09:15:33.291431+00:00
Zalando,de.zalando.mobile,a8c423e5-26b0-40b6-9b10-311669f9797f,2026-01-21T06:57:13,4,DISGNER NOBLE STYLES GUT ! ERSTE KLASSE DISGNER !,Google Play Store,2026-09-25T09:15:33.291431+00:00
Zalando,de.zalando.mobile,c7cbc5f5-9df8-4da0-a371-d864a5cae039,2026-01-20T16:12:19,5,Super,Google Play Store,2026-09-25T09:15:33.291431+00:00
Zalando,de.zalando.mobile,6389eb26-17cb-4384-a1c4-54976ad194d7,2026-01-19T18:44:08,5,Top,Google Play Store,2026-09-25T09:15:33.291431+00:00
Zalando,de.zalando.mobile,00556bfc-d727-449a-9c33-69583b0c49ca,2026-01-19T14:35:36,1,hängt sich bei der Suche ständig auf.,Google Play Store,2026-09-25T09:15:33.291431+00:00
Zalando,de.zalando.mobile,8017c833-7fcc-4011-aff8-f5f2e41929fa,2026-01-19T14:02:46,1,"zahlst du eine Rechnung, erhält du eine Mahnung. sprichst du das ""Fachpersonal"" darauf an, heißt es, dass die Zahlung nicht eingegangen ist, obwohl du in Echtzeit überwiesen hast... Empfehle ich nicht weiter.",Google Play Store,2026-09-25T09:15:33.291431+00:00
Zalando,de.zalando.mobile,befce381-1072-4755-8600-7f352e4eae96,2026-01-18T19:28:12,1,"Die App reagiert sehr langsam und nervt dadurch total. Mittlerweile überladen mit Partnerwerbung und unbrauchbaren und uninteressanten Videos, sogar in der Galerie der Artikel. Im Grunde funktioniert bei mir dann gar nichts mehr und ich kann von vorne anfangen oder einfach woanders bestellen. Bitte denkt darüber nach, die App wieder benutzerfreundlicher zu machen.",Google Play Store,2026-09-25T09:15:33.291431+00:00
Zalando,de.zalando.mobile,7e2138c9-d22b-458c-a021-50794441af54,2026-01-18T13:54:39,1,"Macht doch endlich mal den Homebutton rein, wie ihn jede andere App hat. Will ich zurück, wird die App einfach geschlossen... Nachtrag zwei Jahre später: 10 Tausend Updates später gibt es nach wie vor keinen Homebutton. Hat man was gesucht und will sich seine letzten Bestellungen angucken oder so, muss man die App schließen und neustarten, wenn man nicht zig mal zurück swipen möchte. ich wüsste gerne was man mit den wöchentlichen Updates eigentlich macht.",Google Play Store,2026-09-25T09:15:33.291431+00:00
Zalando,de.zalando.mobile,78d73a9b-8f88-4b26-9e6b-41c744ed73a9,2026-01-18T08:07:39,2,"Ich persönlich, finde eure neue KI-generierte Startseite leider nicht gelungen. Die Seite wirkt auf mich jetzt, sehr unruhig und total überladen. Schade!",Google Play Store,2026-09-25T09:15:33.291431+00:00
Zalando,de.zalando.mobile,36967195-4d94-4eb8-97a1-12f6fe579079,2026-01-18T07:06:11,1,die neu version ist so unübersichtlich ..,Google Play Store,2026-09-25T09:15:33.291431+00:00
Zalando,de.zalando.mobile,a327f078-ed86-4166-bee3-6bd820af9f4a,2026-01-18T00:03:03,5,es gibt immer wieder gute Schnäppchen kostenlose rückversand was will man mehr. daher schaue ich immer wieder mal rein 👍,Google Play Store,2026-09-25T09:15:33.291431+00:00
Zalando,de.zalando.mobile,6fec0c64-2f09-48ab-88f4-23a4e7efd655,2026-01-17T16:17:04,1,"Es scheint es mir als ob die App und der Kundenservice nicht miteinander kommunizieren. Ich hatte ein paar Schuhe bestellt und dann wurden mir andere Schuhe geschickt, also habe ich den Kundenservice angerufen, damit ich die Schuhe die ich bestellt bekomme. Ich sollte die Schuhe nochmal bestellen und die anderen zurückschicken. Scheinbar wurde das in der App nicht vermerkt, nun sollte ich beide Paare bezahlen, obwohl ich eines zurückgeschickt hatte. Durfte also nochmal den Kundenservice anrufen",Google Play Store,2026-09-25T09:15:33.291431+00:00
Zalando,de.zalando.mobile,b5ee8fd3-584c-48d4-a763-54f5c5b4fb26,2026-01-15T12:38:43,1,"0 Sterne! App geht nicht mehr, aber jetzt auch Ende wegen Betrug wegen Mahnung 3€ Gebühr ohne Erinnerung etc etc etc... Wohl Standardmaache wie man gemerkt hat💰😉 Neues Jahr, neues Geld💪👏💰😉 und Ende von uns allen als Langjährige Kunden!!!",Google Play Store,2026-09-25T09:15:33.291431+00:00
Zalando,de.zalando.mobile,930572a6-ed48-4250-a100-417e7058076d,2026-01-14T17:26:29,2,Seit der Aktualisierung bin ich total unzufrieden mit der Startseite. Unübersichtlich und für mich nicht mehr zu gebrauchen. Schade.,Google Play Store,2026-09-25T09:15:33.291431+00:00
Zalando,de.zalando.mobile,bbde0272-bf84-4eaa-bc07-bf5c18552a13,2026-01-13T23:16:26,1,"echt schade, möchte man Air force 1 07 white bei euch bestellen, erhält man aktuell eine 400 bad request, too many request header fields exceeds servers limit Meldung. neu Installieren und lokale Daten löschen half leider nicht. ist das Produkt tatsächlich vorhanden?",Google Play Store,2026-09-25T09:15:33.291431+00:00
Zalando,de.zalando.mobile,57f044d1-38f2-4ab5-a350-58ef19843695,2026-01-13T20:34:06,5,Wir sind sehr zufrieden,Google Play Store,2026-09-25T09:15:33.291431+00:00
Zalando,de.zalando.mobile,e0791487-fc63-444f-93e3-d6a2a5f38d57,2026-01-13T14:05:13,3,"Ich mag Zalando und mochte auch immer die App. Aber in letzter Zeit hängt diese sich regelmäßig beim Runterscrollen bei der Artikelsuche auf. Neuinstallation hat nichts gebracht. So macht es nicht wirklich Spaß, zu shoppen!",Google Play Store,2026-09-25T09:15:33.291431+00:00
Zalando,de.zalando.mobile,3cd24f20-543a-426f-adec-59eedf19fa90,2026-01-11T23:03:50,3,"App an sich TOP, aber das neue Layout auf der Startseite ist echt unübersichtlich. Man hätte es so lassen sollen, wie es war.",Google Play Store,2026-09-25T09:15:33.291431+00:00
Zalando,de.zalando.mobile,2cf11435-d0cd-4ec3-856b-027747a07183,2026-01-11T21:16:48,5,"Bin sehr zufrieden mit Zalando,auch die Schuhe passen immer!",Google Play Store,2026-09-25T09:15:33.291431+00:00
Zalando,de.zalando.mobile,9c4a7fcc-b6f8-4e2d-bb45-a36a3a4c5938,2026-01-10T23:12:03,1,"Die iOS App war immer super nutzbar, die Android App wirkt hingegen lieblos und mit der Navigation oben statt unten ist sie zu umständlich nutzbar. Außerdem nerven mich die ganzen Stories, ich will gezielt einkaufen und nicht vom einer Shopping App zu mehr Screen Time gedrängt werden.",Google Play Store,2026-09-25T09:15:33.291431+00:00
Zalando,de.zalando.mobile,f0efaba4-fbd7-4a26-9498-ca7fb57f6792,2026-01-10T19:40:19,2,"ich hatte die App, dann konnte ich mich nicht mehr anmelden... seit einem halben Jahr... über die Website geht das, als App nicht... verstehe nicht warum...",Google Play Store,2026-09-25T09:15:33.291431+00:00
Zalando,de.zalando.mobile,4c6d3ab6-d2e8-4aa7-914c-d46b82346f28,2026-01-10T17:36:36,1,Das neue App Interface ähnelt mehr einer chinesischen Billigwaren App. Unpraktisch. Unorganisiert. Unübersichtlich.,Google Play Store,2026-09-25T09:15:33.291431+00:00
Zalando,de.zalando.mobile,61dadbab-d06c-4d33-a181-73f26a073386,2026-01-09T22:57:07,2,"Habe heute den Newsletter bekommen 'Weniger Retouren machen 2026 den Unterschied'. Meine letzte Rücksendung war im Sept. 2023. Da frage ich mich, wo doch überall und immer so fleissig persönliche Daten gesammelt werden, warum ich nun die Aufforderung bekomme, meine Masse anzugeben, obwohl meine letzte Rücksendung schon Jahre zurückliegt und ich immer weniger Bestellungen bei Zalando aufgebe (teurer geworden und langsame Lieferung). Kommt dazu, dass ich auch für andere Familienmitglieder bestelle",Google Play Store,2026-09-25T09:15:33.291431+00:00
Zalando,de.zalando.mobile,304cf897-67fd-448f-9383-5cefcb46a5fe,2026-01-09T15:59:45,5,Bin sehr zufrieden das erste mal bestellt aber bestimmt nicht das letzte mal,Google Play Store,2026-09-25T09:15:33.291431+00:00
Zalando,de.zalando.mobile,142c119f-16a4-49dd-89be-023142d5a096,2026-01-09T08:34:22,1,"das neue Update gefällt mir persönlich überhaupt nicht. Handhabung ist sche!?e, nur noch ein rumgefummel, die Bilder sind so klein sodass man das kleidungsstück kaum erkennen kann was natürlich sehr praktisch ist für ein Unternehmen das Klamotten verkauft. so wie es davor war, hat mir deutlich mehr gefallen. war viel übersichtlicher, Handhabung war super und und mir wurde nicht so viel Zeug gezeigt das mich eh nicht interessiert.",Google Play Store,2026-09-25T09:15:33.291431+00:00
Zalando,de.zalando.mobile,e5ffb059-fb8b-47ca-b469-2c013aa44652,2026-01-08T19:52:37,2,"Aktuelle Änderungen 01/2026 sind suboptimal. Unübersichtlicher Startscreen, unpassende und zu wenige Empfehlungen.",Google Play Store,2026-09-25T09:15:33.291431+00:00
Zalando,de.zalando.mobile,1e182763-e79c-486b-bbc3-80b89b4c0d89,2026-01-08T15:41:06,3,"Bitte die Suche auf den unteren Bildschirmrand verlegen oder zumindest einen Suchbutton dort verfügbar machen. Bitte beim Anwählen der Suche die Tastatur öffnen. Bitte einen dauerhaft verfügbaren ""Home""-Button. Ich bin ständig gezwungen, den Backbutton zu verwenden, bis irgendwann einmal die Startseite erscheint. Bitte die Hermes-Paketverfolgung überarbeiten, ein Zurück von dort gibt es nicht. Der Backbutton reloaded nur die Paketverfolgung. App muss dann beendet und restarted werden. Danke!",Google Play Store,2026-09-25T09:15:33.291431+00:00
N26,de.number26.android,509b81f8-53ed-47ca-ab76-6e708e6554e2,2026-09-24T08:59:47,1,überall Werbung und Pop-ups. es wird einfach unübersichtlich. ich frage mich ob das sein muss. bleibe lieber bei meiner Hausbank.,Google Play Store,2026-09-25T09:15:33.291431+00:00
N26,de.number26.android,b01df951-4d52-4b82-8d97-0122eef391c5,2026-09-24T01:43:29,5,"Funktioniert auch in Vietnam und sonstwo in Asien super, wie Zuhause in Deutschland...meine Lieblingsbank! *******",Google Play Store,2026-09-25T09:15:33.291431+00:00
N26,de.number26.android,790a88bb-b5b8-404d-bedb-dc8ffee3a739,2026-09-23T22:18:58,5,klappt alles reibungslos. Danke,Google Play Store,2026-09-25T09:15:33.291431+00:00
N26,de.number26.android,bef1b007-eaa2-4821-9957-79baa5842f6d,2026-09-23T21:41:35,5,Super bank! Besser geht es nicht!,Google Play Store,2026-09-25T09:15:33.291431+00:00
N26,de.number26.android,573c8365-b4f2-4a13-8e8a-a5acf1f44763,2026-09-23T16:56:45,5,sehr gut,Google Play Store,2026-09-25T09:15:33.291431+00:00
N26,de.number26.android,28ba2c22-4d4f-4f4a-b7a4-e04cce19ea1f,2026-09-23T12:20:30,5,"Bin sehr zufrieden, schon seit 2017 .",Google Play Store,2026-09-25T09:15:33.291431+00:00
N26,de.number26.android,a885e80c-f8d0-45f3-a767-9c8337966730,2026-09-23T08:34:00,5,Ist ok,Google Play Store,2026-09-25T09:15:33.291431+00:00
N26,de.number26.android,e1c93790-56a9-41b0-8a49-f1a25881e881,2026-09-23T00:01:48,5,nicht so gut aber passt,Google Play Store,2026-09-25T09:15:33.291431+00:00
N26,de.number26.android,4bf6bee5-7102-451d-b002-b1ea7dcf0ac6,2026-09-22T18:12:25,4,"Bei mir funktioniert die App bestens; im November 2026 ist meine Karte abgelaufen; nun werde ich schon seit Wochen mit Mails daran erinnert, dass meine Karte abläuft und ich möge doch mal eine neue Karte bestellen. Dazu soll ich die aktuellste Version der App installieren (die ich aber schon habe!) und ich soll mir eine ""Ersatzkarte"" bestellen. Warum?? Was versteht N26 darunter?? Warum geht eine neue Karte nicht einfach automatisch an mich raus?",Google Play Store,2026-09-25T09:15:33.291431+00:00
N26,de.number26.android,97ff6e87-1cd5-4d6e-80a9-04248f630112,2026-09-22T15:43:36,1,Ich kann mich aufgrund der Selfie verifizierung nicht mehr einloggen!,Google Play Store,2026-09-25T09:15:33.291431+00:00
N26,de.number26.android,a2006b93-ca6f-44b5-a022-dbea6eb66337,2026-09-21T17:32:40,5,"Sehr übersichtliche, leicht zu bedienende App - das Erstellen von ""Spaces"" ist eine gute Möglichkeit, um ein Sparziel festzulegen.",Google Play Store,2026-09-25T09:15:33.291431+00:00
N26,de.number26.android,65196693-4e8f-4229-be84-a1c78dfe6dc9,2026-09-21T16:39:25,5,beste Onlinebank die ich kenne. macht bitte weiter so.,Google Play Store,2026-09-25T09:15:33.291431+00:00
N26,de.number26.android,8e93c1af-c8b2-4919-a8eb-92a1330cd683,2026-09-21T15:54:19,4,"I think it is great that there is a freelancer account in a trustworthy modern app! what I am missing the most is the opportunity to transfer money just by taking a picture of the bill. (also, there are a lot of clicks for a Terminüberweisung). and of course - several freelancer pockets to differentiate different expenses would be lovely with several virtual cards (but I had signed up for the private n26 first, so already thrilled that there is finally a freelancer pocket).",Google Play Store,2026-09-25T09:15:33.291431+00:00
N26,de.number26.android,a6819bc1-96dd-4bed-b4a1-ef458c3a5d77,2026-09-21T15:23:32,1,"FINGER WEG!! BETRUG!!! warte seit 3.8.26 darauf das ich mein Geld zurück erstattet bekomme! Schreibe fast jeden Tag eine Mail an den Support, mal kommt die Antwort das die sich bald melden werden.Ein andern mal kommt die Antwort das meine MailAdresse gelöscht wurde und ich mich verifizieren muss. Ich bin am überlegen ob ich zur Polizei gehe und einen Internetbetrug anzeige. Bis heute keine Regelung 20.9.26",Google Play Store,2026-09-25T09:15:33.291431+00:00
N26,de.number26.android,cc57e5a9-141d-46e6-9e08-c9dee0a171ee,2026-09-20T21:27:47,3,App Gut aufgebaut Habe Ein Widerruf Gemacht Grund Mann Hört Immer Wieder Das es zu Konto Sperre Kommt,Google Play Store,2026-09-25T09:15:33.291431+00:00
N26,de.number26.android,03cbb3e1-91e6-4155-8493-aabd010c1f6c,2026-09-20T06:32:23,5,"klar und übersichtlich und einfach zu bedienen, bietet aber alles was eine moderne Banking App braucht.",Google Play Store,2026-09-25T09:15:33.291431+00:00
N26,de.number26.android,2e84c0a1-b753-4338-9ca0-84b89fa6ee75,2026-09-19T16:30:47,1,"Anfangs habe ich diese Bank gemocht jedoch hat die Qualität von ein Tag auf den anderen Nachgelassen. Aufeinmal sind Leute im Support die kein Deutsch können per Telefon irgendwann später kann ich mich telefonisch nichtmal mehr melden bei einem Problem, dann versucht man es per Chat und schildert sein Problem dem ""Mitarbeiter"" im Chat dann kommt die Nachricht tut mir Leid ich kann dir nicht helfen und ZACK ist der Mitarbeiter aus dem Chat raus und ich sitze hier mit meinem Problem alleine!!",Google Play Store,2026-09-25T09:15:33.291431+00:00
N26,de.number26.android,7393949c-79c8-49b8-b398-0cf0185d4454,2026-09-19T16:11:48,4,finde das konto sehr gut aber die kosten für abhebungen und Einzahlung finde ich recht hoch Mit freundlichen Grüßen Steven-Quentin Kunz,Google Play Store,2026-09-25T09:15:33.291431+00:00
N26,de.number26.android,74a06a8c-8d19-41f9-8183-314f945a6c96,2026-09-18T13:37:00,1,ich habe noch ein Guthaben von ca 100€ auf dem Account. ich musste meine Identität nachweisen. habe das sicher knapp 20 Mal versucht. es war mir unter verschiedenen Lichtbedingungen nicht möglich mich zu verifizieren. bei anderen Banken geht sowas. dann lassen wir es halt. ich kann mit diesem Schwachsinn auf jeden Fall nic anfangen.,Google Play Store,2026-09-25T09:15:33.291431+00:00
N26,de.number26.android,a7712a50-75fe-4a35-88a5-d08c8512ebef,2026-09-18T08:51:04,5,"Einfach, schnell, übersichtlich. Top.",Google Play Store,2026-09-25T09:15:33.291431+00:00
N26,de.number26.android,f0b851e5-758e-4f40-9668-112ad14fd150,2026-09-18T03:25:52,1,"Haben eine uralt Schufa Auskunft genutzt und daher habe ich trotz ""sauberer Schufa"" nur ein kostenpflichtiges N26 Flex Konto bekommen. Mehrfach versucht, es ändern zu lassen mit der Bitte die aktuelle Schufa anzufordern, aber nichts. Jetzt habe ich das Konto gekündigt und bin zu einer anderen kostenlosen Bank gewechselt. Wenn N26 mich nur als zahlenden Kunden will, dann verliert sie halt einen Kunden...",Google Play Store,2026-09-25T09:15:33.291431+00:00
N26,de.number26.android,8363fff6-2468-4e58-bb27-494ac7cdbd2a,2026-09-17T16:37:12,5,Alles super.,Google Play Store,2026-09-25T09:15:33.291431+00:00
N26,de.number26.android,ce61073e-ec97-4576-9334-9e0a02308541,2026-09-17T16:13:51,5,übersicvtlich und schnell die finanzen im griff,Google Play Store,2026-09-25T09:15:33.291431+00:00
N26,de.number26.android,8db7b204-bbe9-4aea-8bea-62bbd80ae9a4,2026-09-17T14:41:18,5,macht nie Probleme,Google Play Store,2026-09-25T09:15:33.291431+00:00
N26,de.number26.android,c947950f-6268-4e02-a9f3-30e0468cd2e7,2026-09-17T08:28:18,5,Unkompliziert und volle Kontrolle über die Finanzen .,Google Play Store,2026-09-25T09:15:33.291431+00:00
N26,de.number26.android,09a89cae-0533-4232-918c-9935ece8c436,2026-09-16T16:29:51,1,"Immer langsamer und schlechter. Sehr, SEHR langsame und unzuverlässige Einloggenfunktion. Eine der schelchtesten UI. Es ist fast lustig.",Google Play Store,2026-09-25T09:15:33.291431+00:00
N26,de.number26.android,ad8419f5-029c-4198-a8cc-198f11535aac,2026-09-16T16:22:30,5,"Ich habe die App N26 installiert und ein Konto eröffnet. Es ging alles sehr schnell und reibungslos ab. Meine N26 Bank, ab heute meine Lieblingsbank. Einziger kleiner Nachteil, man kann leider keine Screenshots machen. Das lässt die App nicht zu. Es gibt andere Anbieter bei denen es möglich ist. Aber sehr gerne gebe ich trotzdem 5 Sterne. Sehr empfehlenswert, weiter so, viel Dank.",Google Play Store,2026-09-25T09:15:33.291431+00:00
N26,de.number26.android,1678d3ee-4158-48e9-822a-859fabd1994c,2026-09-16T14:27:47,3,Eine Foto-Überweisung fehlt noch,Google Play Store,2026-09-25T09:15:33.291431+00:00
N26,de.number26.android,c537206a-41e4-4f4d-9db2-a0636d6f78c6,2026-09-16T12:23:26,5,Perfekt,Google Play Store,2026-09-25T09:15:33.291431+00:00
N26,de.number26.android,d15f593f-b17c-4343-b168-d4b899562bf8,2026-09-16T07:02:30,5,"sehr informativ & zuverlässig, eine sehr gute Zusammenarbeit!",Google Play Store,2026-09-25T09:15:33.291431+00:00
N26,de.number26.android,3a87a544-2a47-4cc5-8078-b7e9060f616d,2026-09-16T05:23:27,5,Tip top,Google Play Store,2026-09-25T09:15:33.291431+00:00
N26,de.number26.android,ddf9578a-9589-4120-bdcb-4357be9f4e8d,2026-09-15T16:23:13,5,alles top 👍,Google Play Store,2026-09-25T09:15:33.291431+00:00
N26,de.number26.android,75dddacb-879a-4c57-8dbe-51b7314db886,2026-09-15T14:12:21,1,das ist wirklich sehr schlecht ich würde niemanden empfehlen ich habe 100 euro echtzeit überweisungen gemacht warte ich identident und Konto aktivierung hoffentlich bin ich nicht verarscht,Google Play Store,2026-09-25T09:15:33.291431+00:00
N26,de.number26.android,926ff377-4caa-4beb-9915-aaca48c14586,2026-09-15T09:22:33,5,"great app, works perfecly around the world.",Google Play Store,2026-09-25T09:15:33.291431+00:00
N26,de.number26.android,2345a11b-86b5-48a4-b142-20334766346a,2026-09-15T06:34:24,3,"seit dem letzten Update kommen Benachrichtigungen über ausgeführte Zahlungen etc. sehr spät (oft 2 Tage) oder gar nicht. Früher war das besser. Zudem nervt mich die immer wieder kommenden Gewinnspiele (Gehalt) oder Eigenwerbung. Wenn ich das 2 oder 3 mal wegklicke, sollte bei euch die Nachricht ankommen, das ich das nicht will!!! Ein ""back to the roots"", nämlich ein zuverlässiges Bankgeschäft (inkl. Innovationen oder Verbesserungen) wäre mir lieber.",Google Play Store,2026-09-25T09:15:33.291431+00:00
N26,de.number26.android,f529eb62-cafb-4d18-ae69-d5e02df542f8,2026-09-14T22:44:26,5,Ich bin vorerst sehr zufrieden.,Google Play Store,2026-09-25T09:15:33.291431+00:00
N26,de.number26.android,56c42546-ed1d-400e-adc5-8333316ed589,2026-09-14T21:34:59,1,"Bei der Kontoeröffnung fängt es schon an. N26 wirbt damit, dass die Eröffnung bzw. Überprüfung nur etwa 10 Minuten dauern soll. Ich warte inzwischen seit deutlich über einer Stunde und bekomme weiterhin lediglich die Meldung: „Wir sind noch bei der Überprüfung. Wir benachrichtigen dich, sobald wir fertig sind.“",Google Play Store,2026-09-25T09:15:33.291431+00:00
N26,de.number26.android,6745cbc2-7615-4c5e-847a-dd248bbd7a73,2026-09-13T20:38:49,1,"Ziemlich zugemüllt im Vergleich zum Start, das Design geht auch den Bach runter.",Google Play Store,2026-09-25T09:15:33.291431+00:00
N26,de.number26.android,5feee13c-1fab-4d47-97cb-b5aabfe04a73,2026-09-13T18:14:35,1,schlecht die App kann man nicht einloggen,Google Play Store,2026-09-25T09:15:33.291431+00:00
N26,de.number26.android,412b6d74-f9e3-45f3-94fc-a25f79b6635d,2026-09-13T10:31:56,5,beste Bank die ich je hatte,Google Play Store,2026-09-25T09:15:33.291431+00:00
N26,de.number26.android,0938efcf-74cc-42f8-beab-c8129e3c77bb,2026-09-12T17:27:38,1,"Ich suche eine ganz normale minimalistische Bank bei der Giro, Bargeld und Onlinebanking/Echtzeitüberw. kostenfrei ist (ohne Führungsgebühr und ohne Mindesteingang) und wo man ohne Perso oder Reisepass einfach eröffnet. Ich merke das jetzt wieder ist mein Perso ausgelaufen soll wieder neuen beantragen was auch Geld kostet. Ich bin mir sicher bei den Reichen läuft nie etwas aus und die müssen auch für ihre Konten nie was zahlen,nur wenn man dem Elitenpedoclub nicht angehört ist alles schwer",Google Play Store,2026-09-25T09:15:33.291431+00:00
N26,de.number26.android,605374b4-ac38-4f47-9d66-183c1e353975,2026-09-12T09:40:54,4,Macht bis jetzt was sie soll.,Google Play Store,2026-09-25T09:15:33.291431+00:00
N26,de.number26.android,a4946cfc-86ab-497a-be60-f42c0bc7b95f,2026-09-11T21:12:58,2,"Bitte achtet darauf: Sobald euer Handy gestohlen wird, geht sofort zu eurer Bank oder ruft dort an und lasst euer Konto bzw. eure Bankkarte sperren, damit euer Konto nicht geplündert wird. Bei solchen Mobile-Banking-Apps gibt es leider keine hundertprozentige Sicherheit. Bis die Sicherheitsstandards erhöht werden und beispielsweise eine biometrische Authentifizierung verpflichtend wird, kann es noch einige Jahre dauern.",Google Play Store,2026-09-25T09:15:33.291431+00:00
N26,de.number26.android,ce367cac-92bb-4a18-ab8b-0660fb435ed8,2026-09-11T16:25:41,1,"Sie werden mir kein Konto eröffnen, nur weil ich nicht verstanden habe, als ich die letzte Stufe erreichte, nämlich meine Identität per Video zu bestätigen. Ich habe nicht verstanden, was die Mitarbeiterin sagt, und sie verweigert mir strikt die Kontoeröffnung, obwohl ich ihr gesagt habe, dass mein Mann neben mir ist und für mich übersetzen wird. Sie war nicht einverstanden. Ich fühle mich wirklich wütend.",Google Play Store,2026-09-25T09:15:33.291431+00:00
N26,de.number26.android,b6fb2449-1363-4940-97bf-ed4501cab328,2026-09-11T07:14:08,5,"War immer bei der Volksbank, nun bereue ich es! Die N26 Bank ist tadellos und alles klappt direkt!",Google Play Store,2026-09-25T09:15:33.291431+00:00
N26,de.number26.android,9da6209a-9793-45df-8985-d098bb4db032,2026-09-11T06:14:59,5,"Super App, einfach zu bedienen und der Support ist klasse.",Google Play Store,2026-09-25T09:15:33.291431+00:00
N26,de.number26.android,9d39bcda-1c43-430c-943e-e0f334c33dd3,2026-09-10T20:35:50,5,"Habe die Bank seit vielen Jahren, bin immer noch bestens zufrieden.",Google Play Store,2026-09-25T09:15:33.291431+00:00
N26,de.number26.android,e4134449-2cfb-4563-95bb-4fba2b949b98,2026-09-10T19:57:58,1,"Die App ansich ist gut. Für private Kunden ist die Bank zu empfehlen das Konzept und die Bedürfnisse eines gewerblichen Kontos scheint N26 noch absolut nicht verstanden zu haben. Das fängt bei den einstellbaren Regeln an, geht weiter beim telefon support der nur über die App funktioniert weiter was heißt bei Problemen in die App zu kommen kann man dann nur den chat mit wenig interessiertem personal nutzen und gipfelt darin das mein appzugang seit 3 Wochen gesperrt ist und es keinen interessiert",Google Play Store,2026-09-25T09:15:33.291431+00:00
N26,de.number26.android,fd3a51a7-a84b-4bde-abc8-7b060a06f3d5,2026-09-10T19:28:15,1,"Aktuell unbrauchbar, da man sich nicht einloggen kann. In letzter Zeit nur Probleme mit der App",Google Play Store,2026-09-25T09:15:33.291431+00:00
N26,de.number26.android,b5333e72-b95a-4514-b989-2caf6c8e486f,2026-09-09T23:09:59,5,Super Bank,Google Play Store,2026-09-25T09:15:33.291431+00:00
N26,de.number26.android,8b7dc167-6bf4-49a4-b7dd-f74aed76c4b5,2026-09-09T20:09:16,1,Ich wollte ein Konto eröffnen aber leider kann man in der App seine Identität nicht bestätigen weil mal nur 2 von 3 Button drücken kann der letzte reagiert nicht. Schade,Google Play Store,2026-09-25T09:15:33.291431+00:00
N26,de.number26.android,94d633c4-cbce-4c5a-ad66-81200463d5b5,2026-09-09T19:27:31,3,"Jetzt habe ich über 3 Std. versucht die Legitimation per Ausweis online zu vollziehen und jedes Mal bricht irgendeo im process bei N26 der Kontakt ab. Daher ist ein Stern noch zuviel. Glückwunsch für die, bei denen alles funktionierte. Mittlerweile hat es bei mir geklappt. für mich ist die App aber ein wenig kompliziert.",Google Play Store,2026-09-25T09:15:33.291431+00:00
N26,de.number26.android,523de3a8-1177-49a5-bd00-2a8faa1b0b90,2026-09-09T16:28:29,5,"hatte ein bisschen gehagt mit der App bei der Verifizierung, aber jetzt läuft es perfekt 👍",Google Play Store,2026-09-25T09:15:33.291431+00:00
N26,de.number26.android,c86b23fa-8cd0-472a-93a4-060b8676d1a4,2026-09-09T07:42:35,5,Ich bin mega zufrieden mit der Bank und den Online Funktionen. Am meisten beeindruckt bin ich von den Benachrichtigungen wenn Geld abgeht oder zugebucht wird. Ich bin immer perfekt informiert über meine Kontobewegungen. Also... Daumen hoch... 👍,Google Play Store,2026-09-25T09:15:33.291431+00:00
N26,de.number26.android,9a65a595-6626-428b-aef5-61528d0e4744,2026-09-08T16:48:09,1,"suboptimal, Menüführung und Erfassung von Rechnungen für Überweisungen könnte erheblich verbessert werden.",Google Play Store,2026-09-25T09:15:33.291431+00:00
N26,de.number26.android,fb760957-1300-4103-a1e6-a653270b6630,2026-09-08T12:11:05,1,"Wann kommt endlich WERO? Vor Wochen schrieb mir der Support, ich müsse die App deinstallieren und wieder neu installieren. Hat nichts gebracht. Dann hieß es, der Rollout dauere noch an und WERO würde unter ""Senden"" hinzugefügt. Bis heute ist das bei mir nicht der Fall, obwohl die App auf dem aktuellen Stand ist. Wie lange dauert das denn noch?",Google Play Store,2026-09-25T09:15:33.291431+00:00
N26,de.number26.android,00a5650d-269c-4530-a913-8d24f6c9bbd1,2026-09-08T09:41:05,4,tausend Dank. danke gel,Google Play Store,2026-09-25T09:15:33.291431+00:00
N26,de.number26.android,92b5e7ca-13fc-42d6-a32f-beb9eeb4bd8c,2026-09-07T22:02:37,2,"War früher echt gut. Mit den neuen Kacheln,Hintergrundfraben, etc., total unübersichtlich. Login hängt oft und erkennt die Biometrischen Abdrücke nicht. Kunden Support oft inkompetent umd benötigen 3 Monate für ein Anliegen oder führen Überweisungen aus, ohne Auftrag. Zeit zu wechseln.",Google Play Store,2026-09-25T09:15:33.291431+00:00
N26,de.number26.android,54997e13-c116-43bf-b7be-a65faa0cc435,2026-09-07T19:09:14,5,sehr gute App.Sehr einfach zu bedienen.Bitte alles so lassen wie es ist.Sehr gute Bank.,Google Play Store,2026-09-25T09:15:33.291431+00:00
N26,de.number26.android,634ec7c3-931f-4ac3-b342-23019581a0f9,2026-09-07T16:54:19,1,Kundenunfreundlich kein Kundenservice auf E-Mails Word nur mit fertig E-Mails geantwortet und nicht auf das eingegangen was man fragt. selbst die Antworten hier auf die schlechten Rezensionen hören sich an wie als wenn eine KI Antwortet.,Google Play Store,2026-09-25T09:15:33.291431+00:00
N26,de.number26.android,44e5be39-5c5a-467e-8d3b-ad8d26ebb2dd,2026-09-07T12:53:42,5,einfache Bedienung. gefällt mir sehr,Google Play Store,2026-09-25T09:15:33.291431+00:00
N26,de.number26.android,05afc374-2d62-4ba5-94fa-b70bbe266581,2026-09-06T18:08:13,1,"kann mich nicht anmelden, warum, ist nicht ersichtlich.",Google Play Store,2026-09-25T09:15:33.291431+00:00
N26,de.number26.android,29acd3f6-9b65-4596-b04c-91515cbf4806,2026-09-06T14:47:31,5,top,Google Play Store,2026-09-25T09:15:33.291431+00:00
N26,de.number26.android,3efa5da3-eabf-4db5-a9bb-34236fe29463,2026-09-06T11:02:57,5,"bisher sehr zufrieden. seit dem Update öffnet sich das Konto nicht mehr. nach dem Willkommensbildschirm tut sich nichts mehr! Neustart des Handys hat gereicht. Alles läuft, superschnelle Reaktion des Kundenservice",Google Play Store,2026-09-25T09:15:33.291431+00:00
N26,de.number26.android,47fea11e-cbc8-4535-b4b8-28bdee59ecfd,2026-09-05T09:13:23,1,"Man kann leider kein 0 Sterne vergeben.... Meine physische Karte hat sich deutlich abgenutzt, sie wäre erst in März 2027 automatisch ersetzt, ich wollte die Karte früher auf eigene Kosten erneuern lassen. Die neue Karte habe ich vor ca. 3 Wochen bestellt. Diese sollte vor 02.09. ankommen, kam aber nicht. Ich kontaktierte Support und sie sendeten mir eine weitere per Expressversand zu und haben dabei meine alte Karte gesperrt!!! Jetzt habe ich gar keine und alle Zahlung werden abgelehnt!!!",Google Play Store,2026-09-25T09:15:33.291431+00:00
N26,de.number26.android,84bfeffa-0378-4479-ad9e-c7f57fba6526,2026-09-05T06:19:37,5,"Super Bank, super App!",Google Play Store,2026-09-25T09:15:33.291431+00:00
N26,de.number26.android,120359f0-105d-4c1c-8cc9-7a1f304dbc53,2026-09-04T10:36:56,5,"Die App ist einfach und intuitiv bedienbar. Alles ist sehr übersichtlich gestaltet. Nirgendwo sonst gehen Überweisungen so schnell, sowohl im Ein- als auch im Ausgang. wenn das alles so gut bleibt, habe ich endlich meine Bank gefunden.",Google Play Store,2026-09-25T09:15:33.291431+00:00
N26,de.number26.android,92833947-6e80-4b7f-9d9a-03785a1db957,2026-09-04T00:20:05,1,"ich hatte die App heruntergeladen, er war mìr nicht möglich mein Ausweisdokument einzulesen,,beim vorwärts und Rückwärts bewegen der ID könnte ich diese nicht einlesen, da hab ich die App gleich wieder gelöscht",Google Play Store,2026-09-25T09:15:33.291431+00:00
N26,de.number26.android,5f53d35b-5321-4ffd-9151-91c6683088ef,2026-09-03T17:45:48,5,"tolle Bank nur das Kachel-Design ist furchtbar, bitte wieder rückgängig machen, das ist einfach unübersichtlich.",Google Play Store,2026-09-25T09:15:33.291431+00:00
N26,de.number26.android,f2081efe-ca34-4ade-9c68-4aa1c150d317,2026-09-03T03:27:37,5,TOP!!!,Google Play Store,2026-09-25T09:15:33.291431+00:00
N26,de.number26.android,72093811-0c9a-4c04-9d8c-9a33c6dfe312,2026-09-02T19:51:19,1,ich komm nicht mehr in mein Konto weil nachdem ich die App öffne kein Feld zum Passwort und wie soll ich da rein kommen alles seit diesen Update ich mag die bank wirklich aber das nervt deswegen 2 Sterne,Google Play Store,2026-09-25T09:15:33.291431+00:00
N26,de.number26.android,d94bc183-78ba-4b21-ba7c-fd7677a5bf77,2026-09-02T18:59:24,1,"N26 unterstützt WERO .... lächerlich, nur zum Geld versenden unter Personen, nicht zum bezahlen bei Online Händlern",Google Play Store,2026-09-25T09:15:33.291431+00:00
N26,de.number26.android,4c453125-cc29-4ae8-88c1-6d6d62de97d5,2026-09-02T10:09:23,5,einfach und übersichtlich,Google Play Store,2026-09-25T09:15:33.291431+00:00
N26,de.number26.android,c86a345a-ba96-4d34-bec1-8c1ee5e1e722,2026-09-01T19:41:00,5,Bin von Anfang dabei und sehr zufrieden. Keine Beanstandungen oder dergleichen,Google Play Store,2026-09-25T09:15:33.291431+00:00
N26,de.number26.android,f94fb840-23d9-48bc-ab79-26b77d06e4f1,2026-09-01T19:07:27,5,sehr schnelle Einrichtung (für eine Bank) und einfache übersichtliche UI! Plus endlich Google Wallet Verfügbarkeit (sparkasse 😶‍🌫️),Google Play Store,2026-09-25T09:15:33.291431+00:00
N26,de.number26.android,92c4d741-cfe7-46c2-afb6-57c8bdf27513,2026-09-01T17:41:32,1,"Funktioniert nicht auf GrapheneOS, dann muss ich als Security-orientierter Nutzer wohl eine andere Bank suchen...",Google Play Store,2026-09-25T09:15:33.291431+00:00
N26,de.number26.android,68bca4c1-d385-478c-954b-b152bfa295fa,2026-09-01T11:29:57,4,Schade das man handy nicht mit aufladen kann. Oder ich hab es nicht gefunden,Google Play Store,2026-09-25T09:15:33.291431+00:00
N26,de.number26.android,5acfe321-8ec1-4eb2-9da0-3670b5815514,2026-09-01T05:04:16,4,"Nurnoch 4 Sterne, weil ich seit dem Update keine Screenshots mehr machen kann. Vorher ging das ohne Probleme. Bitte führt das wieder ein. Auch sind sich der KI Chat und Mitarbeiter nicht einig. Der Chat verweist auf Email Kontakt und der Emailkontakt verweist auf den Chat. 2 Aussagen, 1 Problem. Ich hoffe das sich dieses Problem diesen Monat nicht nochmal wiederholt und es dann wieder in einem ""kuddelmuddel"" endet. Ansonsten bin ich sehr zufrieden mit N26.",Google Play Store,2026-09-25T09:15:33.291431+00:00
N26,de.number26.android,b0b0b3aa-b37c-44a5-bb9c-ea4633e890a7,2026-09-01T04:44:17,1,"Es wäre schön, wenn man selbst entscheiden könnte, was auf der Startseite angezeigt wird. Aktuell ist sie völlig überladen, dadurch unübersichtlich und wirkt einfach unordentlich. Bereits 2024 habe ich aus genau diesem Grund ein 1-Sterne-Feedback hinterlassen. Leider ist es seitdem nicht besser, sondern noch schlimmer geworden. Eine individuell anpassbare Startseite wäre dringend wünschenswert.",Google Play Store,2026-09-25T09:15:33.291431+00:00
N26,de.number26.android,b7476868-4334-43ab-b72b-9ac398193f1b,2026-08-31T18:07:55,5,1000% ! Absolut empfehlenswert!!!,Google Play Store,2026-09-25T09:15:33.291431+00:00
N26,de.number26.android,a4f48aec-66ee-404e-aff5-ad2d9b024504,2026-08-31T13:32:53,1,"Finger weg! Plötzlich Sicherheitsprüfung und seit Tagen kein Zugriff mehr aufs Konto. Mein Freund ist nun auch betroffen. Beschwerde an BaFin ist raus. Man kann kein Geld empfangen und auch keine Überweisungen tätigen. Wechsel zur C24 ist für mich die klare Konsequenz. btw. gab's keinen Verstoß gegen irgendwas. Wäre mir lieb, wenn mein Konto einfach gekündigt wird, damit ich an meine Ersparnisse komme...",Google Play Store,2026-09-25T09:15:33.291431+00:00
N26,de.number26.android,88bc80bc-fc3d-44d3-b66a-62757785eb2d,2026-08-31T12:47:27,1,"miserable Bank App, keine Ahnung von Bankengesetzen. extrem langsam in der Bearbeitung. und absolut willkürlich in ihren Sanktionsmaßnahmen",Google Play Store,2026-09-25T09:15:33.291431+00:00
N26,de.number26.android,2a2a8d0f-552e-4cce-a8db-22f1431ef929,2026-08-30T19:08:34,5,"gefällt mir, schön übersichtlich geworden",Google Play Store,2026-09-25T09:15:33.291431+00:00
N26,de.number26.android,8d17ff81-16cb-4345-883c-5467f5c5870c,2026-08-30T12:15:52,5,bin sehr zufrieden mit disem konto,Google Play Store,2026-09-25T09:15:33.291431+00:00
N26,de.number26.android,0a8bc70d-0212-47ae-a90c-d4b5aa61e772,2026-08-30T10:39:00,5,tolle App... einfach und zuverlässig...,Google Play Store,2026-09-25T09:15:33.291431+00:00
N26,de.number26.android,36172099-467e-4be8-a27c-66b496f1f8ba,2026-08-30T06:21:02,5,Sehr angenehme App und Bank.,Google Play Store,2026-09-25T09:15:33.291431+00:00
N26,de.number26.android,f2768a96-fd36-43b3-a6d0-0324c7b654bd,2026-08-30T03:44:40,5,einfach alles perfekt bei dem Konto 😉,Google Play Store,2026-09-25T09:15:33.291431+00:00
N26,de.number26.android,0e32bb7e-a85f-4201-a8a7-88b02816fca5,2026-08-30T02:25:03,1,Achtung! Verarsche! Trotz gültigem Dokument keine Verknüpfung mit Smartphone. Telefonischer Kontakt nicht möglich.,Google Play Store,2026-09-25T09:15:33.291431+00:00
N26,de.number26.android,95966e8d-1bda-4b62-8a0e-9b74d0ebfcd1,2026-08-29T15:25:11,4,"N26 ist wirklich eine gute Bank. Überweisungen funktionieren grundsätzlich problemlos, allerdings wird der Betrag teilweise erst abgebucht, nachdem ich die App komplett neu gestartet habe. Auch Bezahlen, Gehalt empfangen und Online-Zahlungen funktionieren wunderbar. Allerdings gibt es häufig Fehlermeldungen bei der Anmeldung. Beim Öffnen der App wird der Bildschirm kurz verpixelt und beim Wechseln zwischen den Tabs dauert es manchmal sehr lange, obwohl ich ein sehr gutes und aktuelles Handy habe",Google Play Store,2026-09-25T09:15:33.291431+00:00
N26,de.number26.android,6f21c664-17bb-4ae8-b6ef-c328a834ce41,2026-08-29T05:56:26,5,einfach gut. Alle anderen Banken werden eh bald nur noch online mit ki sein.,Google Play Store,2026-09-25T09:15:33.291431+00:00
N26,de.number26.android,38da1aa4-5eef-4b5a-8bc0-abc18feeada5,2026-08-28T16:30:43,1,"Leider sind keine Screenshots in der App mehr möglich. So lässt sich natürlich nicht mehr per Screenshot nachweisen, dass man eine Zahlung ausgelöst hat. Die Ausrede mit ""Sicherheit"" ist Quatsch, denn andere Banken machen das auch nicht.",Google Play Store,2026-09-25T09:15:33.291431+00:00
N26,de.number26.android,31f50c56-b7f5-4a44-8250-4ab3322ffffb,2026-08-28T13:02:19,5,cool,Google Play Store,2026-09-25T09:15:33.291431+00:00
N26,de.number26.android,90c10ec7-5721-4148-ae51-2e87056b9d34,2026-08-28T11:05:59,5,sehr überschaubar und einfach zu bedienen. Sicherheit super,Google Play Store,2026-09-25T09:15:33.291431+00:00
N26,de.number26.android,99fcbc83-f78d-4722-8bfa-b15ccfd39c62,2026-08-28T09:20:45,5,Ist super,Google Play Store,2026-09-25T09:15:33.291431+00:00
N26,de.number26.android,5fd41ee1-c7d0-4486-abd9-d19f1b0b4ff1,2026-08-28T08:39:53,5,"Leicht zu bedienen, wenn man Hilfe braucht, ist jemand erreichbar.",Google Play Store,2026-09-25T09:15:33.291431+00:00
N26,de.number26.android,4235465c-a8af-4ef1-9661-83d2f5fc1399,2026-08-27T23:12:40,5,"Bin absolut zufrieden bis jetzt! Hatte auch schon mit dem Support zu tun und auch hier, schnelle unkomplizierte Klärung! Definitiv eine Weiterempfehlung!!👍🏻",Google Play Store,2026-09-25T09:15:33.291431+00:00
N26,de.number26.android,d141f086-5f60-4c21-89a9-4b383eaea17e,2026-08-27T21:36:07,5,"Ja die App gefällt mir sie ist leicht zu handhaben und es ist alles gut zu verstehen, die Optionen die man hat sind auch gut, die Bedingungen und die Anforderungen die ich an so eine online Banking App habe, werden meiner Meinung nach erfüllt.",Google Play Store,2026-09-25T09:15:33.291431+00:00
N26,de.number26.android,7cad0b40-48c4-4ccb-84b8-e38c91e22c25,2026-08-27T10:37:22,5,einfach und übersichtlich. Top!!!,Google Play Store,2026-09-25T09:15:33.291431+00:00
N26,de.number26.android,977d557f-6a30-417e-b0ba-6e89370c286d,2026-08-27T07:02:42,5,"Sehr bequem, schnell und sicher!",Google Play Store,2026-09-25T09:15:33.291431+00:00
N26,de.number26.android,31ae4603-ed15-4213-8295-1cc442ae3ab2,2026-08-27T06:46:02,3,"Ich war vorher bei C24, diese App ist vom Aufbau komplett anders, viel übersichtlicher, vom Handling einfacher. Ihr solltet Euch mal ein paar Gedanken machen, ob ihr das auch so gut hin kriegt 🤟🤟🤟",Google Play Store,2026-09-25T09:15:33.291431+00:00
N26,de.number26.android,118a37d0-b94e-48dd-8198-f5103d68dc82,2026-08-27T05:58:32,5,Top zufrieden - alles unkompliziert !,Google Play Store,2026-09-25T09:15:33.291431+00:00
N26,de.number26.android,40059fbc-dc51-4cdb-9a91-9335ab4b822f,2026-08-27T05:20:30,5,Sehr gut,Google Play Store,2026-09-25T09:15:33.291431+00:00
N26,de.number26.android,0d3f4f09-5060-4d10-8db2-7d4be63f847c,2026-08-26T17:59:09,3,Eigentlich sehr ist dir App sehr gut.Leider wird aber das Abo nicht beendet sobald man im Negativ ist.Hatte mal ein Abo abgeschlossen und vergessen das zu Kündigen als ich die App deinstalliert habe.Dann wurde mir immer der Betrag vom Abo abgezogen und ich wurde erst per Brief Benachrichtigt als schon ein größerer Betrag im Minus war.,Google Play Store,2026-09-25T09:15:33.291431+00:00
N26,de.number26.android,3f68ca15-9003-4128-a693-c0a7b45dbb56,2026-08-26T16:41:59,5,danke danke super App und super bank,Google Play Store,2026-09-25T09:15:33.291431+00:00
N26,de.number26.android,c8b6241c-1e36-427e-ba57-d985df1c2fd2,2026-08-26T08:12:54,5,Ich bin mit der N26 Bank rundum zufrieden. Als ich ein Problem hatte wurde mir sehr schnell geholfen.,Google Play Store,2026-09-25T09:15:33.291431+00:00
N26,de.number26.android,bbb13245-6baf-48b7-a2f9-5b463a858f34,2026-08-26T06:33:16,5,alles gut geklappt keine Probleme im Ausland,Google Play Store,2026-09-25T09:15:33.291431+00:00
N26,de.number26.android,12e805aa-d286-4508-b7c5-141feece4306,2026-08-26T02:39:51,1,Schreckliche Bank: Anmeldung wird laufend gesperrt!!!,Google Play Store,2026-09-25T09:15:33.291431+00:00
N26,de.number26.android,d618b41f-aca0-4319-8c46-5ebea6fbaa12,2026-08-25T17:25:05,2,"Aktuelles Update ist leider nix Hoffe man findet zu alter App stärke. Aktuell ständige Fehler bei Anmeldung. Neues Design, naja war schon besser ,eigentlich eine der besten Bank App. Hoffe kommt wieder zu alter beständigen Performance",Google Play Store,2026-09-25T09:15:33.291431+00:00
N26,de.number26.android,5493b761-50da-49b1-afc6-ca930f11e291,2026-08-25T14:11:45,1,Konto wird eingeschränkt kein Zugriff auf Geld ohne Ankündigung.,Google Play Store,2026-09-25T09:15:33.291431+00:00
N26,de.number26.android,d61add6a-bbb6-435d-a688-1e28447f4534,2026-08-25T11:39:23,5,"Einfach nur gut und seitdem der Einkommensverteiler mit absoluten Summen funktioniert: Einfach nur perfekt!!! Davon können sich andere Banken eine Scheibe abschneiden, ich bin Fan! Nachtrag vom 24.08.2026: Das neue Design ist Geschmacksfrage, ich finde es ganz gut! Allerdings habe ich seit diesem Update Probleme beim Einloggen per Fingerprint. Dieser Prozess funktioniert oft nicht, erst nach mehrmaligen Fingerprint oder gar nur mit Passwort. Dies sollte schnell behoben werden.",Google Play Store,2026-09-25T09:15:33.291431+00:00
N26,de.number26.android,b1f16393-dc5d-4038-86df-c38e5ac62ef3,2026-08-25T09:48:33,1,N26 ist seit fast 10 Jahren meine Hauptbank. Die App war dabei immer ein Mehrwert – aber das neue Design schießt leider den Vogel ab. Nicht nur ist die UI einfach...hässlich: die Übersichtlichkeit und Bedienung haben ziemlich Abstriche gemacht.,Google Play Store,2026-09-25T09:15:33.291431+00:00
N26,de.number26.android,7b08aee7-3d7f-499c-9f86-0e3e82dac739,2026-08-25T03:58:34,5,Supper und gut kann alles feststelle n wasein geht und aus,Google Play Store,2026-09-25T09:15:33.291431+00:00
N26,de.number26.android,71324671-fba4-423a-b79b-38d24fdb560b,2026-08-24T23:45:50,5,Beste Bank jemals! Einfach geil🔥,Google Play Store,2026-09-25T09:15:33.291431+00:00
N26,de.number26.android,2f6355e3-f908-432a-b4f4-18fd2ccf7e1e,2026-08-24T16:37:36,5,Bitte völllig unabhängig von G.oogle machen. Danke :),Google Play Store,2026-09-25T09:15:33.291431+00:00
N26,de.number26.android,d04cbde2-32b7-4e19-a880-ca83beb85aa6,2026-08-24T12:40:31,3,"stabil außer seit die letzte Aktualisierung, beim Geld senden . die App meldet Fehler obwohl das Geld der Konto abgebucht wurde. bitte unterstützen",Google Play Store,2026-09-25T09:15:33.291431+00:00
N26,de.number26.android,6083e510-46cb-4e5a-9d7e-68da3a132e9c,2026-08-24T11:42:48,5,"War kurz bei DKB, hatte aber Sehnsucht und wieder zurück. Als Fazit kann man sagen, DKB=Schreibmaschine, N26=Star Trek🤣🤣. Ich war schon mal 5 Jahre bei N26, hätte nie gehen sollen. Läuft wie immer als vollwertige Bank perfekt. N26 war immer mein Hauptkonto.",Google Play Store,2026-09-25T09:15:33.291431+00:00
N26,de.number26.android,f5a4163f-a023-46e5-8b3b-20df68354e7b,2026-08-24T10:03:43,3,"War bis jetzt immer sehr zufrieden. Doch heute ist mir aufgefallen, dass ich mich Weder in der App noch im Webbrowser anmelden kann. Hab gewartet, es mehrfach versucht, nichts. was da los?",Google Play Store,2026-09-25T09:15:33.291431+00:00
N26,de.number26.android,6020a2c1-18e1-41a2-8d39-3fb1a8151b3c,2026-08-24T09:59:15,4,Die App muss definitiv technische Probleme haben heute bitte beheben Dankeschön,Google Play Store,2026-09-25T09:15:33.291431+00:00
N26,de.number26.android,35060348-c870-44e7-94d0-a29808ae7367,2026-08-24T09:59:07,3,"immer wieder unerwarteter Fehler, kommt gerade häufig vor",Google Play Store,2026-09-25T09:15:33.291431+00:00
N26,de.number26.android,71ddd25c-df64-4181-bc41-2438fdc1ff9f,2026-08-24T09:58:41,1,"Früher sehr begeistert von der Bank. Heute kann ich mich nicht mehr einloggen aufgrund eines technischen Fehlers. Das nimmt an Häufigkeit zu. Ewig den Support gesucht, der btw ohne Login fast unmöglich ist zu erreichen, meint bitte nur dringende Fragen stellen. Ich will auf mein Bankkonto zugreifen und kann es nicht! wie ist das nicht unter dringend zu kategorisieren?",Google Play Store,2026-09-25T09:15:33.291431+00:00
N26,de.number26.android,585370c5-890e-47aa-b1d1-f8debe13800b,2026-08-24T09:58:13,3,Kann mich nicht ins Konto einloggen. Ein unerwarteteter Fehler ist aufgetreten. In solchen Situationen haben Fin Tech Banken ihren Nachteil denn wenns nicht läuft gibts keinen Ansprechpartner..m,Google Play Store,2026-09-25T09:15:33.291431+00:00
N26,de.number26.android,abc4e636-a9e4-4f68-871b-f9f6f5de7582,2026-08-24T09:57:54,1,"stand heute ! ich kann mich nirgends einloggen, es kommen überall Error Meldungen. Ich muss diese Woche meine Miete ect überweisen!",Google Play Store,2026-09-25T09:15:33.291431+00:00
N26,de.number26.android,4c4f72f8-c6e0-4eaf-9b6d-5c1f88e029ea,2026-08-24T09:55:37,1,"Kein Login mehr möglich ob Fingerabdruck oder mit passwort immer wieder ""Fehler aufgetreten"" Bitte schnellstmöglich beheben",Google Play Store,2026-09-25T09:15:33.291431+00:00
N26,de.number26.android,98d1f012-7cf6-408d-8f4e-949940a2a185,2026-08-24T09:47:53,2,"app funktiiniert nicht, problem mit login",Google Play Store,2026-09-25T09:15:33.291431+00:00
N26,de.number26.android,8241be59-426e-4cee-9dda-d49cd2c8e9ce,2026-08-24T09:42:30,1,nicht empfehlenswert man kommt derzeit nicht in die App rein kann also nichts Überweisen weil da ständig steht es ist ein unerwartetes Problem aufgetreten wirds schwierig man hat demnach keinen Zugriff auf die App und seine Finanzen mehr,Google Play Store,2026-09-25T09:15:33.291431+00:00
N26,de.number26.android,04e8ba57-e2f0-4bfa-baab-9919211c33cf,2026-08-24T09:37:49,1,"Leider auch eine App, die immer schlechter wird. Seit geraumer Zeit funktioniert noch nicht mal mehr der Login richtig.",Google Play Store,2026-09-25T09:15:33.291431+00:00
N26,de.number26.android,ffaafc19-6b6c-48f3-ad17-d3b675f25e33,2026-08-24T09:35:08,1,Login aktuell nicht möglich. Eine Banking App muss zumindest zur Prüfung des Kontostands und der Transaktion 24/7 funktionieren ...,Google Play Store,2026-09-25T09:15:33.291431+00:00
N26,de.number26.android,a678f48f-73dc-41f2-a9da-a038cc576ff6,2026-08-24T08:03:39,5,"Super,volle Kontrolle über das Konto,leichte und übersichtliche Bedienung. Sehr zu empfehlen.",Google Play Store,2026-09-25T09:15:33.291431+00:00
N26,de.number26.android,71494a9d-3e90-42e3-a10e-d0cc5e96d712,2026-08-23T15:15:42,5,seit heute ist das alte Design wieder zurück ... endlich ... die Welt ist wieder in Ordnung. Ansonsten: N26 beste Bank ....,Google Play Store,2026-09-25T09:15:33.291431+00:00
N26,de.number26.android,7d3a95e2-5a4b-4da8-a81b-f396b96fc8c8,2026-08-23T12:36:07,5,"Leider bekomme ich keinen Kontakt zu Wero, bzw. wird mir Wero nicht angezeigt, wenn ich Geld senden möchte. Wo liegt der Fehler? Ansonsten bin ich seit Jahren sehr zufriedener Kund , läuft alles immer rund. Leider hilft mir die Antwort nicht weiter, in der App steht nichts von WERO.",Google Play Store,2026-09-25T09:15:33.291431+00:00
N26,de.number26.android,a4087d1c-f40d-4403-8c5b-864b54bf88ad,2026-08-22T19:03:39,4,"Die App ist übersichtlich und einfach strukturiert. Alles funktioniert wie es soll. Ich empfehle tatsächlich zumindest das Smart Paket zu buchen, da besonders sie Spaces unfassbar praktisch sind. Mittlerweile ist es meine Hauptbank. Man kann dort auch problemlos in ETF und Aktien investieren.",Google Play Store,2026-09-25T09:15:33.291431+00:00
N26,de.number26.android,798838d2-f959-431c-ad0a-5ebce7884a51,2026-08-22T16:55:54,2,"Die Eigenwerbung in der Banking App ist nicht abzuschalten oder auszublenden. Auch bri einem Gehaltskonto und der bezahlten Accountvariante gibt es keine Option, die Eigenwerbung, wenigdtens nach einmaligem Lesen, auszublenden oder wie eigentlich erwartbar auszublenden... hinweise vom Chatbot odef Supportmitarbeiter dazu sind flach oder weichen dem Problem aus, auch wenn man sich direkt und offen als zahlender Kunde beschwert.",Google Play Store,2026-09-25T09:15:33.291431+00:00
N26,de.number26.android,f5fdc0d5-f5f2-4019-a066-c3d30f887085,2026-08-22T14:48:50,3,"In der App schnell Zack Zack fertig ist leider nicht, 0 Übersicht. Bleibt erstmal liegen vielleicht wird's später was draus.",Google Play Store,2026-09-25T09:15:33.291431+00:00
N26,de.number26.android,8988d229-37f5-4300-b443-9d729b7c6cf3,2026-08-21T22:19:02,3,teilweise umständlich,Google Play Store,2026-09-25T09:15:33.291431+00:00
N26,de.number26.android,d935b8a2-a6f7-4443-84c9-8d71e636860b,2026-08-21T09:29:53,5,Sehr zu empfehlen !,Google Play Store,2026-09-25T09:15:33.291431+00:00
N26,de.number26.android,a6d8e8fc-5386-4f6d-bf4b-69952c4e69d6,2026-08-20T13:56:37,1,"von Februar 2026 gin alles gut ohne mir eine Nachricht zu geben haben sie mein Konto gesperrt, wil sie Gemeint haben das anscheinend Pfändung drauf sei, ich habe nach geschaut da steht nicht einmal drauf wär der jenige ist der es anscheinend gepfändet hat dann will ich Zahlungen machen geht auch nicht richtig.keiner sollte N26 benutzen eigentlich 😠",Google Play Store,2026-09-25T09:15:33.291431+00:00
N26,de.number26.android,15e60a7f-8407-4fc9-94ed-c2f9d9d81158,2026-08-20T12:19:44,4,Eine normale Überweisung zu tätigen ist auf diesem App eine Schwerarbeit. 🤮,Google Play Store,2026-09-25T09:15:33.291431+00:00
N26,de.number26.android,971e9a82-be12-4be2-903b-d35835cecc01,2026-08-19T20:10:38,5,"Zeitgemäß, gute App. Endlich mit Wero-Zugang.",Google Play Store,2026-09-25T09:15:33.291431+00:00
N26,de.number26.android,f4adee58-38d6-4ae6-b8a3-8c52d0cac47a,2026-08-19T19:57:29,1,Betrüger: die Haben meine Informationen aufgenommen dann haben mich blockiert. Die sind betrüge passen sie auf keine Konto aufmachen bei denen.,Google Play Store,2026-09-25T09:15:33.291431+00:00
N26,de.number26.android,419d2d6e-f1b3-4f93-a385-55179859f9f5,2026-08-19T19:45:00,1,"Die App wird wirklich immer schlimmer. Diese Unterteilung in Kacheln ist einfach nur unübersichtlich und störend. Lebt der Entwickler in einer Toilette und sieht nur Kacheln vor sich? Die wichtigsten Dinge sieht man nicht mehr auf den ersten Blick. Mit Klarheit und Einfachheit hat sie gar nichts mehr zu tun. Dafür gibt es eigentlich die Menüleiste. Bis man findet was man sucht, scrollt man sich zu Tode. Bank kann weg. Es gibt wirklich viel bessere Apps.",Google Play Store,2026-09-25T09:15:33.291431+00:00
N26,de.number26.android,0d11a91c-4bfd-44ce-856a-d301dd983028,2026-08-19T18:35:55,5,top..,Google Play Store,2026-09-25T09:15:33.291431+00:00
N26,de.number26.android,4fd0fd70-34fd-4c01-856b-dcc3e146cdc9,2026-08-19T17:12:23,5,bin sehr zufrieden mit der App,Google Play Store,2026-09-25T09:15:33.291431+00:00
N26,de.number26.android,eb038422-3af9-4859-b98f-053c78905592,2026-08-18T18:10:38,4,Bis auf ein paar Kleinigkeiten alles bestens,Google Play Store,2026-09-25T09:15:33.291431+00:00
N26,de.number26.android,e64150d1-173f-4527-9f17-ebf084908e08,2026-08-18T18:08:59,5,passt,Google Play Store,2026-09-25T09:15:33.291431+00:00
N26,de.number26.android,86d3d89c-7ec2-4fde-b247-58616eefed50,2026-08-18T11:44:23,1,lässt sich nicht mehr öffnen einfach nur ein schwarzer Bildschirm.. werde wohl kündigen müssen.,Google Play Store,2026-09-25T09:15:33.291431+00:00
N26,de.number26.android,cb7b4192-0a6f-4365-89cb-f0efbfd349b2,2026-08-17T20:53:57,1,"Ich wünsche niemanden, jemals einen Supportfall zu haben. Da landet man in einer Endlosschleife und bekommt fünf mal die selbe Antwort. Katastrophe.",Google Play Store,2026-09-25T09:15:33.291431+00:00
N26,de.number26.android,57c6445a-d661-45e9-9f41-a34b35a05ac3,2026-08-17T09:53:23,5,super zufrieden mit n26 unkomplizierter geht es nicht danke,Google Play Store,2026-09-25T09:15:33.291431+00:00
N26,de.number26.android,1a3e2d19-a315-4400-bd4b-603aeb4c1a93,2026-08-17T09:36:47,5,Bankgeschäfte sind echt einfach.Super Bank.,Google Play Store,2026-09-25T09:15:33.291431+00:00
N26,de.number26.android,f5b68150-9529-4d71-9a1f-59b4b73c5ac1,2026-08-17T09:09:38,1,"Überweisungen unmöglich, hab mein Konto wieder kündigen müssen",Google Play Store,2026-09-25T09:15:33.291431+00:00
N26,de.number26.android,785ee213-df8b-4aa3-b0d3-61ea3ae4bce9,2026-08-16T21:38:59,5,Deutsche Neobank mit Wero.,Google Play Store,2026-09-25T09:15:33.291431+00:00
N26,de.number26.android,67ccd33c-5dcc-49fb-9574-1a0b296992f5,2026-08-16T08:22:11,5,"Ich bin seit 2019 Kunde. Hier gibt es eine der modernsten Apps, die regelmäßig weiterentwickelt wird.",Google Play Store,2026-09-25T09:15:33.291431+00:00
N26,de.number26.android,a4a08935-53a6-470c-9016-074b9d763e48,2026-08-14T13:57:42,5,Zuverlässig,Google Play Store,2026-09-25T09:15:33.291431+00:00
N26,de.number26.android,2c0dd972-e173-4466-af71-239039f042f7,2026-08-14T06:09:16,5,ich bin sehr zufrieden,Google Play Store,2026-09-25T09:15:33.291431+00:00
N26,de.number26.android,af38f7ec-d92e-4415-91ea-d6bc4e177a18,2026-08-13T21:03:03,5,sehr begeistert auch wenn ich das Konto erst seit heute besitze bin ich begeistert da ich es bei meinem besten Freund mitbekommen habe und auch dass der Grund war um mir ein Konto zu eröffnen bei n26👌👍,Google Play Store,2026-09-25T09:15:33.291431+00:00
N26,de.number26.android,f741d607-12b6-4cac-8a0a-08ac9a03555a,2026-08-13T13:46:43,3,geht so,Google Play Store,2026-09-25T09:15:33.291431+00:00
N26,de.number26.android,eaf09ae1-1dcb-4def-95d3-91bb50cab88c,2026-08-13T12:35:08,1,"Die Authentifizierung wird immer schlimmer!!! Eine simple Anmeldung mit Passwort und OTP wäre vollkommen ausreichend! Aber nein, man soll Selfies machen und andere unnötige Schritte, welche überhaupt nicht gescheit funktionieren. Leuts, wenn ich wegen dieser Spielchen nicht mehr an mein Geld komme, setzt es Post vom Anwalt!",Google Play Store,2026-09-25T09:15:33.291431+00:00
N26,de.number26.android,4dbf57fe-1786-426c-967a-8f2e4a53521a,2026-08-13T08:14:40,5,"Bestes Konto, beste App. bin sehr zufrieden und es gibt nichts was diese Bank nicht anbietet",Google Play Store,2026-09-25T09:15:33.291431+00:00
N26,de.number26.android,5210c802-aac7-4f20-bf09-5d14482313ce,2026-08-13T03:27:16,1,"war früher top und preislich in Ordnung, jz nur noch teuer und schlechter Support auch wenn man Premium ist. Zudem sind Funktionen zwischen App und Web teilweise anders und je nach Smartphone muss man die Biometrie öfters einrichten. Wie von anderen bereits erwähnt seit der MiCA gibt es KYC, ... Karte wird plötzlich gesperrt ohne Vorankündigung von Bitpanda, N26, Upvest,etc. die Anzeige der Gewinne/Verluste hatten einen Schiefstand und waren nicht live. Warte bis dato noch auf mein 💵",Google Play Store,2026-09-25T09:15:33.291431+00:00
N26,de.number26.android,9edc28e2-d09f-40b1-b51e-52cd21c4fbac,2026-08-12T15:48:28,1,Leider nur Probleme Konto einfach gesperrt Karte gesperrt man bekommt keine Hilfe App hängt sich immer wieder auf Fehler Meldung,Google Play Store,2026-09-25T09:15:33.291431+00:00
N26,de.number26.android,2323a92e-fc4e-4ee4-b83d-556ce05a3536,2026-08-12T05:52:22,5,super,Google Play Store,2026-09-25T09:15:33.291431+00:00
N26,de.number26.android,65ecaebe-d14e-4189-85a2-66522b4b5d8f,2026-08-11T14:17:50,1,Kein Bock mehr auf eure umständlichen bzw nicht vorhandenen Vorlagen. Nach knapp 7 Jahren bin ich jetzt zu c24 gewechselt und komplett zufrieden 🤷‍♂️,Google Play Store,2026-09-25T09:15:33.291431+00:00
N26,de.number26.android,ead0d1ec-329f-4053-bece-56bd83f832fe,2026-08-11T13:30:10,1,Lässt sich nicht einfach Neuinstallieren und schwebt über 40min im Limbo. The Face Id is the biggest insult aswell and will close my account after leaving this. For what damn reason do i have 2FA enabled and stuff seriously. i only use it once half a year tops for some Kickstarters .....,Google Play Store,2026-09-25T09:15:33.291431+00:00
N26,de.number26.android,64eb04ff-a78b-45f1-a3d8-25daf9e44c35,2026-08-10T21:20:14,5,Das neue Design ist top.,Google Play Store,2026-09-25T09:15:33.291431+00:00
N26,de.number26.android,809d4673-74d6-4edf-9bbb-4d9106fc4cf7,2026-08-10T12:13:24,5,"Bin super zufrieden. Ist jetzt seit 3 Jahren ein treuer Begleiter auf meinem Handy. Die App wird immer wieder angepasst und lässt sich gut bedienen, so dass Alles mit ein paar Klicks erledigt ist. Überweisung per QR Code oder Foto läuft auch problemlos. Besonders die verschiedenen Spaces helfen dabei den Überblick zu halten.",Google Play Store,2026-09-25T09:15:33.291431+00:00
N26,de.number26.android,800bd8b0-bc52-48ba-a48b-97c34db3894f,2026-08-10T09:54:39,1,ich hasse diese app langsam jedes mal alle 3 Monate gefühlt wollen die wieder ein Update und dann soll man noch 1 GB Speicherplatz frei machen ätzend!!! wieso müsst ihr immer was erneuern jedes mal 😠 habt ihr soviel Langeweile,Google Play Store,2026-09-25T09:15:33.291431+00:00
N26,de.number26.android,b88e7251-b6a6-404c-8479-46076510797b,2026-08-10T05:38:45,5,schnelle Antwort Wenn irgendwas ist,Google Play Store,2026-09-25T09:15:33.291431+00:00
N26,de.number26.android,0001f584-5544-433b-a599-c23f6f4557d3,2026-08-09T14:28:56,5,Funktioniert alles so wie es funktionieren soll.,Google Play Store,2026-09-25T09:15:33.291431+00:00
N26,de.number26.android,93559007-03bd-49f5-b164-dcbcd11ac1d5,2026-08-09T13:05:27,3,"Warum kann man mit der Karte nicht mehr als 200,-€ am Automaten abheben?😠",Google Play Store,2026-09-25T09:15:33.291431+00:00
N26,de.number26.android,938c9ccd-3a18-48c5-9856-a3053447216a,2026-08-09T11:01:18,4,"Jetzt wieder unbenutzbar wegen Darkmode. Danke für die Antwort, Nach Neustart geht sie wieder normal. BESSERE Punkte gibt es dann bei Fehlerbehebung. fehler behoben.",Google Play Store,2026-09-25T09:15:33.291431+00:00
N26,de.number26.android,2254f74e-1ced-41b3-8e1d-0baf199e4aa2,2026-08-09T00:14:57,1,zu viel Werbung für kostenpflichtige Produkte verteilt in der ganzen app ersatz der karte bei Beschädigung nicht kostenfrei österreichische Standards werden nicht eingehalten,Google Play Store,2026-09-25T09:15:33.291431+00:00
N26,de.number26.android,30b1743e-b450-400b-8dd7-70eb81cc1470,2026-08-07T20:48:22,1,"Enttäuscht, ich kann die App mit meiner Handynummer nicht verknüpfen, kein Telefonischer Kontakt möglich. Ohne Worte.",Google Play Store,2026-09-25T09:15:33.291431+00:00
N26,de.number26.android,4d654ee5-7e99-4649-b37c-63d5cde2c5f0,2026-08-07T19:29:54,5,Top man bekommt wenigstens Benachrichtigungen wenn Geld eingeht und wenn Abbuchung anstehn,Google Play Store,2026-09-25T09:15:33.291431+00:00
N26,de.number26.android,6e5d1fa3-d349-42c8-a420-54074cd8a935,2026-08-07T11:35:55,5,Seit einigen Jahren dabei. Besser geht nicht 👍,Google Play Store,2026-09-25T09:15:33.291431+00:00
N26,de.number26.android,ee15997d-3e4b-4733-958b-003c121138d6,2026-08-07T09:21:06,5,Funktioniert alles super! nettes neues Design,Google Play Store,2026-09-25T09:15:33.291431+00:00
N26,de.number26.android,6cc5e69e-b6f4-4883-bdf2-33b09470f784,2026-08-07T03:59:33,5,Super einfach zu handhaben. Freundliche Support mit hilfreiche Informationen.,Google Play Store,2026-09-25T09:15:33.291431+00:00
N26,de.number26.android,0df092d6-7922-4fca-8142-9f215d5e7ad9,2026-08-06T11:25:32,5,"Habe keinerlei Probleme mit der App, macht was sie soll.",Google Play Store,2026-09-25T09:15:33.291431+00:00
N26,de.number26.android,55108b8c-5168-4e61-8842-7a32aa48250b,2026-08-06T05:31:40,1,"0 zu empfehlen diese Bank! Es wird mot virtuellen Karten geworben die man direkt nutzen kann und es gibt dort nur nach Tagen eine Karte sei unterwegs, aber das Konto nutzen kann man garniert! man tritt zurück und verlangt deine Gebühren zurück und nichts passiert bei solchen Betrügern.",Google Play Store,2026-09-25T09:15:33.291431+00:00
N26,de.number26.android,26bba802-93bc-4e2a-a528-71f37fb21db1,2026-08-05T21:15:37,1,"nach Jahren der Nutzung entpuppt sich diese Bank zu einer absoluten Dystopie. Die Identitätsüberprüfung schlägt seit Wochen fehl, ich habe alles versucht, im Endeffekt wird man nur von einem Witz eines KI Chatbots im Kreis geschickt, einen echten Service gibt es nicht, nicht mal über die Website ist es möglich einen Support zu kontaktieren, die einzige Möglichkeit scheint hier einen Kommentar zu hinterlassen, bringt vermutlich aber auch nicht mehr. Ansonsten wär das eh eine gute Sache.",Google Play Store,2026-09-25T09:15:33.291431+00:00
N26,de.number26.android,430daa1a-8ec6-474e-8fe7-5a1f7b2ba89e,2026-08-05T19:45:12,5,sehr gute App! übersichtlich und alles was man haben muss,Google Play Store,2026-09-25T09:15:33.291431+00:00
N26,de.number26.android,0fa0f680-3b30-437b-81d0-426cf1670e51,2026-08-05T14:54:45,2,"bis vor 1-2 Monaten war die App super man hatte sein Konto, Aktien und Crypto alles in einem ist zwar jetzt immer noch so aber nun stürzt sie ständig ab teilweise brauche ich 4-5 Versuche um überhaupt meinen Kontostand abzufragen geschweige denn den Zugriff auf meine Aktien ein fix wäre toll, ansonsten kann man jetzt nichts mehr damit anfangen und wenn ich bedenke dass vorher, der Handel mit Aktien keine Gebühr gekostet hatte ist es ein echt riesiger Rückschritt",Google Play Store,2026-09-25T09:15:33.291431+00:00
N26,de.number26.android,f5de04ef-e87b-490e-bf06-c88d59c89d3b,2026-08-05T11:23:26,5,"einfach, spitze & intuitiv!",Google Play Store,2026-09-25T09:15:33.291431+00:00
N26,de.number26.android,9638884f-0412-486a-9896-4526edf27a15,2026-08-04T20:08:13,3,"eigentlich gute App,aber komme seit heute nichtmehr in die App rein. Es lädt die ganze Zeit und dann steht da App schließen oder warten",Google Play Store,2026-09-25T09:15:33.291431+00:00
N26,de.number26.android,76cb6d0c-48a1-4745-9315-e2b040485494,2026-08-04T19:14:51,5,mit N26 habe ich mir meine leben leichter gemacht ! Vielen Dank ❤️,Google Play Store,2026-09-25T09:15:33.291431+00:00
N26,de.number26.android,50b2f10a-db4c-4db3-8654-d66eab2658a0,2026-08-04T17:21:33,5,Intuitiv und einfach zu bedienen.,Google Play Store,2026-09-25T09:15:33.291431+00:00
N26,de.number26.android,ec7e48c7-b54f-4233-a51a-96bf99444188,2026-08-04T15:59:57,5,Super,Google Play Store,2026-09-25T09:15:33.291431+00:00
N26,de.number26.android,e3fdff09-cc62-4588-a6c5-b3858bd82338,2026-08-04T15:58:34,1,"Ich habe seit 2 Wochen keinen Zugriff auf mein Konto. Kann Rechnungen nicht zahlen und muss mir Geld leihen, um nicht zu verhungern. Der Kundenservice ist einfach nur inkompetent bis in die Poren und frech dazu. Ich wechsle die Bank da, n26 anscheinend null interessiert ist, mein Problem zu lösen. Absolute Unverschämtheit",Google Play Store,2026-09-25T09:15:33.291431+00:00
N26,de.number26.android,ef415f15-791e-414e-ace9-ae61f79c0d52,2026-08-04T10:45:01,3,"atm locator doesn't work, get an error when opening. also the ways they tried to push me from the grandfathered program. and the sepa fees.",Google Play Store,2026-09-25T09:15:33.291431+00:00
N26,de.number26.android,a09e8e29-741f-46bf-81eb-5493067de39d,2026-08-04T08:12:17,5,Kann ich empfehlen,Google Play Store,2026-09-25T09:15:33.291431+00:00
N26,de.number26.android,fbd7a5e2-fc37-4fad-8a57-d9f2bf7d326d,2026-08-03T20:35:00,3,"Versucht doch bitte nicht jedes feature dem Kunden aufzuzwingen und gebt mir bitte die Möglichkeit das seitliche wischen zu deaktivieren. Ich will nichts aus einem space bezahlen und auch keine Ratenzahlung! Die App wäre soviel besser, wenn man bestimmte ""Features"" einfach deaktivieren könnte!",Google Play Store,2026-09-25T09:15:33.291431+00:00
N26,de.number26.android,43fb44be-7919-43d3-8fb8-580753ce2bdf,2026-08-03T09:16:44,2,Das redesign der app GUI hätte es wirklich nicht gebraucht. Das hat aus einer guten App etwas echt unintuitives gemacht. Überhaupt... Finde es ist n nogo das ui von Apps wie banking (aber auch accounting etc.) derart umfassend zu verändern. Kein Schritt nach vorne.,Google Play Store,2026-09-25T09:15:33.291431+00:00
N26,de.number26.android,6439466a-a432-4ebd-a150-7dd9b9e0f36c,2026-08-03T08:34:11,1,was stimmt bei euch nicht? Eure Entwickler haben welche Drogen genommen? die App ist optisch eine Katastrophe geworden.... was ist das bei euch los😱?,Google Play Store,2026-09-25T09:15:33.291431+00:00
N26,de.number26.android,302cba83-d3d4-40c3-ae9c-4a3223bc7d55,2026-08-03T06:43:07,5,Super sicherheit,Google Play Store,2026-09-25T09:15:33.291431+00:00
N26,de.number26.android,5ef4f171-fae7-4bd3-b2f8-f09f22a3b78d,2026-08-03T06:09:48,5,Sehr übersichtlich und schön damit zu arbeiten,Google Play Store,2026-09-25T09:15:33.291431+00:00
N26,de.number26.android,8073e238-b778-4ad6-8b02-36be4c80a4ba,2026-08-02T18:37:58,1,"Grundsätzlich ist N26 ein solider Kontoanbieter. Für Gehalt empfangen und Bezahlen funktioniert alles so wie man es sich als Bankkunde erwartet. Wenn es aber um kaufen von Crypto Assets geht ist es eine Katastrophe, der Anfänger kann schon zwischendurch damit abgestraft werden, dass Bitpanda Assets streicht, die dann als Zombies in seinem Portfolio rumlungern mit denen man nichts machen kann. Für das Halten von Krypto-Optionen, mehr ist es nicht, nicht zu empfehlen, daher nur 1 Stern...",Google Play Store,2026-09-25T09:15:33.291431+00:00
N26,de.number26.android,eaf24fe5-415d-4529-ac82-99f7ac38a4e7,2026-08-02T16:23:09,5,Neues Design gefällt mir sehr gut.,Google Play Store,2026-09-25T09:15:33.291431+00:00
N26,de.number26.android,5c46b089-d81f-4adb-b8bc-5ba31cc62fb8,2026-08-02T15:44:28,1,"Bin sehr zufrieden mit allem. Aber seit heute hat sich das Design bei mir geändert. Alles in so mega unübersichtlichen, hässlichen Cards und abgerundeten Ecken. Denke ich bin beim AB Testing in die Design Test Gruppe gerutscht. Bitte bringt das neue Design nie auf den Markt oder macht es immerhin optional zum alten Standard. Dann ändere ich auch meine Bewertung 😃",Google Play Store,2026-09-25T09:15:33.291431+00:00
N26,de.number26.android,9ade5227-6c2e-4661-9c4c-35c71c012f1e,2026-08-02T15:41:59,5,sehr gut und einfach,Google Play Store,2026-09-25T09:15:33.291431+00:00
N26,de.number26.android,d41d3710-1689-4dfc-afeb-4be79aeaea02,2026-08-02T13:34:11,1,"App derzeit unbrauchbar, hängt sich ständig auf.",Google Play Store,2026-09-25T09:15:33.291431+00:00
N26,de.number26.android,42acd610-b5dd-4ed6-a3bd-bb8fe0f17326,2026-08-02T08:22:11,2,"Das neue Design ist wirklich furchtbar. Alles Spaces in der Gesamtübersicht quasi in einem Block, keine sichtbare Abtrennung mehr. So ist das gerade wirklich nicht schön.",Google Play Store,2026-09-25T09:15:33.291431+00:00
N26,de.number26.android,fa341515-637c-4dfe-8d80-322023755d24,2026-08-02T05:46:46,4,"Grundsätzlich bin ich mit N26 und der App selbst seit vielen Jahren zufrieden. Die neue Darstellung der App (besonders die abgerundeten Module) ist designtechnisch schrecklich - auch wenn es wie immer Geschmackssache ist. Ärgere mich jedes Mal, wenn ich die App öffnen muss und überlege deswegen wirklich zu wechseln. Eventuell wäre es ja eine Option, einen Schalter einzustellen für ein normales Design und einen zusätzlichen für dieses unruhige Trau-dich-was-Design.",Google Play Store,2026-09-25T09:15:33.291431+00:00
N26,de.number26.android,beb17151-5312-4df5-822b-1452a8701ed2,2026-08-01T15:09:53,3,"Nachdem Update sieht die App aus wie ein Versuch, etwas besser zu machen und das Gegenteil kam bei raus.",Google Play Store,2026-09-25T09:15:33.291431+00:00
N26,de.number26.android,809232d3-d7d4-4367-a6ec-a1aeeda88bc2,2026-08-01T12:43:58,3,"Wenn ich überweise, kommt immer die Info, dass der Vorgang nicht ausgeführt werden konnte. Die Überweisung wurde dann tatsächlich aber erfolgreich durchgeführt. Was ist denn da los ? Die App ist auf dem neuesten Stand, mein System auch. Deshalb 3 von 5 Sternen. Ansonsten finde ich die Pockets gut, kannte das bereits von meiner vorherigen Bank und bin nur deshalb bei der N26 gelandet. Anfangs waren für mich manche BankingFunktionen schwierig zu finden, mit der Zeit geht's gut.",Google Play Store,2026-09-25T09:15:33.291431+00:00
N26,de.number26.android,462e95b5-1c90-49c5-bc88-11501cca67a1,2026-08-01T07:53:42,2,Vieles ist wirklich gut gelungen. Aber zwei Punkte stören mich enorm: Zum einen ist das Design leider überhaupt nicht mein Fall. Zum anderen nervt der Login massiv. Warum muss man ständig das komplette Passwort eingeben? Eine einfache PIN Funktion wäre viel praxistauglicher.,Google Play Store,2026-09-25T09:15:33.291431+00:00
N26,de.number26.android,79b9c48c-7d9d-4e41-a374-b6650ee7ba10,2026-08-01T06:56:19,5,sehr übersichtlich angelegt,Google Play Store,2026-09-25T09:15:33.291431+00:00
N26,de.number26.android,016bf288-6412-48fd-8825-061530b941e0,2026-08-01T03:30:16,5,Ich benutze N26 seit Jahren und bin mit allem sehr zufrieden! Es gibt nichts zu merkern und alles funktioniert tadellos. Weiter so!,Google Play Store,2026-09-25T09:15:33.291431+00:00
N26,de.number26.android,c91b76eb-73e5-4d39-b9dc-52e65eecff9f,2026-08-01T02:23:17,2,"Jahrelang mit Abstand die aufgeräumteste App unter den Onlinebanken, ein wahnsinnig tolles Nutzungserlebnis. Nutze N26 deswegen auch öfter als die Konkurrenz mit R. Bis jetzt, denn mit dem neuen Update hat N26 genau dieses Merkmal aufgegeben und nun eine wirklich schlechte App. Das Design ist furchtbar unübersichtlich. Unnötige, ablenkende Rundung, man findet nichts mehr. Zusätzlich werden immer mehr Funktionen kostenpflichtig und Metal unattraktiver. Guter Zeitpunkt für Wechsel des Hauptkontos.",Google Play Store,2026-09-25T09:15:33.291431+00:00
N26,de.number26.android,120f6a6e-77f7-4dd3-9c88-c6e19a6df146,2026-07-31T23:03:18,2,"Es hat immer alles wunderbar funktioniert. Seit dem Update ist die App nicht mehr zu gebrauchen, öffnet sich manchmal garnicht und falls ja, dann hängt alles extrem.. Bitte drum kümmern. Das ist wirklich super nervig wenn man für eine Überweisung über 10 min braucht.",Google Play Store,2026-09-25T09:15:33.291431+00:00
N26,de.number26.android,d00b673e-c606-49c3-9e66-ab5ba1a4cac8,2026-07-31T22:58:14,1,komme nicht mehr ins Konto rein !!,Google Play Store,2026-09-25T09:15:33.291431+00:00
N26,de.number26.android,6d1ca094-e773-4443-81fb-989e4ef16fe6,2026-07-31T22:17:45,1,Die neue Oberfläche und Struktur ist sehr schlecht geworden und hat die bisherige super App deutlich verschlechtert.,Google Play Store,2026-09-25T09:15:33.291431+00:00
N26,de.number26.android,9061ab78-ac4f-4eb4-b524-250f22288d88,2026-07-31T21:05:22,1,seit Stunden komme ich nicht rein ins online Banking und keine Chance irgendwie Kontakt zu bekommen,Google Play Store,2026-09-25T09:15:33.291431+00:00
N26,de.number26.android,f74d8791-cedd-45eb-bb16-dbd5bcdcded7,2026-07-31T15:54:53,2,"chaotisch und unübersichtlich - das neue Design macht es nicht besser, im Gegenteil. statt ein eigenes Design zu kreieren hätte man sich besser am Systemdesign orientieren sollen. und vielleicht mal wieder das Business einer Bank in den Vordergrund rücken, und nicht ""Vorteile"" oder eSIM' für Reisen. kontoauszüge haben immer noch nichtssagende Namen ""statement-yyyy-mm.pdf"" warum nicht wenigstens ""Girokonto/Tagesgeld-yyyy-mm.pdf"" ...?",Google Play Store,2026-09-25T09:15:33.291431+00:00
N26,de.number26.android,17c80995-5506-4aac-968c-345131910d20,2026-07-31T11:17:12,1,hängt sich seit dem letzten Update ständig auf,Google Play Store,2026-09-25T09:15:33.291431+00:00
N26,de.number26.android,8601f11a-d6d9-45ee-86c6-527eed82e06a,2026-07-31T06:53:38,5,Beste bank bis jetzt,Google Play Store,2026-09-25T09:15:33.291431+00:00
N26,de.number26.android,7c51604c-df3d-4806-969e-94108a57b072,2026-07-31T06:23:22,3,"nach jedem Update läuft die app schlechter und langsamer, nach dem aktuellen Update braucht die App ca eine Minute, bis überhaupt der Login Screen erscheint und ich erhalte keine Benachrichtigungen mehr. Das ist natürlich mehr als ärgerlich. Vor jedem Update habe ich Angst das es noch schlimmer wird.",Google Play Store,2026-09-25T09:15:33.291431+00:00
N26,de.number26.android,8883857b-355a-4a81-bb63-6c371d3c880e,2026-07-30T19:40:43,3,Seit Jahren treuer Kunde aber das neue Design ist einfach nur hässlich und unübersichtlich. Das alte Design war viel besser.,Google Play Store,2026-09-25T09:15:33.291431+00:00
N26,de.number26.android,954db6e3-393c-4f33-a9fd-bbc6c8516555,2026-07-30T18:41:15,1,"Absolute Katastrophe und reine Abzocke! Ich habe versucht, ein Konto bei N26 zu eröffnen. Meine Verifizierung wurde aufgrund der Gültigkeitsdauer meines Aufenthaltstitels abgelehnt und das Konto gesperrt. So weit, so gut. Das Freche kommt aber erst noch: Obwohl das Konto gesperrt und für mich absolut nicht nutzbar ist, buchen sie weiterhin monatliche Gebühren (z. B. für N26 Smart / Flex) ab! Man wird ausgesperrt, kann den Service nicht nutzen, soll aber trotzdem brav jeden Monat dafür bezahlen.",Google Play Store,2026-09-25T09:15:33.291431+00:00
N26,de.number26.android,8e015019-71b6-4fef-bcfc-88b906fa6a7b,2026-07-30T17:54:22,1,"Ich hab ne maximal 72h Prüfung aus dem Nichts. Kein Geld Transfer geht, Support abgeschaltet. Dieser Laden ist Scam! Aufrufe Nachrichten dauern immer noch ewig, eure Limits sind zu niedrig! Ich rate jedem von N26 ab. Sie bekommen ihre App einfach nicht stabil. Seit Jahren nur Ärger. edit: Wieder nur ein Verweis auf Social Media statt konkrete Auskunft. Seit 1 oder 2 Tagen gesperrt, kein Grund, keine Frist. §675l BGB verpflichtet zur Information - die bleibt aus. BaFin ist informiert.",Google Play Store,2026-09-25T09:15:33.291431+00:00
N26,de.number26.android,2b3fba7a-2eb0-4648-a4bb-e1907473941e,2026-07-30T13:52:40,2,Schlagartig von einer der optisch ansprechendsten Bankingapps zu der hässlichsten geworden. Die Symbole... Das Türkis... 😱 Wirklich schlimm anzusehen.,Google Play Store,2026-09-25T09:15:33.291431+00:00
N26,de.number26.android,87607351-5174-4093-b59e-80f7ab537f4a,2026-07-30T13:14:29,1,"aktuell muss man zu den Kontobewegungen runterscrollen, weil ein Block mit ungefragte Gewinnspiel etc. eingeschoben ist, den man nicht Mal weg klicken kann. Die App ist eh unübersichtlich und überfrachtet, aber das nervt gerade richtig.",Google Play Store,2026-09-25T09:15:33.291431+00:00
N26,de.number26.android,82701127-c392-441f-8fb5-ea7f764ba256,2026-07-30T08:27:36,1,"Wenn man denkt es geht nicht schlimmer ... wird einem glatt das Gegenteil bewiesen. Die App-Entwickler scheinen wirklich komplett unterfordert zu sein. Das es sich hier er um eine Banking-App handelt, war vor über einem Jahr das letzte mal erkennbar... Inzwischen ist die App so verunstaltet, dass ich wirklich überlege das Konto aufzugeben!",Google Play Store,2026-09-25T09:15:33.291431+00:00
N26,de.number26.android,d2922b7b-57a9-4f59-b88b-8d4dc474186a,2026-07-30T03:35:59,5,Läuft alles sehr gut!,Google Play Store,2026-09-25T09:15:33.291431+00:00
N26,de.number26.android,fbd36a3c-b2ac-4a58-8e9a-8bc8b03cf67b,2026-07-29T21:20:15,1,"App lässt sich nicht starten. Angeblich System nicht aktuell, was nicht der Fall ist!",Google Play Store,2026-09-25T09:15:33.291431+00:00
N26,de.number26.android,b2b07e7a-c98e-47b9-a27e-5689e1f82853,2026-07-29T19:23:31,1,"Die Änderung des Designs war völlig unnötig und nervt. Werde evtl wechseln, wenn dieses Design beibehalten wird.",Google Play Store,2026-09-25T09:15:33.291431+00:00
N26,de.number26.android,8c44f769-63b9-4f4a-a8d9-4a360a008b1a,2026-07-29T16:47:46,5,top glücklich und zufrieden,Google Play Store,2026-09-25T09:15:33.291431+00:00
N26,de.number26.android,92651bbb-51f5-474f-939a-f3417a1bb4bb,2026-07-29T16:41:12,5,sehr gute App mir gefällt das man immer und überall Geld einzahlen und abheben kann,Google Play Store,2026-09-25T09:15:33.291431+00:00
N26,de.number26.android,c8e95f9b-6827-4c4d-8806-d98f9a8cd627,2026-07-29T16:32:12,3,Super Bank gute App. Allerdings ist das neue Design echt unübersichtlich und sieht nicht gut aus. Bitte wieder zurück zum alten Design! Danke,Google Play Store,2026-09-25T09:15:33.291431+00:00
N26,de.number26.android,16f0adf5-2d17-46e9-b918-fd2bc18cba98,2026-07-29T16:23:40,5,"Perfekt für Reisen! War in Mexiko unterwegs und habe die Basic N26 Karte überall, Hotels, Märkte, Läden, kontaktlos genutzt. Null Probleme, keine Grundgebühr, keine versteckten Kosten. Aufladen aus Deutschland klappte einwandfrei. Die Ratenzahlung für kleine Beträge gegen fairen Zins hat mir im Notfall den Urlaub gerettet, als ich mich mit dem Taschengeld verrechnet habe. App ist übersichtlich, einfach und zuverlässig. Nächste Reise nehme ich sie definitiv wieder mit! Klare Empfehlung.",Google Play Store,2026-09-25T09:15:33.291431+00:00
N26,de.number26.android,8a5b1dd2-a04b-4785-babd-b414e5985baa,2026-07-29T15:46:17,2,"funktioniert ganz gut. Sehr nervig jedoch, das mit jedem 2ten Update die grafische Darstellung geändert wird. Aktuell schauts aus, als hätte ein Kindergarten diese gestaltet.",Google Play Store,2026-09-25T09:15:33.291431+00:00
N26,de.number26.android,0ab6efd3-fb15-407c-9913-84285310951d,2026-07-29T14:34:26,1,"Unmöglich! Warum? Da wird einem ein Zwangsupdate übergeholfen, sonst kann ich die App nicht weiter nutzen. Leute! Ihr könnt mir nicht erzählen, alles für die Sicherheit! Ich frage mich, was ist denn nun so tolles Neues!",Google Play Store,2026-09-25T09:15:33.291431+00:00
N26,de.number26.android,0cd13646-4e11-4dea-b706-ff59c0ee39a9,2026-07-29T08:39:06,1,unglaublich nervig,Google Play Store,2026-09-25T09:15:33.291431+00:00
N26,de.number26.android,c860c2a9-16a3-415f-b4a2-91c101f0d2ae,2026-07-29T00:14:33,1,"wahnsinn was das jedes Mal für ein Kampf ist wenn ich mich anmelden will, tausend mal bestätigen, hier ein Video, da Ausweis scannen, nochmal Mail bestätigen, dann wieder Passwort tauschen...",Google Play Store,2026-09-25T09:15:33.291431+00:00
N26,de.number26.android,fbe880f2-ceb1-4123-904f-18787285a040,2026-07-28T19:10:29,5,"Ich kann nicht meckern, läuft alles wie es soll... schnell und präzise",Google Play Store,2026-09-25T09:15:33.291431+00:00
N26,de.number26.android,dbb7c706-4a54-470b-b67e-1c41c721b169,2026-07-28T15:07:21,1,Ich möchte wieder alte Version,Google Play Store,2026-09-25T09:15:33.291431+00:00
N26,de.number26.android,9d1054d6-ff14-48ca-b7e4-8b93fdd60b4a,2026-07-28T09:15:05,3,"App funktioniert. Problem nur beim anmelden. Ständig kommt eine Meldung"" Es ist ein Fehler aufgetreten, wir kümmern uns darum"". Trotzdem startet die App",Google Play Store,2026-09-25T09:15:33.291431+00:00
N26,de.number26.android,9110f113-4369-4733-8dc8-02291ab3a8d3,2026-07-28T08:42:12,4,die Funktionen der App sind gut aber verbesserungs fähig.teilweise unübersichtlich aber bietet dennoch alle wichtigen Funktionen.,Google Play Store,2026-09-25T09:15:33.291431+00:00
N26,de.number26.android,1d69f229-8990-4db8-a374-584c2dde7de9,2026-07-28T03:38:36,5,Ich bin sehr zufrieden,Google Play Store,2026-09-25T09:15:33.291431+00:00
N26,de.number26.android,4ae86f99-0b7b-43e6-8b1c-a8290eeecc19,2026-07-27T20:44:01,5,sehr gut,Google Play Store,2026-09-25T09:15:33.291431+00:00
N26,de.number26.android,4d5337cb-e309-4a66-806f-5d1d15308242,2026-07-27T11:43:06,3,geht schon,Google Play Store,2026-09-25T09:15:33.291431+00:00
N26,de.number26.android,ab849adf-5a54-48e0-b028-0b97f0de011f,2026-07-27T03:24:05,5,Die Konto Einrichtung lief reibungslos und schnell . Auch die Bankkarte kam zuverlässig an . Einfache Kontoführung.Im großen und ganzen bin ich sehr zufrieden.,Google Play Store,2026-09-25T09:15:33.291431+00:00
N26,de.number26.android,c9136d70-e22d-4185-9208-e4f1ae3ca4ed,2026-07-25T18:45:28,1,Kündigung Ich wohne in Deutschland nicht im Ausland in Frankreich,Google Play Store,2026-09-25T09:15:33.291431+00:00
N26,de.number26.android,b5e71e07-cd97-47ef-b204-d8b10326e4d0,2026-07-25T18:30:19,2,"Hatte so gut begonnen, leider total nach gelassen. Einzig ist wohl der bot den ihr da einsetzt, Dæmlich bin ich selber dafür brauche ich keinen der noch dümmer ist. Noch dreister ist aber, ihr überweist Summen obwohl es euch verboten wurde, egal kurzum von 100 auf 24%. Stellungnahme wird nicht gepflegt, dafür Werbung ohne Ende, echt schade.",Google Play Store,2026-09-25T09:15:33.291431+00:00
N26,de.number26.android,7c87a084-d498-45dd-8030-ccf045e6dcf5,2026-07-25T18:05:25,1,"es stört mich dass ich fürs Einzahlen am Automaten Gebühren zahlen muss, und dass der Dispo so niedrig ist",Google Play Store,2026-09-25T09:15:33.291431+00:00
N26,de.number26.android,c96b333e-fb03-4735-82db-bcc10064c9a1,2026-07-24T19:30:50,1,NICHT ZU EMPFEHLEN! Teuerste Online konto was es gibt. Nehmen für alles riesige Gebühren. Ziehen Gebühren extra vor geldeingang ab damit die Zinsen kassieren. Ich bereue es zu tiefst !!!,Google Play Store,2026-09-25T09:15:33.291431+00:00
N26,de.number26.android,97303968-678b-444f-b786-e5667c4fc34c,2026-07-24T06:17:27,2,Die App ist okay wenn man nur die Basics benötigt. Sobald es Komplikationen git und der Support helfen soll ist man da hilflos. Ich habe die Premium Version und eine telefonische Hotline gibt es seit Jahren nicht mehr. Der Chat ist auch im Outsourcing und die Mitarbeiter haben vorgegebe Antworten oder teilweise schlecht ins deutsche übersetzt. Leider nicht zu empfehlen über die Basics,Google Play Store,2026-09-25T09:15:33.291431+00:00
N26,de.number26.android,228e73eb-4b6a-44aa-8901-45923840a535,2026-07-23T19:23:46,5,"Komfortabel, gute Handhabung und hilfsbereiter Kundenservice. Alles in der App möglich. keinerlei schreibkram, Post oder sonstiges",Google Play Store,2026-09-25T09:15:33.291431+00:00
N26,de.number26.android,26aff298-d367-46cd-9bbf-a969e6850c03,2026-07-23T13:40:23,3,ich wollte meine E-Mail-Adresse in der App ändern lassen. Nach Bestätigung der E-Mail kommt jedoch eine Fehlermeldung und die App schließt sich einfach. Ansonsten bin ich derzeit sehr zufrieden mit Preis/Leistung. Besser als jede andere Bank.,Google Play Store,2026-09-25T09:15:33.291431+00:00
N26,de.number26.android,817f8b27-6d8d-41ac-9a10-435baabd4205,2026-07-23T13:09:07,1,"App regularly asks for Cookie/Tracking consent. Thats not GDPR conform, sad to see you trying to force someone to click accept all just to not get the popup anymore. If i select No, you need to accept that, you cannot just keep asking, thats not allowed! I will file a complaint with the supervisory authority to investigate. Another fine onto your company, after all Bafin is already investigating your questionable Banking side.",Google Play Store,2026-09-25T09:15:33.291431+00:00
N26,de.number26.android,1410d38b-85b6-4a16-85ae-50843361ddec,2026-07-23T08:06:18,4,parfois jai du mal a me connecter car l'application m'accuse d'avoir fait plusieurs tentatives en un laps de temps.... pourtant ce n'est pas souvent le cas.. ..apart ce petit bémol l'application est Okay...Merci,Google Play Store,2026-09-25T09:15:33.291431+00:00
N26,de.number26.android,1b68d650-d1a7-41ed-9121-650e6888adb4,2026-07-22T17:14:17,1,"Benutze die App seit Jahren und war im Begriff es zum Hauptkonto zu machen - nun wurde plötzlich ein Login mit Selfie, vermutlich über einen google Dienst eingeführt, seither kann ich mich an diesen Geräten nicht mehr einloggen da die App crasht. Nicht jeder, und vorallem immer weniger Menschen wollen google Dienste auf dem Handy haben. Eine Bank sollte davon nicht betroffen sein. Finde ich sehr unseriös. Interessiert scheinbar aber niemanden, da keine seröse Antwort. Korrigiert auf 1 Stern.",Google Play Store,2026-09-25T09:15:33.291431+00:00
N26,de.number26.android,4a4085bc-3d2b-46e6-9cfb-7e503080b68a,2026-07-22T16:29:23,5,bin sehr zufrieden,Google Play Store,2026-09-25T09:15:33.291431+00:00
N26,de.number26.android,ec9fea9a-7e48-4d5c-b2a5-c6ed89491cf7,2026-07-22T16:25:01,1,"Die ständige Abmeldung und die Notwendigkeit, die Identität zu bestätigen. Einmal reicht nicht einmal für ein halbes Jahr. Das ist sehr umständlich.",Google Play Store,2026-09-25T09:15:33.291431+00:00
N26,de.number26.android,e70f30f9-c53c-4c02-9d77-f97bc1ea6fc7,2026-07-22T06:28:06,1,"ich kann mich seit gestern nicht mehr anmelden und die verlangte Authentifizierung funktioniert nicht. es kommen Fehlermeldungen. ich habe die App gelöscht, neu geladen. läuft immer noch nicht.",Google Play Store,2026-09-25T09:15:33.291431+00:00
N26,de.number26.android,68d48aed-8b54-4c5a-aa49-4df81fd80deb,2026-07-22T06:06:27,1,verschiedene Positionen im Aktienportfolio sind eingefrohren und könnrn nicht angewählt werden,Google Play Store,2026-09-25T09:15:33.291431+00:00
N26,de.number26.android,5555991a-f791-4421-ae56-5fbb67b1ba99,2026-07-21T12:50:34,5,bin nach wie vor begeistert,Google Play Store,2026-09-25T09:15:33.291431+00:00
N26,de.number26.android,5c24e9b5-d4d2-456d-b496-4968f5d6b183,2026-07-21T11:17:16,5,läuft Top !,Google Play Store,2026-09-25T09:15:33.291431+00:00
N26,de.number26.android,4b49e8ec-b727-40c7-972a-47bef41362e8,2026-07-20T20:26:26,5,Wunschlos glücklich und erfüllt alle meine Anforderungen. Seit Jahren glücklicher Besitzer einer Kostenlosen (Giro-)Mastercard,Google Play Store,2026-09-25T09:15:33.291431+00:00
N26,de.number26.android,e72de7d1-18fd-425b-b8c0-5c7b6ce51ae5,2026-07-20T15:47:22,2,ständig Anmeldungen nicht möglich,Google Play Store,2026-09-25T09:15:33.291431+00:00
N26,de.number26.android,7fa8ddfb-2a77-46f0-b2e2-648156f4adfd,2026-07-20T14:47:26,5,bin schon länger bei N26 und finde die Übersicht und Geschwindigkeit mega,Google Play Store,2026-09-25T09:15:33.291431+00:00
N26,de.number26.android,9f2590f4-db39-4f9c-9ade-3cd8e034835c,2026-07-20T13:51:18,5,sehr zufrieden mit der Bank. der Kundenservice ist absolut top mit einer Meldung von 24 bis 48 Stunden ohne viel rum zu telefonieren sondern direkt um verständlich und das Problem ist meistens in Sekunden gelöst,Google Play Store,2026-09-25T09:15:33.291431+00:00
N26,de.number26.android,6d46efe0-c770-4c04-b447-c117a1779122,2026-07-20T08:10:15,4,"ist schade das meine Frau keine Karte für mein Konto bekommt, aber sonst eine gute Bank ist zu entfällen.",Google Play Store,2026-09-25T09:15:33.291431+00:00
N26,de.number26.android,2939b1e3-b03a-46c3-8496-9ae15d7613b8,2026-07-20T06:07:01,1,"uuund ein neuer Blocker in der App mir wird angezeigt ""Du MUSST ein neues Passwort setzen. gehe in deine Mails und öffne den Link zum zurücksetzen"" Der link ist aber abgelaufen.. Ein neuer wird nicht versendet... ich bin ERNEUT ausgesperrt.. Der größte Joke? ich kann den Support nicht kontaktieren... telefon? Natürlich nur Premium Kunden... chat? DAFÜR MUSST DU DICH EINLOGGEN!!! WAS NICHT GEHT!!! edit: ""Fehlerbehebung"" des Supports probiert... eine Woche später.. genau dasselbe wieder -.-",Google Play Store,2026-09-25T09:15:33.291431+00:00
N26,de.number26.android,6028b14a-ad5b-4944-81cc-0eb96c524a30,2026-07-20T05:51:43,5,bester konto sehr zufrieden,Google Play Store,2026-09-25T09:15:33.291431+00:00
N26,de.number26.android,be2ffb6a-736e-409c-90ad-e5e1df92aae3,2026-07-19T20:14:39,1,Ich warte seit 9 Monate auf mein Geld vom gekündigten Bankkonto. Es liegt alles vor! Alternativ Bankkonto sogar der geforderte Lohnzettel von mein Arbeitgeber wo das Bankkonto ersichtlich ist. Die Kriminalpolizei Schwerin und die BaFin wurde in Kenntnis gesetzt,Google Play Store,2026-09-25T09:15:33.291431+00:00
N26,de.number26.android,d9a11d9c-2597-478a-bcf0-9d77444224a5,2026-07-19T13:34:14,5,ser gut,Google Play Store,2026-09-25T09:15:33.291431+00:00
N26,de.number26.android,a81fe667-edb0-4d5f-af31-305f9ab39361,2026-07-19T05:02:04,5,die beste Bank ever!,Google Play Store,2026-09-25T09:15:33.291431+00:00
N26,de.number26.android,08fdd7b8-e813-4a1b-a6cf-9c43cb7ec7d1,2026-07-18T19:39:30,1,"ich war zufrieden mit der Bank aber heute musste ich feststellen beim Einkaufen das meine Karte/ Konto ohne Ankündigung gesperrt sei... auf Nachfrage kam dann nur es ist eine Prüfung ,,,, danke für die Prüfung aber wozu muss es dann gesperrt werden und warum gibt es keine info darüber ..ich bin sehr enttäuscht und denke die Bank zu wechseln",Google Play Store,2026-09-25T09:15:33.291431+00:00
N26,de.number26.android,a1beb4e7-39ed-4324-8cd8-505e484ce3be,2026-07-18T14:58:45,3,"Mir wäre Cashback wie Versicherungen wichtiger, wie vivid. Bei c24 kriegt man eine girocard und bei allen Konten tagesgeld. revolut hat eigenes punktesystem. Bei kryptos alarm erstellen fehlt",Google Play Store,2026-09-25T09:15:33.291431+00:00
N26,de.number26.android,2311c686-bb73-40d4-813b-08cfc2283b1e,2026-07-17T11:15:56,5,"Vielen Dank für die hervorragende Unterstützung. Eirini war sehr freundlich, geduldig und professionell. Sie hat mein Problem aufmerksam verstanden und mir Schritt für Schritt geholfen. Ich bin mit dem Service und der schnellen Hilfe sehr zufrieden. Vielen Dank für die tolle Betreuung!",Google Play Store,2026-09-25T09:15:33.291431+00:00
N26,de.number26.android,6a8051dc-c241-42c9-b0f6-ff9666b264cc,2026-07-17T08:46:19,3,"Was soll der neue Look seit der neuesten Version? Zu krasse Kontraste, unsauber positionierte Elemente, unnötige zusätzliche visuelle Details (Schatten etwa), Floating Menu, ... Würde mich sehr interessieren, ob dieses neue Design wirklich besser performt für N26 UND den User. Ich persönlich",Google Play Store,2026-09-25T09:15:33.291431+00:00
N26,de.number26.android,bee8f367-8e34-45eb-baca-ee9e4539a0bc,2026-07-17T07:57:22,5,"Diese meine Bank ist der Hammer (🔨), anders als bei meiner früheren Bank ( bayrische Hypo-und Wechselbank , nachfolgend nach Umbenennung Hypo-Vereinsbank) klappt hier alles wie am Schnürsenkel - und noch dazu mit so geringen Kontogebühren (Hypo-Vereinsbank Gebühr/monatlich ca. 30€) bei weit mehr Leistungen und Vorteilen (die die ""Alte"" gar nicht erst anbot (Unterkonten usw)). Bin rundum zufrieden mit ""Meiner"" Neuen. Vielen Dank für die gute Arbeit des Bearbeitungs-und Supportteams.",Google Play Store,2026-09-25T09:15:33.291431+00:00
N26,de.number26.android,bd2a5543-696a-4d89-8513-c33149f418eb,2026-07-17T07:07:46,3,Soweit bin ich eigentlich zufrieden mit der App. Allerdings ist das neue Design etwas anstrengend für die Augen. Könnte aber an einer persönlichen Präferenz liegen. Ich fand das vorherige etwas minimalistischer und angenehmer. Zum Glück muss ich nicht jeden Tag rein schauen. Wäre super wenn es eine Option gäbe das alte Design zu nutzen.,Google Play Store,2026-09-25T09:15:33.291431+00:00
N26,de.number26.android,3b8a16d6-6833-4f30-9968-aa2e6324e5c6,2026-07-17T06:58:21,1,"Könnt ihr bitte das alte Design wieder einführen oder per Feature Flag das dem Nutzer selbst entscheiden lassen. Das neue Design sieht einfach extrem unpassend aus. Warum diese ""Sektionen""? Das gibt einen extrem nervösen Eindruck.",Google Play Store,2026-09-25T09:15:33.291431+00:00
N26,de.number26.android,9f58287d-6303-4680-a0d1-24b80756bfe2,2026-07-17T06:15:51,5,Neues Design ist Top !,Google Play Store,2026-09-25T09:15:33.291431+00:00
N26,de.number26.android,12921d4e-8622-4465-88d6-0faca64bf647,2026-07-16T17:44:53,4,Ich liebe diese Bank aber das neue Design ist es echt nicht leute. Viel zu rund.,Google Play Store,2026-09-25T09:15:33.291431+00:00
N26,de.number26.android,d69054ed-a5d2-49ac-ad0a-227c5dfcde99,2026-07-16T14:55:46,1,Das Juli 2026 UI-Update ist fürchterlich. Hat das überhaupt mal ein Mensch getestet? Oder liegen meine Bankgeschäft nun vollständig in der Hand von KI?,Google Play Store,2026-09-25T09:15:33.291431+00:00
N26,de.number26.android,310eb60b-a7be-4480-970c-6ed4e16836be,2026-07-16T11:14:08,1,"Eigentlich mochte ich die App. Nach dem redesign fühlt es sich so an als wollten sie Liquid Glass von iOS auch irgendwie auf Android bringen. Es ist nun sehr unübersichtlich und viel zu viel Platz verschenkt, dazu keine gratis Trades mehr (max 10 bei Platin) sehr schade",Google Play Store,2026-09-25T09:15:33.291431+00:00
N26,de.number26.android,e5d05dd3-10d4-42c2-8daa-f49c80a9dceb,2026-07-16T09:21:56,2,"Positiv: * Rein digitale Bank, kein Papierkram und alles in der App machbar * Kostenlos und mit Zugang zu allen Bankautomaten machbar (wenn auch beschränkt beim abheben und einzahlen) Negativ: * Aktienhandel nicht automatisiert zugänglich (daher nicht für andere Anwendungen einsehbar) * Kontoeröffnung im Urlaub mit falschen AGB und Einschränkungen im Heimatland möglich! * Kostenlose Features stagnieren! * Paid Features dominieren",Google Play Store,2026-09-25T09:15:33.291431+00:00
N26,de.number26.android,ab2d2aa1-e55b-4aaf-97b1-619ba7ea8ec4,2026-07-16T08:12:04,1,-5 Stars for the new design,Google Play Store,2026-09-25T09:15:33.291431+00:00
N26,de.number26.android,b8e7a08e-0cc7-492f-b269-8c18f187f5d2,2026-07-16T07:03:52,1,"bis heute war alles super , dann wollte ich einkaufen gehen und meine Karte ging nicht obwohl ich genug Geld auf dem Konto habe , dann kam das mein Konto überprüft wird das sei Vorschrift hieß ! Aber ohne eine Benachrichtigung das es gemacht wird das geht garnicht ! Und das bis zu 3 Tage 😡😡 habe nix zu essen und trinken das kann nicht wahr sein ! Man muss jemanden doch wenigstens die Chance geben das er sich darauf einrichten kann !😡😡😡🤮🤮🤮und von was soll man leben ?!🤢",Google Play Store,2026-09-25T09:15:33.291431+00:00
N26,de.number26.android,63dee145-a0cf-4e98-bd21-8ab32c3f9902,2026-07-16T07:03:18,1,"The app itself is fine, but the Bank is a nightmare. U transfer money to another country bank via swift, yet up can't get the receipt! I will finally move over to another Bank",Google Play Store,2026-09-25T09:15:33.291431+00:00
N26,de.number26.android,842bd0a3-b691-46dc-bf35-2062f790320f,2026-07-16T06:29:33,5,Einer der besten und schnellsten Banken. Auch der Support ist immer freundlich und lösungsorientiert.,Google Play Store,2026-09-25T09:15:33.291431+00:00
N26,de.number26.android,53ccc0b7-0cb6-43e8-b085-14b25bf8e876,2026-07-15T18:26:08,5,bin echt voll zufrieden mit N26,Google Play Store,2026-09-25T09:15:33.291431+00:00
N26,de.number26.android,a1de473b-e99c-49c7-8f0e-866e8e0e3742,2026-07-15T17:59:11,5,"Funktioniert wie es soll, alles Top!",Google Play Store,2026-09-25T09:15:33.291431+00:00
N26,de.number26.android,aca3fc21-7e42-4219-bab7-60f531857a35,2026-07-15T17:28:17,1,komme in dieser app nur bis zur landeseingabe,Google Play Store,2026-09-25T09:15:33.291431+00:00
N26,de.number26.android,519edd27-be46-4edc-aa48-3da9967a2e6b,2026-07-15T16:31:48,1,Normale Bank: Problem → Support → Lösung. Alle glücklich.. N26 : 1 Problem → 40 Support Ticket → 40 verschiedene Mitarbeiter → 1 Copy and Paste Antwort. Kunde sucht neue Bank..,Google Play Store,2026-09-25T09:15:33.291431+00:00
N26,de.number26.android,84deb817-8e84-4793-a00f-ac107be5938a,2026-07-15T14:38:47,1,Was habt ihr getan? Nach all den Jahren jetzt so ein schreckliches unübersichtliches Design???? Sagt mir bitte das man es irgendwo wieder zurück ändern kann. Das geht ja gar nicht!,Google Play Store,2026-09-25T09:15:33.291431+00:00
N26,de.number26.android,5766b2ad-95be-4e02-8a7e-5e58a3cbffae,2026-07-15T12:29:41,3,"das neue Design gefällt mir sehr. an sich. benutze ich die Bank auch schon sehr lange? hat eigentlich nie Probleme. mir gefallen die ganzen virtuellen Karten etc. das einzige was nicht so geil ist, ist, dass man nicht wirklich ein Dispo bekommt. das ist irgendwie ein bisschen blöd gemacht, aber sonst super",Google Play Store,2026-09-25T09:15:33.291431+00:00
N26,de.number26.android,b7fb8241-1b7b-4e48-b5d8-8449386ca64e,2026-07-15T11:07:57,5,eine sehr praktische und gut durchdachte App.,Google Play Store,2026-09-25T09:15:33.291431+00:00
N26,de.number26.android,6ae0b8d1-1da7-49fa-b63f-865dccb9c95c,2026-07-15T05:59:38,1,Funktioniert nicht,Google Play Store,2026-09-25T09:15:33.291431+00:00
N26,de.number26.android,a5ac8234-fb68-4d1e-8652-80e1890c7f76,2026-07-14T23:55:13,4,Bei Problemen könnte müsste man besseren Ansprechpartner kriegen,Google Play Store,2026-09-25T09:15:33.291431+00:00
N26,de.number26.android,ce72b742-c616-47a6-be1b-3cd0b313e335,2026-07-14T13:14:41,1,Login immer komplizierter. Unbrauchbar.,Google Play Store,2026-09-25T09:15:33.291431+00:00
N26,de.number26.android,d2bf7149-f0ca-4514-8b74-2cd53da873e3,2026-07-14T08:37:07,5,super App,Google Play Store,2026-09-25T09:15:33.291431+00:00
N26,de.number26.android,e1bf73d6-d17f-49fd-97eb-f9f73a29df92,2026-07-13T12:42:32,1,"Absolute Katastrophe, wenn App nicht funktioniert, keine Kontakt Möglichkeit besteht. Schlimm, dazu Ansage in Englisch!!! En twenty six für deutsche Kunden....😂 sämtliche Tage sind vergangen, niemand meldet sich bei mir. telefonisch oder per Email. Skandal. Das ist Bank??? Dann sogar hier Behauptet Bank N26 Service,ich sollte per App mich melden, nun das nicht funktioniert!!! Dummer geht es nicht...., nun warte ich auf die n26 Antwort.",Google Play Store,2026-09-25T09:15:33.291431+00:00
N26,de.number26.android,25d1799e-b701-4d48-a2b4-2e62d74472ba,2026-07-13T10:13:07,1,nicht gut,Google Play Store,2026-09-25T09:15:33.291431+00:00
N26,de.number26.android,6e50650e-e38c-4e2e-a432-a086a3bf19bc,2026-07-12T18:33:40,5,beste,Google Play Store,2026-09-25T09:15:33.291431+00:00
N26,de.number26.android,2b8a3a0c-7df2-47a7-a40c-5e0d1019e09e,2026-07-12T14:22:52,5,n26 ist gut umzugehen,Google Play Store,2026-09-25T09:15:33.291431+00:00
N26,de.number26.android,71d6432a-7275-48e9-b97e-fb5628c4e3b7,2026-07-11T20:56:38,5,einfach top,Google Play Store,2026-09-25T09:15:33.291431+00:00
N26,de.number26.android,72adfa63-cc11-49a3-9749-cf515e28b811,2026-07-11T20:26:36,4,"Ich fänd es noch besser, die monatlichen Übersichten über Eingänge und Ausgänge dauerhaft nachvollziehen zu können in der Rückschau. Das fehlt mir ein bisschen.",Google Play Store,2026-09-25T09:15:33.291431+00:00
N26,de.number26.android,c62eada1-a274-4612-b3a5-2915929b8a6f,2026-07-10T16:33:02,5,Bin sehr zufrieden und verwende N26 mittlerweile als Hauptkonto. App funktioniert tadellos und die Bedienung ist wirklich top.,Google Play Store,2026-09-25T09:15:33.291431+00:00
N26,de.number26.android,b8d44351-2c77-407e-b80f-657f9271a10a,2026-07-10T16:14:07,1,"Sie war Recht gut und Übersichtlich, seit ein paar Wochen wurde sie jedoch überarbeitet und versucht auf modern zu machen, was sie jedoch unübersichtlicher und zu vollgestopft erscheinen lässt.",Google Play Store,2026-09-25T09:15:33.291431+00:00
N26,de.number26.android,dd175c0b-52a1-49a0-9bda-8164cd6b837b,2026-07-10T06:06:28,5,Sehr gut 👍 und einfach überschaubar,Google Play Store,2026-09-25T09:15:33.291431+00:00
N26,de.number26.android,b5a2be8d-e35b-4d8a-bdee-d410a3cca240,2026-07-09T22:19:40,5,super Bank App 👍😃,Google Play Store,2026-09-25T09:15:33.291431+00:00
N26,de.number26.android,8f986295-9639-4140-9c30-23d255f5a530,2026-07-09T21:02:59,1,keine Option zum Konto schließen,Google Play Store,2026-09-25T09:15:33.291431+00:00
N26,de.number26.android,72252f17-9217-498c-b0d4-299f182ac294,2026-07-09T19:40:49,5,"Top Bank, absolut keine Probleme. Bin Mitglied seit es sie gibt. Gibt es derzeit zufällig ein Problem mit dem Dispokredit? LG Alex",Google Play Store,2026-09-25T09:15:33.291431+00:00
N26,de.number26.android,2bdc4ccd-176b-4743-919d-6be044301865,2026-07-09T10:18:42,5,N26 ist die beste Bank,Google Play Store,2026-09-25T09:15:33.291431+00:00
N26,de.number26.android,dddf8e45-0b28-40b0-b0e2-011e9336e84a,2026-07-09T07:02:07,1,absolut unmöglich man kommt nur per App rein nicht per Computer die gesichtserkennung funktioniert nicht ein absolutes Startup was sich zurückentwickelt schade,Google Play Store,2026-09-25T09:15:33.291431+00:00
N26,de.number26.android,36265f00-133b-4162-a698-c77c3551ee38,2026-07-08T17:20:49,1,❗Achtung! Die Bank kündigte vorher genehmigte Dispo Rahmen und schreibt dann bei Überzug von 1-2€ direkt mahnungs Briefe mit gebühren wo aus 1-2€ direkt 15€ werden. So verdient die Bank anscheinend ihr Geld ....! absolut unseriös,Google Play Store,2026-09-25T09:15:33.291431+00:00
N26,de.number26.android,8630c0a8-413f-456e-b3d1-8365f8624823,2026-07-08T15:51:28,5,It just works,Google Play Store,2026-09-25T09:15:33.291431+00:00
N26,de.number26.android,3b0bd2b3-732d-404a-afd2-d47c7a133fc5,2026-07-07T18:24:21,3,"Eigentlich recht übersichtlich, leider bekomme ich keine Nachrichten über Geldbewegungen",Google Play Store,2026-09-25T09:15:33.291431+00:00
N26,de.number26.android,60648dac-8250-462e-8019-348a54911d71,2026-07-07T13:47:47,1,"Ein schlechter Support. Klar, ich habe ein Modell ohne Telefonsupport, aber dann muss auch der Chat in der Lage sein Probleme zu lösen. Ist die KI leider nicht! Ich will eine Aufstellung meiner Investments (und nur der) zum 30.06. als pdf oder csv abrufen. Ist nicht möglich! Und die KI redet nur im Kreis, findest aber auch keine Lösung. Der Service ist damit stark verbesserungswürdig.",Google Play Store,2026-09-25T09:15:33.291431+00:00
N26,de.number26.android,32a08c0b-c39d-495a-8726-78d838f89995,2026-07-07T13:37:36,5,"Ich bin sehr Zufrieden, kann ich nur empfehlen 👍🏻☺️",Google Play Store,2026-09-25T09:15:33.291431+00:00
N26,de.number26.android,898273d9-3b5f-48b9-bebe-f1bc721bd8d4,2026-07-07T12:11:36,3,"Ständige Login Probleme, empfohlene Neuinstallation bringt nichts, man versucht die Schuld zum Anwendergerät zu schieben - ist allerdings die einzige App wo's Probleme gibt...",Google Play Store,2026-09-25T09:15:33.291431+00:00
N26,de.number26.android,743090e6-7bf0-4585-8470-16a4e330c1d6,2026-07-07T09:20:57,5,funktioniert seit Jahren super...,Google Play Store,2026-09-25T09:15:33.291431+00:00
N26,de.number26.android,c5e99644-1e8a-4ace-aa92-ca421e6c7380,2026-07-06T20:39:33,5,"Super Bank, unkompliziert, super schnell und günstig. Leider 1 Stern Abzug weil trotz vernünftigem Geldeingang regelmäßig beim P Konto kein Dispo möglich. Schade ansonsten perfekte Bank Update 2026: Leider immer noch kein Dispo obwohl teils Geldeingangsdurchschnitt 3-6monate bis zu +3000€. Schade. Grosses Plus: Geld kommt IMMER 1 Werktag vor dem normalen Zahltag Abends 20-22Uhr - zB alle kriegen Montags den 30.06 ihr Geld, die n26 User Freitag 27.06. TOP",Google Play Store,2026-09-25T09:15:33.291431+00:00
N26,de.number26.android,aab9700e-8b5e-4fd7-9b14-a493c7e35db7,2026-07-06T19:37:36,5,Kann diese Online Bank nur Empfehlen Seit Jahren dabei und sehr zufrieden.,Google Play Store,2026-09-25T09:15:33.291431+00:00
N26,de.number26.android,55a530ec-3ff4-4aed-ab18-f9bafca2d5e5,2026-07-06T18:41:06,1,"Support nicht existiert, keine Benachrichtigung oder E-Mail falls den Konto geschlossen oder eingeschränkt wird. €55,22 verschwunden.",Google Play Store,2026-09-25T09:15:33.291431+00:00
N26,de.number26.android,a56a7d61-36ce-4f26-b702-a8bbf981f657,2026-07-06T18:34:36,5,ist eine Top Bank,Google Play Store,2026-09-25T09:15:33.291431+00:00
N26,de.number26.android,e00c33e6-a7f1-4371-b567-f390c0bf4ad8,2026-07-06T16:02:58,5,Sehr praktisches Konto mit vielen Möglichkeiten zur cleveren Organisation wie zum Beispiel die vielen Unterspaces und die unkomplizierte Handhabung.,Google Play Store,2026-09-25T09:15:33.291431+00:00
N26,de.number26.android,12e0d7dd-9598-45ee-b026-8adeaa14b4fe,2026-07-06T15:54:40,1,"Ich bin maßlos enttäuscht: als early adopter nach über 10 Jahre zum ersten mal ein Betrugsfall gehabt, sofort reagiert (ja leider nur via Chat erreichbar) und trotzdem steht man am Ende alleine da und bleibt auf dem schaden sitzen 😡 Nach all der Zeit werde ich dann wohl doch wieder zu einer richtigen Bank wechseln - wenn bei einem ausgefeilten Multi-Level Phishing-Betrug keinerlei Schutz und Kooperation geboten wird ist jegliches Vertrauen dahin...",Google Play Store,2026-09-25T09:15:33.291431+00:00
N26,de.number26.android,871c2e42-e583-4393-8f84-3f1e141a1836,2026-07-06T14:23:30,1,"Solange alles läuft, prima, aber sobald Du Support benötigst, wirst Du ohne Lösung von einem Chatbot zum nächsten geleitet. Das ist nicht der Service, den ich von einer Bank erwarte, der ich mein Geld anvertraut habe.",Google Play Store,2026-09-25T09:15:33.291431+00:00
N26,de.number26.android,806349ae-0910-4fda-a6fb-d65d4802db14,2026-07-06T13:56:07,1,"1 Stern ist noch zuviel versuche seit 3 Jahren das Konto zu kündigen es wird nicht bearbeitet und die Kündigungsschreiben werden ignoriert. Stattdessen verlangt man weiter Gebühren und schaltet obendrein einen Rechtsanwalt ein. N 24 ist nicht zu empfehlen und unseriös, hier ist keine Einigung seitens N24 möglich.",Google Play Store,2026-09-25T09:15:33.291431+00:00
N26,de.number26.android,04e8d8b6-36ca-44b2-bed4-b1a1ef279b09,2026-07-05T11:35:19,5,Sehr gut sehr zufrieden,Google Play Store,2026-09-25T09:15:33.291431+00:00
N26,de.number26.android,4203e23a-7554-48ab-9286-100544b37481,2026-07-05T04:43:19,5,Gute Bank,Google Play Store,2026-09-25T09:15:33.291431+00:00
N26,de.number26.android,01294d91-bd3d-452f-aa14-b97610dfaf9d,2026-07-04T17:58:06,1,"soll selfie machen,",Google Play Store,2026-09-25T09:15:33.291431+00:00
N26,de.number26.android,a7b5bc20-e2bf-4cef-a4ae-1910c4cdcf32,2026-07-04T16:30:24,3,"Ansicht ist die Online Bank echt super, die Payback geschickt ist auch cool aber das man als Unternehmer sein Unternehmer namen nicht benutzen kann ist nicht so gut. Das kommt leider sehr unprofessionell an kunden.",Google Play Store,2026-09-25T09:15:33.291431+00:00
N26,de.number26.android,9e606c11-4b03-44e3-9e20-1e714e750648,2026-07-04T15:25:22,1,"haltet euch fern von dieser ""Bank"" von jetzt auf gleich wurden unser Geschäftskonto gekündigt langjährige Telefonummer ebenso und es wurde nicht mal zu übertragubg freigegeben. Wir wurden nur hingehalten. Jetzt ist alles ok für euch aber wehe es geht etwas schief dann bekommt ihr nur Probleme. Unser Geschäftskundennummer wurde nie freigegeben. Jetzt haben wir das Problem nicjt N26!",Google Play Store,2026-09-25T09:15:33.291431+00:00
N26,de.number26.android,890cd16a-e14e-4b68-b80b-23c965d93655,2026-07-04T10:11:21,5,"Absolut unkompliziert, ein Konto ist in zehn Minuten total unbürokratisch eröffnet und ist sofort verfügbar. Kommunikation bei Problemen perfekt, die app ist selbst für technische Laien sehr intuitiv und gut zu bedienen. Bargeldbezug ohne Karte bei vielen Geschäften einfachst möglich. Echt top...",Google Play Store,2026-09-25T09:15:33.291431+00:00
N26,de.number26.android,4855bcd9-fdf9-4fd9-a64e-b97e58fa89d4,2026-07-04T05:38:18,1,"Ich habe diese Bank und die App geliebt, da sie bis vor kurzem noch auf GrapheneOS lief. Als Entwickler finde ich es zudem absurd, nun auf Play Integrity zu setzen, wenn die TEE/StrongBox intakt ist, da es sich hierbei um eine dedizierte Einheit handelt. Ich wurde gestern aus Sicherheitsgründen aufgefordert, mein Passwort zu ändern, und dadurch den Session status verloren, neu anmelden geht nicht mehr. Ändert das zurück ich habe keinen Zugriff mehr und werde wohl die Bank wechseln",Google Play Store,2026-09-25T09:15:33.291431+00:00
N26,de.number26.android,e1616cf4-367b-4b4c-9222-7f2a960a9464,2026-07-03T15:58:24,2,"wegen der neuen Gebührenverordnung mus ich leider Abschied von euch nehmen. das mann noch Gebühr verlangt obwohl man nichtmahl us Aktien Handeln kann ist Traurig. Dazu ist eure Auswahl nicht Ausreichend, und nicht gut weil kein OTC Markt angeboten wird. Ist man in fast allen in Nachteil. bei Crypto sind die Gebühren so hoch, das mann so gut wie kein Gewinn machen kann. Echt Traurig Ansonsten Überweisungen gehen Schnell und sicher. In Ausland wie Inland ist abheben möglich.",Google Play Store,2026-09-25T09:15:33.291431+00:00
N26,de.number26.android,55cfa549-5906-420b-8d43-f462ef757cf8,2026-07-03T13:32:37,5,"Standardmäßig sind Screenshots deaktiviert, man kann das aber selbst ändern: Tippe dazu in der N26 App oben rechts auf deine Initialen und gehe zu ""Einstellungen"" - ""Sicherheit"" - ""Screenshots unterbinden"" um diese Sicherheitseinstellung zu deaktivieren... (weis ich nun, dank der raschen Antwort, des Entwickler Teams ☺️)",Google Play Store,2026-09-25T09:15:33.291431+00:00
N26,de.number26.android,60d03af2-6dee-4274-8c0e-5550ada03f7a,2026-07-03T02:58:25,1,"drecks APP, log in geht nicht!!!",Google Play Store,2026-09-25T09:15:33.291431+00:00
N26,de.number26.android,f208f9ed-a02b-41da-a06d-ab238d405597,2026-07-02T19:58:26,5,rundum zufrieden,Google Play Store,2026-09-25T09:15:33.291431+00:00
N26,de.number26.android,0ca40c7f-da69-4adf-877c-202f44d59f82,2026-07-02T19:16:34,2,An sich eine schöne und übersichtlich App allerdings würde ich mir eine Option wünschen diese nervige Werbung für die überteuerten n26 Handytarife dauerhaft auszuschalten. wegen der Aufdringlichkeit zwei Sterne Abzug. edit: ein weiterer Stern weniger: man kann die Werbung für die teureren (Metal) konten nicht mehr weg klicken.,Google Play Store,2026-09-25T09:15:33.291431+00:00
N26,de.number26.android,27cfb698-2822-47d4-9dc0-4dde2d006661,2026-07-02T08:51:29,1,"Jetzt wo ich über ein Jahr kostenlos an meinem Portfolio arbeiten konnte werden ab denn 02.SEP 90Cent pro Kauf berechnen. Unter diesen Bedingungen hätte ich niemals angefangen Geld anzulegen. Ich möchte gerne die Freiheit behalten selber jeden Monat zu entscheiden wo ich Geldanlage ohne einen Sparplan dafür zu brauchen. Bei 40 Aktien sind das 36 € mehr kosten jeden Monat, 432 € im Jahr.  Da gibt es sicherlich Alternativen!!!",Google Play Store,2026-09-25T09:15:33.291431+00:00
N26,de.number26.android,04de4a84-49b8-478b-855b-283b12be6ba3,2026-07-02T06:33:52,2,"Bodenlos schlechter Kundenservice in der Chatfunktion 0 von 5 Sternen. Ganz anders ist meine Erfahrung mit dem telefonischen Kundensupport 5 von 5 Sternen. Freundlich, Hilfsbereit, ...",Google Play Store,2026-09-25T09:15:33.291431+00:00
N26,de.number26.android,228aef05-62c2-4345-9a63-6dd0b93bcb52,2026-07-02T05:46:48,5,Online Banking leicht gemacht. Top Kundenservice und sehr viele Möglichkeiten über die App.,Google Play Store,2026-09-25T09:15:33.291431+00:00
N26,de.number26.android,209f71e2-887c-403b-83d1-7563363b3a30,2026-07-01T20:06:46,1,Betrügerfirma,Google Play Store,2026-09-25T09:15:33.291431+00:00
N26,de.number26.android,afdafb62-87b2-46fc-abec-22497be582bb,2026-07-01T19:29:04,1,"Schade das ihr ab 1.9.26 0,90€ pro Kauf einer Aktie oder etf verlangt. Gerade das investieren von kleinen summen wird somit sehr unattraktiv. Das macht die Konkurrenz deutlich besser.",Google Play Store,2026-09-25T09:15:33.291431+00:00
N26,de.number26.android,5dd6f018-81c0-472b-8438-d74f73f6b803,2026-07-01T15:29:06,3,"Tagesgeldkonto gibt 0.25% Zinsen. Bei trade republic bekommt man 2,25%. Nur mal so als Info.",Google Play Store,2026-09-25T09:15:33.291431+00:00
N26,de.number26.android,f7d2d982-914e-41cc-be4b-51adde23ece0,2026-06-30T18:01:05,1,"Seit dem letzten Update wurde es einfach noch schlimmer. Komplett unübersichtlich und man wird mit jeglichem Quatsch zugemüllt aber der Überblick über die eigenen Finanzen wird maximal verschleiert. Der ChatBot ""Neon"" gibt falsche und nicht funktionierende Lösungsvorschläge. Ich hab nun schlussendlich mein Konto geschlossen. Was Mal eine Bank der Zukunft war wurde erfolgreich so sehr ""enshittifiziert"", dass man sich Alternativen sucht.",Google Play Store,2026-09-25T09:15:33.291431+00:00
N26,de.number26.android,a923b4cb-54bf-44f7-afbd-9f0ab93aa9ad,2026-06-30T14:26:49,3,bin eigentlich zufrieden komme aber heute nicht rein sehe ärgerlich,Google Play Store,2026-09-25T09:15:33.291431+00:00
N26,de.number26.android,7a59a7f0-7f9e-4e7b-8755-3ba0abfa6d1f,2026-06-30T13:11:20,5,"Ich kann mit diesem Konto und der App alles online und damit super schnell erledigen. Ich bin echt zufrieden. Auch das Umstellen auf ein P-Konto würde in nicht mal 24 Stunden erledigt. Und trotzdem habe ich die umfangreiche Vorteile einer Debitkarte. Kontaktloses bezahlen, online Einkäufe, G-Pay, PayPal, Paysafecard, G-Play alles funktioniert einwandfrei. Ich bin super zufrieden!!",Google Play Store,2026-09-25T09:15:33.291431+00:00
N26,de.number26.android,9bb60f84-df30-4a82-ad12-b30fe9bb1742,2026-06-30T09:02:03,5,alles top,Google Play Store,2026-09-25T09:15:33.291431+00:00
N26,de.number26.android,9cde3f93-dcdb-4ffd-b458-226bbc670ce7,2026-06-30T05:41:43,5,Alles top,Google Play Store,2026-09-25T09:15:33.291431+00:00
N26,de.number26.android,6e7a08a5-53c8-4346-a5b4-e08a4c2feb57,2026-06-30T04:38:04,5,Sehr übersichtlich und einfach gehalten. Ich würde mir statt dem Passwort beim starten der App lieber einen kurzen PIN wie bei der z. B. DKB wünschen. Ansonsten Top!,Google Play Store,2026-09-25T09:15:33.291431+00:00
N26,de.number26.android,53168e67-c2fb-40f5-a75e-fb0d3e939b40,2026-06-29T18:23:07,5,Mir wurde diese Bank von einem Freund empfohlen und ich bin mit der mehr als nur zufrieden und ich würde die auch weiter empfehlen...! Was ich nur nicht gut finde das Ich von einem Sparkassen Automat kein Geld auf mein Konto einzahlen kann und das man an jedem Automaten 2€ Gebühr bei einer Abhebung von meinem Konto nimmt. Das könnte noch verbessert werden meiner Meinung nach. Mal als anregung...!,Google Play Store,2026-09-25T09:15:33.291431+00:00
N26,de.number26.android,690104d3-6e84-44c5-b795-948c138b9816,2026-06-29T18:17:21,5,supi,Google Play Store,2026-09-25T09:15:33.291431+00:00
N26,de.number26.android,8376cc91-76c9-444a-9b1d-44704d89a42a,2026-06-29T10:43:05,5,Sehr zufrieden,Google Play Store,2026-09-25T09:15:33.291431+00:00
N26,de.number26.android,b2afcbb3-c509-4279-98dd-e0b32d2a059c,2026-06-29T10:30:04,4,eigentlich voll zufrieden das einzigste was nervt ist dass man nichts einzahlen kann vor Ort hier,Google Play Store,2026-09-25T09:15:33.291431+00:00
N26,de.number26.android,ef229af0-825f-489c-8100-3148ed44850c,2026-06-29T10:06:48,5,Immer Top Service,Google Play Store,2026-09-25T09:15:33.291431+00:00
N26,de.number26.android,8e48d603-f7d8-4314-b539-6f63cf067792,2026-06-29T09:39:51,5,super Bank 🥰👍,Google Play Store,2026-09-25T09:15:33.291431+00:00
N26,de.number26.android,8e3e52dc-d718-4d22-8dd4-b8e5175e391e,2026-06-29T09:20:29,1,Die wollen Sachen von mir wissen die die nichts angeht,Google Play Store,2026-09-25T09:15:33.291431+00:00
N26,de.number26.android,08e5cffd-f658-4e84-9375-b653a5e99c61,2026-06-29T01:25:46,5,"super Bank, kann ich nur empfehlen",Google Play Store,2026-09-25T09:15:33.291431+00:00
N26,de.number26.android,6da155ba-3be8-4157-9552-8a845088c531,2026-06-28T20:34:54,5,"Super fast and stable, messaging service for upcoming payments is a really good feature not ""everybody"" offers. Please leave the app as it is. Thank you.",Google Play Store,2026-09-25T09:15:33.291431+00:00
N26,de.number26.android,895102a6-606f-4af2-9683-f7e804cd5631,2026-06-28T12:05:37,2,"Ich bin eigentlich zufrieden. Aber. Manchmal scheint es als ob Updates zu früh herauskommen/die app hat dank zeitweise fehler die wieder behoben werden. Für spiele und co. akzeptabel, für eine Banking app wiederum nicht. Das nerviger ist aber die Screenshot sperre. Man kann diese zwar deaktivieren um doch wieder welche machen zu können, manche ""sensiblen"" Bereiche bleiben trotzdem geschwärzt. Bitte Immendingen beheben, ich möchte selber entscheiden wann und wo ich welchen Screenshot mache.",Google Play Store,2026-09-25T09:15:33.291431+00:00
N26,de.number26.android,222955e2-7d50-4dbd-b5c6-c722cfc1058b,2026-06-28T09:38:53,1,"stecke in Login Loop fest, heute komto eröffnen wollen alles befolgt, identität und Verknüpfung mit Bestätigung per mail, nöp kann mich nichtmal anmelden um das konto vollständig einzurichten, chat per anmeldung geht nicht weil ich komme nicht in die app, und der mensch im besucherchat hat in mir nur das bedürfnis geweckt mein konto wieder löschen zu lassen. wenn das der kundendienst ist dann habt ihr ganz andere probleme. Problem besteht seit gestern, lösungen wurden versucht ohne erfolg.",Google Play Store,2026-09-25T09:15:33.291431+00:00
N26,de.number26.android,fdb26d78-5c53-4bc1-b38c-291e7c4d7a68,2026-06-27T15:58:30,5,N26 ist und war mir immer sehr hilfreich. Danke für alles was sie tun und möglich machen.,Google Play Store,2026-09-25T09:15:33.291431+00:00
N26,de.number26.android,488c829f-b645-4848-8690-8aebb78cdd8f,2026-06-26T15:15:33,1,Kann nur davon abraten. Überprüfen Konten tagelang nur weil etwas höhere Geldeingänge eingegangen sind. Auf Nachfrage hin sämtliche Belege den Damen und Herren zukommen lassen. Unglaublich Aso... Zial.. Das hier gleich Konten deshalb eingeschränkt werden. Wo leben wird denn? Im wilden Westen? Euer Sicherheitsmaßnahmenwahn geht mir echt auf den Sender. Prävention gegen Geldwäsche hin oder her. Das artet bei den EU Banken immer mehr aus. Auf diese Bank hier verzichte ich gern,Google Play Store,2026-09-25T09:15:33.291431+00:00
N26,de.number26.android,29543159-d926-422d-95a4-0e85c2fffcfb,2026-06-26T10:14:58,5,super Bank 👍,Google Play Store,2026-09-25T09:15:33.291431+00:00
N26,de.number26.android,3309c085-d3e5-48cb-aebe-26bbdd31bbe6,2026-06-25T21:19:03,2,"Ich komme nicht mehr in mein Konto. Ich bezahle für Smart und kann die Hotline nicht anrufen, weil ich nicht in mein Konto komme. Was ist das denn bitte schön? Ich bin hier nur am Chatten. Man fühlt sich total alleine gelassen. Ich musste das gesamte Verifizierungsverfahren nochmal machen, diese Sache mit dem Perso. Der Mann redete die ganzen Zeit von ""wollen sie ein Konto eröffnen bei N26""? NEIN ICH WOLLTE NUR WIEDER IN MEIN BANKKONTO KOMMEN. Ich war eigentlich zufrieden mit n26. hat sich geän.",Google Play Store,2026-09-25T09:15:33.291431+00:00
N26,de.number26.android,588e68af-cb97-4bee-9fe5-bc4bf640ddb5,2026-06-25T18:59:43,2,Mit dem letzten Update sind alle Symbole viel zu groß geworden wodurch die Übersicht stark eingeschränkt wird.,Google Play Store,2026-09-25T09:15:33.291431+00:00
N26,de.number26.android,3d0083f3-c275-4a4d-a78d-106afe458482,2026-06-25T18:54:17,1,richtige .....App nicht zu empfehlen Korruption Geldwäsche von der Bank Aufsichtsbehörde in der Untersuchung,Google Play Store,2026-09-25T09:15:33.291431+00:00
N26,de.number26.android,d91a6e49-a21b-4d87-948d-7ed4fdffcc62,2026-06-25T13:09:08,5,Eine Ausgezeichnete Banking App,Google Play Store,2026-09-25T09:15:33.291431+00:00
N26,de.number26.android,2978d73f-4944-436f-b5e5-29e83bebf6fd,2026-06-25T08:05:43,1,"Bloß die Finger von dieser Bank lassen. Kein Support, andauernd muss angeblich das Konto überprüft werden, das dritte Mal jetzt in zwei Wochen und es dauert jetzt schon fast eine Woche! Bei meiner Lebensgefährtin läuft die Überprüfung schon fast 3 Wochen. irgendwie komisch, oder ? Also wer eine richtig gute Bank will sollte zur BBVA wechseln.",Google Play Store,2026-09-25T09:15:33.291431+00:00
N26,de.number26.android,a3cb41fa-f00d-4df5-9ef6-e2a1a4681711,2026-06-24T15:21:30,5,"Super Anbieter und einfaches anlegen eines neuen Bankkonto. Bei Fragen bekommt man schnell Antworten, vor allem mit dem integrierten ""Hilfe-Center"" / der KI",Google Play Store,2026-09-25T09:15:33.291431+00:00
N26,de.number26.android,379d0b46-0b2f-4199-a662-45e5a14d523e,2026-06-23T21:16:20,5,"Tolle Bank, ich bin seit 9 Jahren dabei und sehr zufrieden",Google Play Store,2026-09-25T09:15:33.291431+00:00
N26,de.number26.android,b4622093-2a63-4090-94ed-53190220c2bd,2026-06-23T20:48:57,1,"Empfinde die App als sehr unübersichtlich und nicht klar gegliedert. Keine schlanke Menüs und keine klaren Begriffe wie ""überweisen"" ""dauerauftrag"" oder ähnlichem. Primär Geld an Freunde schicken hilft nicht wenn ich eine Rechnung überweisen will. Intuitiv Themen in der App zu finden, ist im Dschungel von Upgrade Angeboten, reiseversicherungen und Telefon esims schlicht nicht möglich. Und wichtige Einstellungen zu Datensicherheit, Personalisierung, persönlichen Daten etc. sind zu tief versteckt",Google Play Store,2026-09-25T09:15:33.291431+00:00
N26,de.number26.android,b5af46bc-594d-4b32-9acd-4ee3e27dc815,2026-06-23T17:46:38,4,"intuitiv 👍 Authentifizierung Kontoeröffnung 👎 (bei Wechsel der Bank ist die Authentifizierung über die Fremdbank möglich, wurde mir in der App aber nicht angeboten)",Google Play Store,2026-09-25T09:15:33.291431+00:00
N26,de.number26.android,fba0581e-81c8-47a6-a825-459dfc3dc87a,2026-06-23T09:49:00,1,Das neue Design ist zum 🤮,Google Play Store,2026-09-25T09:15:33.291431+00:00
N26,de.number26.android,bdbbda59-74c4-4261-9649-c194ea02508f,2026-06-23T07:48:44,5,Ist gut,Google Play Store,2026-09-25T09:15:33.291431+00:00
N26,de.number26.android,4a55727a-7128-4c04-aac8-8cfeb5b0af14,2026-06-23T04:03:27,5,Super läuft alles bestens,Google Play Store,2026-09-25T09:15:33.291431+00:00
N26,de.number26.android,ddb62968-a140-41e5-8418-526bd0206e85,2026-06-22T21:55:29,4,"Heute war ein neues Update drauf. Das Design hat sich im großen und ganzen nicht geändert außer die ""schönen"" runden Ecken welche die Übersicht völlig zerstören, denn der Handy Bildschirm ist halt nicht so groß.",Google Play Store,2026-09-25T09:15:33.291431+00:00
N26,de.number26.android,865939e0-2751-4efa-8a79-1e8e52e26bda,2026-06-22T18:08:36,2,Innerhalb von zwei Wochen drei Sicherheitsüberprüfungen und die dritte dauert jetzt schon 3 1/2 Tage. Das habe ich bei noch keiner anderen Bank erlebt. Werde das Konto kündigen und zu einem besseren Anbieter wechseln,Google Play Store,2026-09-25T09:15:33.291431+00:00
N26,de.number26.android,40288692-d01d-495e-aeb6-398e6bf8e6d8,2026-06-22T16:35:01,1,"Achtung, sehr hohe versteckte Kosten. Nicht zu empfehlen.",Google Play Store,2026-09-25T09:15:33.291431+00:00
N26,de.number26.android,4933b583-2063-4230-aad8-5cd1c0f422e7,2026-06-22T09:17:56,1,Kein halbes Jahr später ganzer Account geheckt.,Google Play Store,2026-09-25T09:15:33.291431+00:00
N26,de.number26.android,7570d4d1-e336-4008-ba0c-d0c3f9da723d,2026-06-21T07:39:32,1,"Willst du dein Geld sehen? Mach erst mal ein Ganzkörper-Selfie, tanz deinen Namen und gib deine Unterhosengröße an! N26 hat null Bock auf eigene Security und missbraucht Kunden als unbezahlte IT-Mitarbeiter. Für die Business-Buchhaltung brauchst du ein FBI-Sicherheitszertifikat und 109 Codes aus dem Aktenordner. Wer sich hier dreimal am Tag einloggt, kriegt den Kontostand per Post im nächsten Schaltjahr. Schmeißt eure App weg und reitet auf Brieftauben.",Google Play Store,2026-09-25T09:15:33.291431+00:00
N26,de.number26.android,2eb75b86-5bba-4a3d-aafd-05c12dc3d681,2026-06-20T18:32:17,5,"Super, bin zufrieden.",Google Play Store,2026-09-25T09:15:33.291431+00:00
N26,de.number26.android,bac1b92b-36e4-436b-8fc0-7090a351d28f,2026-06-20T11:45:22,1,"Dieser Selfie Unsinn ist unerträglich. wozu gibt es Login Daten? Es ist einfach nur sammeln Biometrischer Daten. Bei anderen seriösen Banken ist das nicht erforderlich. Hier wird extrem leichtsinnig mit hoch sensiblen persönlichen Daten umgegangen. Es ist kein Sicherheitsgewinn, sondern das Gegenteil. Noch einmal werde ich das nicht machen, eher lösche ich das Konto. Außerdem werden unter Android 16 Navigationselemente, wie der ""Zurück"" Pfeil unter der Statusleiste des Gerätes angezeigt.",Google Play Store,2026-09-25T09:15:33.291431+00:00
N26,de.number26.android,17079d74-33de-4164-a45d-840c753c217e,2026-06-20T07:17:02,1,"Viel zulange warte zeit für Karten, erste kamm 3 Wochen zu spät also hab ich jetzt eine Karte hier die ich nicht nutzen kann ! Ganz toll!!",Google Play Store,2026-09-25T09:15:33.291431+00:00
N26,de.number26.android,297aba48-0947-4453-bfdf-83facf973d82,2026-06-19T20:29:11,1,Vorsicht. hier kein Konto buchen. nix funktioniert hier. Support hilft einem nicht weiter und hat null Ahnung. ständig Probleme. Geld abholen am Automat funktioniert nicht.,Google Play Store,2026-09-25T09:15:33.291431+00:00
N26,de.number26.android,8e869cbc-2d62-4690-a394-bcbd70d65c96,2026-06-19T14:54:56,1,Konto gelöscht Aufgrund von aktive und bewusste blockieren und ausschließen von Menschen unter Nutzung von GrapheneOS .,Google Play Store,2026-09-25T09:15:33.291431+00:00
N26,de.number26.android,8a9af338-b79e-49a7-93ec-00c2a69a254d,2026-06-19T06:46:26,2,"Viel Werbung. Screenshots von PDFs -keine IBAN-Erkennung. Unterstützung im Chat viel zu langsam. Debitkarte wird nicht überall anerkannt, weil wohl kein Konto auf der Karte hinterlegt ist. Man will business- Kundschaft, aber andere machen es besser. Geldeingänge werden auffällig oft abends gebucht. Enttäuschung pur. 4 Monate später kann ich weiterhin keine Fotoimporte (Screenshots) für Überweisungen nutzen.....",Google Play Store,2026-09-25T09:15:33.291431+00:00
N26,de.number26.android,e8a6f6ca-ab2d-4aa9-b956-16f26e42273a,2026-06-19T05:53:27,5,Ich finds wunderbar,Google Play Store,2026-09-25T09:15:33.291431+00:00
N26,de.number26.android,d680be75-5cea-40b3-9f89-acf42fd3704e,2026-06-17T17:49:07,1,"Ich komme nicht mehr in die App rein, biometrische Anmeldung funktioniert nicht,Passwort auch nicht, und Passwort zurücksetzen auch nicht...",Google Play Store,2026-09-25T09:15:33.291431+00:00
N26,de.number26.android,1d1b97e0-bf56-4582-9901-c2671d346c14,2026-06-17T12:05:09,5,"Hatte keine Probleme bei bestellen einer neuen Karte. Musste zwar wegen der Situation express Lieferung nehmen die nicht ganz billig war. Doch dafür war die Karte auch, wieder versprochen, in zwei Tagen da.",Google Play Store,2026-09-25T09:15:33.291431+00:00
N26,de.number26.android,755d9678-19e6-4370-b3aa-625fcd33f846,2026-06-16T20:43:37,5,funktioniert top.,Google Play Store,2026-09-25T09:15:33.291431+00:00
N26,de.number26.android,d17a78c0-1d58-43f5-9c26-44f01e2cf1d6,2026-06-16T12:43:12,1,Funktioniert leider oft nicht.,Google Play Store,2026-09-25T09:15:33.291431+00:00
N26,de.number26.android,35b826cd-948f-476f-9aa0-a2c3671f6f30,2026-06-16T06:14:03,1,Ist nicht so toll,Google Play Store,2026-09-25T09:15:33.291431+00:00
N26,de.number26.android,c049663f-92b6-4ade-8818-b9419ddcaad9,2026-06-15T18:04:57,1,"Nach Handy Wechsel, nur Probleme mit App/Bank, Zahlungen funktioniert nicht.usw. sehr lästig",Google Play Store,2026-09-25T09:15:33.291431+00:00
N26,de.number26.android,ec0a75f6-f50b-4ecb-b01a-54fac1b84041,2026-06-15T17:06:34,5,"sehr anschauliche App, übersichtlich, informativ und vielseitig 👍",Google Play Store,2026-09-25T09:15:33.291431+00:00
N26,de.number26.android,485f6132-fba7-458f-8c0b-e2425bc76987,2026-06-15T15:48:25,4,"schade dass ein persönliches Gespräch, bekommen kann von Mitarbeiter,in?!",Google Play Store,2026-09-25T09:15:33.291431+00:00
N26,de.number26.android,3438e8bf-c9b4-4522-af04-44e70ea2fcdb,2026-06-15T11:47:24,5,Super App. sehr schnelle Reparatur bei Fehlern.,Google Play Store,2026-09-25T09:15:33.291431+00:00
N26,de.number26.android,f78874cb-5aed-4eeb-aaf4-b1bd3ef950df,2026-06-15T09:04:43,5,"Es läuft alles Super 👍, danke",Google Play Store,2026-09-25T09:15:33.291431+00:00
N26,de.number26.android,9ed6f363-3b3f-4298-8d13-e964a7409a72,2026-06-14T15:27:50,1,"Ich habe eine N26 Karte seit Jahren. Plötzlich muss ich mich neu verifizieren: ""vielen Dank für deine Geduld! Wir haben die Verifizierung deines Kontos erfolgreich zurückgesetzt."" Ähm, danke? Wollte ich nicht. Verifizierung geht nicht, und so lange komme ich weder in die App noch die Webseite. Zeit den Laden zu verlassen.",Google Play Store,2026-09-25T09:15:33.291431+00:00
N26,de.number26.android,78d295d0-2dab-4d8a-977a-57310585fbe2,2026-06-14T06:34:27,3,"Bisher hatte ich keine Probleme mit dmd Konto oder der App und bin seit Beginn dabei. Aber wer auch immer für das neue App Design zuständig ist, der sollte in eine andere Abteilung versetzt werden. Selbst eine KI würde was besseres generieren.",Google Play Store,2026-09-25T09:15:33.291431+00:00
N26,de.number26.android,fa58c74b-0065-49c6-8c5d-6f78bf2bac58,2026-06-13T16:48:37,3,"Warum komme ich nicht mehr in mein Konto, wenn ich nicht den Bild und Videoaufnahmen über die App zustimme? Find ich schon merkwürdig, dass der Ausweis und Foto nicht ausreichen. Danke Maja für die Antwort, kann trotzdem nicht nachvollziehen wozu die Tondokumentation sein soll? Um die KI zu schulen? Und warum muss ich eine Kontoform wählen? Ich will kein neues Konto sondern nur mein Geld verwalten.",Google Play Store,2026-09-25T09:15:33.291431+00:00
N26,de.number26.android,2ec4c4c9-d780-4e73-b78f-faac1d649095,2026-06-13T10:24:26,5,Gut.,Google Play Store,2026-09-25T09:15:33.291431+00:00
N26,de.number26.android,0e5fb359-b252-4ad9-a814-d7ab20659b63,2026-06-13T08:17:55,5,Sehr gut,Google Play Store,2026-09-25T09:15:33.291431+00:00
N26,de.number26.android,9403064c-ff1e-4d0f-b623-183d36ac48f3,2026-06-12T15:20:08,1,"schlecht Kommunikation nur KI, kaum persönlich im Chat von ALLEM KEINERLEI WIRKLICHE HILFE WENN NOT IST UND APP NICHT FUNKTIONIERT WEIL N26 EIGENMÄCHTIG OHNE GENEHMIGUNGEN DATEN VERÄNDERT UND DAHER VIELES NICHT MEHR FUNKTIONIERT Nie wieder n26 ABER ÜBER DIE APP KEINE MÖGLICHKEIT DAS KONTO ZU KÜNDIGEN. STELLE WEGEN DER VERFEHLUNGEN NUN STRAFANZEIGE UND MELDUNG AN DIE BaFin. Weil zweimalige der Kündigungs Wunsch über email auch einfach unbeachtet blieb aber weiterhin. Gebühren abgebucht werden",Google Play Store,2026-09-25T09:15:33.291431+00:00
N26,de.number26.android,a8b5b1b0-c060-413c-8ec8-297636c98d0c,2026-06-12T09:09:54,4,"Funktioniert, allerdings viel Werbung in der App, was meine Produktivität mindert.",Google Play Store,2026-09-25T09:15:33.291431+00:00
DHL Paket,de.dhl.paket,9fa3d088-0e15-4246-aa97-a7efb21ec486,2026-09-24T08:36:20,1,Ich bekomme ständig die fehlermeldung Inhalte konnten nicht geladen werden.,Google Play Store,2026-09-25T09:15:33.291431+00:00
DHL Paket,de.dhl.paket,ef2d9553-fad2-41c9-91fd-61ffd6fcbe43,2026-09-24T07:52:20,2,Push Nachrichten funktionieren in neuer Version nicht mehr. Push wird eingestellt aber lässt sich auf Smartphone nicht speichern. In der alten Version hat alles super funktioniert aber die neue App-Version ist deutlich schlechter. Warum muss immer alles verschlimmbessert werden wenn etwas problemlos arbeitet? Arbeitsbeschaffung??,Google Play Store,2026-09-25T09:15:33.291431+00:00
DHL Paket,de.dhl.paket,dad899c2-1262-48a3-b0ab-b6f45e6d8ba1,2026-09-24T07:46:58,3,Warum kommt bei Livezustellung keine Landkarte mehr ???,Google Play Store,2026-09-25T09:15:33.291431+00:00
DHL Paket,de.dhl.paket,3749b367-d763-4b21-9729-eb8a5f766267,2026-09-24T07:17:30,1,schlecht,Google Play Store,2026-09-25T09:15:33.291431+00:00
DHL Paket,de.dhl.paket,75a2943f-dce3-465f-b176-fb5699f09985,2026-09-24T07:11:09,5,Bisher keine Fehler!!!! Macht was es soll!!!,Google Play Store,2026-09-25T09:15:33.291431+00:00
DHL Paket,de.dhl.paket,c1daf23f-a072-4d99-9c15-8a5c356af8a8,2026-09-24T06:52:17,4,Alles ums Paket an einem Ort!,Google Play Store,2026-09-25T09:15:33.291431+00:00
DHL Paket,de.dhl.paket,6c93fb0c-b237-40b7-bb80-7a9d03d770ac,2026-09-24T06:18:27,2,"Man merkt, dass die App an den Bedürfnissen teilweise vorbeigeht. Nimmt man die Einlieferung von unverpackten Sendungen von Amazon. Beim Erzeugen der Marken für die Einlieferung werden diese Marken nicht in die Sendungsverfolgung übernommen. So sind die Nummern von Amazon (RET...) und die Sendungsnummern zur Sendungsverfolgung nur umständlich zu verbinden. Ich nutze den Service der Packstation gerne, nur hoffe ich, dass alles gut läuft.",Google Play Store,2026-09-25T09:15:33.291431+00:00
DHL Paket,de.dhl.paket,a842d7ad-9fb9-4df1-9ebb-04323a670e74,2026-09-23T19:23:06,1,"Bei Packstationen die nur mit der App steuerbar sind, ist die Verbindung nur ausreichend. manchmal geht's auch gar nicht.... teilweise eine echte Zumutung.",Google Play Store,2026-09-25T09:15:33.291431+00:00
DHL Paket,de.dhl.paket,620bd80b-f855-4595-a7bc-6c7bff90b832,2026-09-23T19:17:11,5,bin zufrieden läuft alles gut neben der Paketstation fehlt eine Ablage.,Google Play Store,2026-09-25T09:15:33.291431+00:00
DHL Paket,de.dhl.paket,05ce3aca-07f6-4968-b90b-400623ea8a17,2026-09-23T19:07:43,1,Dieses App ist wirklich ein Problem und nicht richtig funktioniert leider.,Google Play Store,2026-09-25T09:15:33.291431+00:00
DHL Paket,de.dhl.paket,1f40142a-a739-46ae-b3a0-e008b81b1546,2026-09-23T19:00:25,1,der Postbote ist unzuverlässig und boykottiert uns,Google Play Store,2026-09-25T09:15:33.291431+00:00
DHL Paket,de.dhl.paket,538bbd26-419d-46dc-a625-ad63a0a980d9,2026-09-23T18:20:51,1,"Die Aktivierung mit QR-Code (AdressTAN) funktioniert trotz Unterstützung vom DHL Kundenservice nicht: obwohl ich Email erhalte ""erfolgreich aktiviert"" soll ich lt. App auf Brief zur Aktivierung warten. Deinstallieren und neu installieren hat nicht geholfen. Update: IT ist an Problem noch dran!",Google Play Store,2026-09-25T09:15:33.291431+00:00
DHL Paket,de.dhl.paket,917dbbe3-073b-47a2-9bda-ff38015b618e,2026-09-23T18:16:22,1,Habe eine account erstellt bei der Erstellung wurde die Seite abgebrochen jetzt bei meiner anmeldung gebe ich mein passwort ein und es steht eine Fehlermeldung da weil diese Daten schon verwendet werden . Kompletter Müll.,Google Play Store,2026-09-25T09:15:33.291431+00:00
DHL Paket,de.dhl.paket,3323146d-fe9d-4a61-a1f8-657aad97e2ef,2026-09-23T17:53:47,5,Bei mir klappt alles gut mit DHL.,Google Play Store,2026-09-25T09:15:33.291431+00:00
DHL Paket,de.dhl.paket,28af97bc-6a0b-4f99-b1e6-3d5607820dc5,2026-09-23T17:40:02,2,"das allerletzte, so etwas wie heute habe ich echt noch nicht erlebt. Erst schafft es DHL über 400 Kilometer in 3 Stunden und 24 zurückzulegen. 14:27 Uhr wurde es in die Ziel Packstation eingelegt allerdings nur für 14 Minuten, denn 14:41 wurde es wieder entnommen und seit dem ist's auf'm Weg zur Packstation, kommt aber heute noch an. 19:35 Uhr auf jeden Fall. nach wenigen Augenblicken (18 Minuten) in der Warteschleife, sofortige Hilfe!! ""Warten sie doch einfach bis morgen. Super👍🏼top Service",Google Play Store,2026-09-25T09:15:33.291431+00:00
DHL Paket,de.dhl.paket,f550a814-4e7a-45c9-b25e-600f81da9bc5,2026-09-23T17:13:55,2,"Wäre eine sinnvolle Sache, wenn die Eingaben in der Praxis auch berücksichtigt würden: Für Dienstag war keine Wunschzustellung in Packstation möglich (evtl. alle belegt?). Also Zustelltag Mittwoch gewählt. Mittwochmittag Mail von DHL ""Heute klappt es nicht, wir kommen morgen (Donnerstag)."" Wenn DO jemand zuhause wäre, hätte ich DO gewählt!!! Die Wunschzustellung lässt sich kein 2. Mal wählen/korrigieren, auch wenn die erste Eingabe von DHL ignoriert wurde. Leider nicht zum ersten Mal passiert.",Google Play Store,2026-09-25T09:15:33.291431+00:00
DHL Paket,de.dhl.paket,10251926-7833-4c3a-a273-4b5703de6ae3,2026-09-23T17:10:48,1,habe noch nie so einen schlechten Service gehabt ob am Telefon oder über die App,Google Play Store,2026-09-25T09:15:33.291431+00:00
DHL Paket,de.dhl.paket,fae1515c-8028-4ce2-9822-e40b178908a4,2026-09-23T16:07:09,1,schrecklich unübersichtlich und funktioniert nicht.,Google Play Store,2026-09-25T09:15:33.291431+00:00
DHL Paket,de.dhl.paket,24f6e47b-8298-4b3e-a93a-7f6d5db2b39d,2026-09-23T14:58:25,4,"laufend muss man sich neu anmelden, postnr. mail passwort Das nervt Nach Neuinstallation geht es wieder",Google Play Store,2026-09-25T09:15:33.291431+00:00
DHL Paket,de.dhl.paket,7e5c9f5f-8323-4835-9379-9caf7c5fd79e,2026-09-23T14:33:22,5,"Update: Nach Ändern von privatem dns wieder voll funktionsfähig, exzellente Diagnose und Problemlösungen herzlichen Dank",Google Play Store,2026-09-25T09:15:33.291431+00:00
DHL Paket,de.dhl.paket,638945e6-93ad-4ea8-b4a0-6f67f415fe2a,2026-09-23T14:24:59,1,ihr bastarde nix funktioniert,Google Play Store,2026-09-25T09:15:33.291431+00:00
DHL Paket,de.dhl.paket,40bbe33c-9686-4363-a84c-4213361b28e5,2026-09-23T14:18:11,1,"Was soll das denn jetzt wieder, sobald ich die App schließe werde ich wegen Inaktivität abgemeldet und bekomme demzufolge auch keine Benachrichtigungen mehr. Ich lass die doch nicht die ganze Zeit offen, was ist das wieder für ein Programmierer Unsinn? So ist die App ihres Nutzens beraubt. Keine Paketankündigung, keine Briefankündigung nur noch eine reine Abhol App mit jedes Mal neu Passwort eintippen. Ganz schlechter Witz! Und jetzt komm mir keiner mit Bitte das Problem genau beschreiben...",Google Play Store,2026-09-25T09:15:33.291431+00:00
DHL Paket,de.dhl.paket,9b24e8fc-33fa-46c9-bb57-8a1a1e9cc997,2026-09-23T13:46:54,1,schlechte Funktion komplett unübersichtlich,Google Play Store,2026-09-25T09:15:33.291431+00:00
DHL Paket,de.dhl.paket,4d455bec-7599-434f-a171-9a5d0fb47a95,2026-09-23T13:21:34,1,live tracking wird immer abgebrochen packete kommen öfters geöffnet loch neugierig an.,Google Play Store,2026-09-25T09:15:33.291431+00:00
DHL Paket,de.dhl.paket,ff4fdbf5-43eb-4acb-8f68-b1045874eeba,2026-09-23T13:06:58,5,"einfach zu bedienen, wenn man weiß wie. paketabholung sehr unkompliziert.",Google Play Store,2026-09-25T09:15:33.291431+00:00
DHL Paket,de.dhl.paket,a884c8b3-d6fc-4fee-9951-8fdf17615f4d,2026-09-23T12:12:51,1,"Dreißig Mal habe ich gesagt und es in der App eingesllt, das ich keine Packstation möchte! Ich stand wieder vor der Packstation 20min und habe kein Paket bekommen. Code nicht existent.",Google Play Store,2026-09-25T09:15:33.291431+00:00
DHL Paket,de.dhl.paket,c8430a71-b0cc-4a3a-b749-32ea64e01d73,2026-09-23T12:08:00,1,kompliziert,Google Play Store,2026-09-25T09:15:33.291431+00:00
DHL Paket,de.dhl.paket,85986aa7-9068-4fff-bd12-3541e302188f,2026-09-23T10:38:09,1,Ist sinnlos. Zeigt keine Briefe und Päckchen nur wenn DHL selbst ausliefert. Bei Subauslieferfirmen ist man auf Glück angewiesen!,Google Play Store,2026-09-25T09:15:33.291431+00:00
DHL Paket,de.dhl.paket,179e95e4-4ecb-465b-85e5-7e14b6fd2936,2026-09-23T09:51:09,1,"einfach diese dumme... HS, nichts funktioniert",Google Play Store,2026-09-25T09:15:33.291431+00:00
DHL Paket,de.dhl.paket,ceee1b56-1a25-4b27-90e7-6b2fdbe52803,2026-09-23T09:34:20,1,immer wieder Probleme bei Abholung,Google Play Store,2026-09-25T09:15:33.291431+00:00
DHL Paket,de.dhl.paket,fd2cad47-2447-4185-9f02-f24443f72c1b,2026-09-23T09:09:41,5,ich bin mit DHL mehr als zufrieden wenn ich nicht da bin geben Sie es auch gern beim Nachbarn ab!,Google Play Store,2026-09-25T09:15:33.291431+00:00
DHL Paket,de.dhl.paket,7687858a-b40a-474e-95b3-f0752c5ed4b9,2026-09-23T08:58:00,5,"super, auch als ein Fach sich nicht öffnen ließ, 12 Uhr gemeldet und am nächsten Früh lagen die Pakete zur Abholung in einem anderen Fach👍👍👍👍👍👍👍",Google Play Store,2026-09-25T09:15:33.291431+00:00
DHL Paket,de.dhl.paket,1a8b85af-e028-4d2a-ba85-eed90b21a19f,2026-09-23T08:57:09,1,Kaum Kontakt bei kartenzahlung,Google Play Store,2026-09-25T09:15:33.291431+00:00
DHL Paket,de.dhl.paket,9aa3b39f-93cd-4099-a1aa-501ea652568b,2026-09-22T22:54:48,2,"Weder die Paketumleitung noch die Briefankündigung funktionieren! Warum baut man Funktionen in eine App die einfach nicht funktionieren! Warum muss man wegen jeder Änderung, Tage lang auf einen per Brief zugestellten Pin warten? Habe jetzt schon zwei mal versucht die Adresse zu ändern, immer wieder auf Pin warten und wieder von vorne, eine perfekte Schleife, vollkommen Sinnfrei diese App.",Google Play Store,2026-09-25T09:15:33.291431+00:00
DHL Paket,de.dhl.paket,fb583af2-f485-4852-b267-5d6709446914,2026-09-22T19:15:23,1,Paketbox hat geklickt und ging nicht auf ......,Google Play Store,2026-09-25T09:15:33.291431+00:00
DHL Paket,de.dhl.paket,38db6755-2238-4b17-8ddb-6a30c060dec7,2026-09-22T18:38:06,5,"Das mit dem vorher klingeln option, ist super und ich hatte mich immer schon gewundert das es das nicht vorher gab. Bitte immer beibehalten danke",Google Play Store,2026-09-25T09:15:33.291431+00:00
DHL Paket,de.dhl.paket,c8d6a082-372e-48bb-a1d3-9a5a9c835ff2,2026-09-22T18:14:07,1,app stürzt ab bei Abholung an appgesteuerten Stationen,Google Play Store,2026-09-25T09:15:33.291431+00:00
DHL Paket,de.dhl.paket,6ae66e01-3eb9-416c-99e1-5864749a8854,2026-09-22T17:59:35,1,"Leider werden nun 2 Päckchen aus der Packstation zurückgeschickt,weil ich keine Codes bekommen habe. Ich habe telefoniert , ich würde unter einer genannten Mailadresse die Codes bek. Mehrere Mails mit einer anderen Adresse halfen auch nicht weiter, es hieß dann sogar,Codes würden nicht per Mail verschickt .Ich bin mit 2 Mailadressen registriert, trotzdem sind keine Codes da.DIe App zeigte mir sogar an ich würde einen neuen Zugangslink bek.Wäre heute gewesen.Meine letzte Mail-keine Antwort 👎",Google Play Store,2026-09-25T09:15:33.291431+00:00
DHL Paket,de.dhl.paket,e6a2c3f5-aed6-402d-8994-29be0745d8b2,2026-09-22T17:53:35,4,funktioniert. nicht immer tadellos aber okay,Google Play Store,2026-09-25T09:15:33.291431+00:00
DHL Paket,de.dhl.paket,4b3abb1a-1d11-4ddd-b407-41b911b54cbf,2026-09-22T17:38:57,1,"Jedes Mal neu anmelden? Mit einem sicheren, komplizierten Passwort?? Um dann festzustellen, dass man zum Abholen den Strichcode von einer Benachrichtigung braucht, die man nie erhalten hat???",Google Play Store,2026-09-25T09:15:33.291431+00:00
DHL Paket,de.dhl.paket,f5fa7e32-0d4f-4a1d-8b4c-b7e5e34ca991,2026-09-22T17:23:46,5,"Alles läuft reibungslos wenn ich Angemeldet bin, Paketverfolgung und Ungefähre Ankunft meines Paketes alles per E-Mail. Tolle App die ihr hier aufgestellt habt.. ein Lob an DHL aber ein ganz besonderer Lob für die die Fahrer die sich jeden Tag den Allerwertesten aufreißen damit die Bestellungen pünktlich ankommen Danke ⭐⭐⭐⭐⭐",Google Play Store,2026-09-25T09:15:33.291431+00:00
DHL Paket,de.dhl.paket,d93e37bf-796e-4f28-bba4-8f05afca52a7,2026-09-22T17:03:17,5,"Sehr gute Online Kommunikation und auch Ablageorte werden sehr sicher und präzise umgesetzt bzw. eingehalten. Bin bisher sehr zufrieden, danke!",Google Play Store,2026-09-25T09:15:33.291431+00:00
DHL Paket,de.dhl.paket,d7c4299d-6b48-4dec-a953-0f89e320180e,2026-09-22T16:52:04,1,Zahlung mit Kreditkarte hat sich dauerhaft aufgehängt,Google Play Store,2026-09-25T09:15:33.291431+00:00
DHL Paket,de.dhl.paket,3d20a8eb-3ffd-4d40-af3a-f83dc36ef9d4,2026-09-22T15:48:03,5,Funktioniert super und kann alles was ich brauche.,Google Play Store,2026-09-25T09:15:33.291431+00:00
DHL Paket,de.dhl.paket,e8c06f52-2f10-48af-9409-3e43f648831c,2026-09-22T15:25:06,2,"Nutzererlebnis in meiner Wahrnehmung leider nicht gut, da man ständig ausgeloggt wird und sich neu anmelden muss. Unnötig!",Google Play Store,2026-09-25T09:15:33.291431+00:00
DHL Paket,de.dhl.paket,94d84bbb-6236-4d4c-b29c-748ecc3b6d4c,2026-09-22T14:15:22,1,Leider ist DHL in Kreis Plön total schlecht geworden. steht ganz oft in der App zugestellt aber gar nicht am ablageort vorhanden. dann muss man als kunde rückerstattung anfordern. neu bestellen. in 2 wochen kommt es denn doch an und man muss es zurück schicken. war mal besser organisiert.,Google Play Store,2026-09-25T09:15:33.291431+00:00
DHL Paket,de.dhl.paket,a20374bc-d0e6-48ca-877d-767fcd96b0c9,2026-09-22T13:19:12,5,Die App ist fur mich super gut sortiert finde die App einfach gut,Google Play Store,2026-09-25T09:15:33.291431+00:00
DHL Paket,de.dhl.paket,36399978-9a12-4784-a922-3dadbc5aea72,2026-09-22T12:47:40,2,die app ist an sich gut aber dieses ständige ausloggen ist einfach nur nervig!!!!!! und sendungen die nicht gefunden werden kommt auch immer mal wieder vor.,Google Play Store,2026-09-25T09:15:33.291431+00:00
DHL Paket,de.dhl.paket,39ae9c14-fd89-4358-8066-2b72e578edb4,2026-09-22T12:29:42,1,"Der letzte Dreck. App wurde geändert, seither nicht mehr bedienbar",Google Play Store,2026-09-25T09:15:33.291431+00:00
DHL Paket,de.dhl.paket,c5efb966-068a-4edb-9989-039b07cd1d60,2026-09-22T11:37:48,5,Immer zufällig und freundlich,Google Play Store,2026-09-25T09:15:33.291431+00:00
DHL Paket,de.dhl.paket,da51474f-dae2-471c-90a7-222b853c9342,2026-09-22T11:28:53,1,"Neu installiert, gestartet, Einführung überspringen gewählt, 10 Minuten gelben Bildschirm angeschaut .. und das war's dann ! Direkt deinstalliert ... Der Tipp mit dem WLAN wird auch nicht helfen, weil ... ich habe gar kein WLAN 😁",Google Play Store,2026-09-25T09:15:33.291431+00:00
DHL Paket,de.dhl.paket,88856a34-54e3-4fb3-b7e2-fb4e5ea819e0,2026-09-22T11:26:34,1,"Bekomme keine Info über Briefbenachrichtigung. Hierfür muss ich aktiv in die App gehen. Weshalb? Bei Paketen funktioniert es doch auch! Dachte die Funktion sei genau dafür gedacht, dass man VORHER weiß, was kommt!?",Google Play Store,2026-09-25T09:15:33.291431+00:00
DHL Paket,de.dhl.paket,7cc2f97d-4f4d-4d1f-94f2-ea4fed81e556,2026-09-22T11:10:21,5,Hat mal wieder Alles geklappt . DHL Ihr seid die BESTEN .,Google Play Store,2026-09-25T09:15:33.291431+00:00
DHL Paket,de.dhl.paket,7e91d1e6-9574-4093-a68e-4b9fc564cd22,2026-09-22T10:48:54,1,"1/5 Sternen App unbrauchbar an neuen displaylosen Packstationen Die Bedienung der Packstationen (z. B. Brabeckstraße) ausschließlich über diese App ist eine Zumutung. 20 Minuten lang erhielt ich nur die Fehlermeldung ""Bluetooth-Verbindung konnte nicht hergestellt werden"", woraufhin die App den Vorgang immer wieder abbrach. Selbst ein zufällig anwesender, sehr hilfsbereiter DHL-Mitarbeiter benötigte 5 Minuten, um das System zu überlisten und das Paket freizugeben. Ein völlig unausgereiftes, kunde",Google Play Store,2026-09-25T09:15:33.291431+00:00
DHL Paket,de.dhl.paket,e7b17018-7609-41d6-b0f4-909746b518bd,2026-09-22T10:13:38,1,Ich kann diese App auf meinem Huawei-Tablet nicht installieren???,Google Play Store,2026-09-25T09:15:33.291431+00:00
DHL Paket,de.dhl.paket,f49b7518-0367-4cf2-bd25-9059f2608e05,2026-09-22T09:30:37,4,"mal neue Packstationen wären auch eine gute Idee. Nachdem hier 2 weggemacht worden sind, sind die nächstgelegenen zwar gut mit dem Auto erreichbar, jedoch ist das Parken eine Katastrophe...",Google Play Store,2026-09-25T09:15:33.291431+00:00
DHL Paket,de.dhl.paket,f303d514-1b83-44be-b28d-09a6cfa4b017,2026-09-22T08:52:00,5,"Bin mit dem Service komplett zufrieden, super ist, dass man auch Paketmitnahme beauftragen kann🙂",Google Play Store,2026-09-25T09:15:33.291431+00:00
DHL Paket,de.dhl.paket,a5b3c58e-0018-496f-96d8-c2c99083b9e4,2026-09-22T07:20:26,5,"praktisch, um Versandmarken zu erstellen",Google Play Store,2026-09-25T09:15:33.291431+00:00
DHL Paket,de.dhl.paket,372d983a-95fb-45ad-a701-d21354026626,2026-09-22T07:04:09,5,Klappt immer alles wunderbar. Sehr nette Zusteller!,Google Play Store,2026-09-25T09:15:33.291431+00:00
DHL Paket,de.dhl.paket,234bb1d9-35bb-4da7-8170-8c10fe9e2b31,2026-09-22T06:36:00,1,"die App behindert mich massiv bei meiner Arbeit. durch das ständige Login entstehen. große finanzielle Schäden das Konzept deutet stark darauf hin, dass die Entwickler nie eine administrative Tätigkeit im Büro ausgeübt haben. gute Besserung an das Team",Google Play Store,2026-09-25T09:15:33.291431+00:00
DHL Paket,de.dhl.paket,a9f94b8f-81b8-4e96-89c8-ae0801bf662d,2026-09-22T06:16:14,5,Guter Service,Google Play Store,2026-09-25T09:15:33.291431+00:00
DHL Paket,de.dhl.paket,4f59b15d-a385-4b56-b913-dc2e7223ade1,2026-09-22T06:09:29,1,Keine einfache Bedienung beim Abholen an der Paketstation.,Google Play Store,2026-09-25T09:15:33.291431+00:00
DHL Paket,de.dhl.paket,edbc29e1-70ec-45fd-aa5c-015c8d63da51,2026-09-22T05:53:02,5,Ich habe die App schon sehr lange und es klappt alles genau so wie ich es haben möchte.,Google Play Store,2026-09-25T09:15:33.291431+00:00
DHL Paket,de.dhl.paket,a8d105ba-22ad-4003-b8aa-7c69c821a77f,2026-09-22T02:14:53,1,dumm wie Brot vlt sollte die ki mal die 3 klasse fertig machen,Google Play Store,2026-09-25T09:15:33.291431+00:00
DHL Paket,de.dhl.paket,91339e3f-41e6-406a-8202-e7a6788c64aa,2026-09-21T18:53:12,5,Super Sache.,Google Play Store,2026-09-25T09:15:33.291431+00:00
DHL Paket,de.dhl.paket,757ae1b3-6c55-4934-a834-1c9c8b60565e,2026-09-21T18:25:04,1,"Da funktioniert gar nix!!! Beim Einloggen wird Password nicht akzeptiert, neue Vergabe Funktion auch nicht, weder wird was als Mail geschickt und schon gar nicht auf Spam!!! Hilfsportal zu kontaktieren kannste dir auch sparen.....ich bestelle nicht Ware das sie in der DHL Box lagern und nach 7 Tage zurück geschickt werden ?!? Liebe DHL!!! Ich lese nur noch negativ Bewertungen , Personen die haargenau die gleichen Probleme beschreiben wie ich sie habe.. Ihr aber verändert nichts!!! ?????????????",Google Play Store,2026-09-25T09:15:33.291431+00:00
DHL Paket,de.dhl.paket,80ba81dc-f870-4d18-bc6d-5084988788ca,2026-09-21T18:19:52,1,Precisa fazer login toda vez de novo. Ja desisti de usar,Google Play Store,2026-09-25T09:15:33.291431+00:00
DHL Paket,de.dhl.paket,29d6c983-211b-4504-ae7c-63a930dcba11,2026-09-21T18:10:04,1,absoluter müll. Passwort zurück gesetzt alles hat geklappt. will mich mitm neuen Passwort anmelden labert mich voll Passwort ist falsch Kundenservice genauso nutzlos. absolut unfassbar.,Google Play Store,2026-09-25T09:15:33.291431+00:00
DHL Paket,de.dhl.paket,62607504-b1d1-4f74-944d-ad730a396543,2026-09-21T17:57:59,5,Ich habe einen Ablageort gewählt weil das die bessere Zustellung ist. Auf die Fahrer ist leider oft kein Verlass.,Google Play Store,2026-09-25T09:15:33.291431+00:00
DHL Paket,de.dhl.paket,5c102718-9416-4805-82da-ffe62347cd2f,2026-09-21T17:24:01,1,"DHL wirbt mit „24-Stunden-Zustellung“ – doch selbst gegen Aufpreis kommt das Paket oft nicht rechtzeitig an. Normale Sendungen brauchen teils eine Woche innerhalb Deutschlands. Besonders bitter: Der deutsche Staat hält über die KfW rund 17,7% der DHL-Aktien. Man wird doppelt enttäuscht – als Steuerzahler und als Kunde. Während der Service katastrophal wird, sind die Vorstandspositionen garantiert voll besetzt – mit dicken Gehältern und Boni für die da oben. Fazit: Finger weg von DHL! Ps: 🤦‍♀️",Google Play Store,2026-09-25T09:15:33.291431+00:00
DHL Paket,de.dhl.paket,bb58443d-2941-4bcb-9ec0-6505a32221fc,2026-09-21T17:09:44,1,"Ich will eigentlich keine App sondern die Sendung zu Hause erhalten, ggf. an den von mir zuvor bestimmten Ort . Ende",Google Play Store,2026-09-25T09:15:33.291431+00:00
DHL Paket,de.dhl.paket,81e6da10-3fe2-427b-8e00-7a3bd3e2d428,2026-09-21T16:23:30,1,"Was ist denn nun passiert? Die App funktioniert bei mir nicht mehr. Ich habe sie für das Tracking genutzt, aber nach dem Öffnen verschwindet sie sofort vom Bildschirm. 🥴",Google Play Store,2026-09-25T09:15:33.291431+00:00
DHL Paket,de.dhl.paket,8ee02434-18f3-40c2-978b-dc11f7a68e30,2026-09-21T16:10:18,5,Bin sehr zufrieden,Google Play Store,2026-09-25T09:15:33.291431+00:00
DHL Paket,de.dhl.paket,bdd8c6ea-bfc6-47fb-a329-f1b5aa005ca2,2026-09-21T16:03:48,1,schlecht Zum 3.mal Ich komme trotz Hilfe nicht an den Abholcode,Google Play Store,2026-09-25T09:15:33.291431+00:00
DHL Paket,de.dhl.paket,afbeca79-6de0-4d40-908a-c5604ccb1614,2026-09-21T15:24:15,1,"Auch nach Neuinstallation der App (Android 16)I kann ich immer noch keine Briefmarke kaufen, bis zu PayPal und bezahlen kommt man und nach dem man bezahlen gedrückt hat geht es zurück in die App liebe was gekauft zu haben. Auf meinem anderen Handy (Android 10) geht es ohne Probleme.",Google Play Store,2026-09-25T09:15:33.291431+00:00
DHL Paket,de.dhl.paket,7f932af4-9f9a-435e-a068-5d6102fbbb00,2026-09-21T15:16:55,5,Top Service,Google Play Store,2026-09-25T09:15:33.291431+00:00
DHL Paket,de.dhl.paket,9afc0b5c-0760-4a1e-8356-079cae64b37c,2026-09-21T15:00:18,1,"Der Service ist grottenschlecht(auch in den Postfilialen-) da weiß ""die linke Hand nicht was die rechte macht"". Kommunikation wird unterbrochen, schlimmer noch: das die menschlichen ServiceMitarbeiter keine Antwort wissen, man wird von einer Abteilung in die nächste verbunden. Zum Schluss weiß man NIX. Niemand konnte mir erklären warum immer wieder auf Maxibrief für €2.90 ein Aufkleber mit folgendem Text zu lesen ist: ""Empfänger unter angegebener Anschrift nicht zu ermitteln"". Toller Service",Google Play Store,2026-09-25T09:15:33.291431+00:00
DHL Paket,de.dhl.paket,031f4768-34a0-4279-9c0a-522f03d8ed0b,2026-09-21T14:47:17,1,schlecht gemacht,Google Play Store,2026-09-25T09:15:33.291431+00:00
DHL Paket,de.dhl.paket,c9ff7280-8e27-4037-8aa7-677e17e5d3fb,2026-09-21T14:42:19,5,Bin sehr zufrieden,Google Play Store,2026-09-25T09:15:33.291431+00:00
DHL Paket,de.dhl.paket,8116021b-b999-469e-93f8-e76753989699,2026-09-21T13:55:02,1,Ich kann meine Pakete nicht holen nach Aktualisierung erbärmlich,Google Play Store,2026-09-25T09:15:33.291431+00:00
DHL Paket,de.dhl.paket,129d23c6-f8ca-4cef-b715-b275599313bb,2026-09-21T13:54:24,1,ich finde es unmöglich das man nicht Mal normal in der Filiale das Paket holen kann sondern umständlich mit Registrierung an der Station sein Paket holen soll. sehr bequem für DHL. WAS MACHT DIE ALLE FRAU OHNE HANDY.?,Google Play Store,2026-09-25T09:15:33.291431+00:00
DHL Paket,de.dhl.paket,53ead9a8-c28a-4fa4-8472-e5a2e6b97fce,2026-09-21T13:41:22,1,"App stürzt App, wenn man an der Packstation steht!!!",Google Play Store,2026-09-25T09:15:33.291431+00:00
DHL Paket,de.dhl.paket,a3665f84-4d53-46a2-8173-04773f3ab988,2026-09-21T13:29:48,1,warum muss ich mich seit dem update jeden verfluchten tag neu anmelden wie bescheuert ist das denn,Google Play Store,2026-09-25T09:15:33.291431+00:00
DHL Paket,de.dhl.paket,570cd786-84cc-4c2b-a8b7-24236c363e70,2026-09-21T12:31:34,1,"Läuft nicht auf GrapheneOS (zeigt dort nur einen leeren, gelben Bildschirm). Das ist ziemlich traurig weil ALLE anderen Apps bei mir anstandslos laufen - sogar meine 5 Onlinebanking-Apps. Das System ist ein reguläres Android-System, das nur zum Zwecke erhöhter Sicherheit über zusätzliche Sicherheitsmaßnahmen verfügt. Das Argument ""Sicherheit"" trifft also nicht zu. Übrigens wird das System bald von Motorola ausgeliefert, sodass eine Kompatibilität schon auch für Post/DHL relevant sein sollte.",Google Play Store,2026-09-25T09:15:33.291431+00:00
DHL Paket,de.dhl.paket,6b4d0c1b-9c54-4834-a807-d6f083899c25,2026-09-21T11:52:06,1,"total blöd: ich kann auf der App die Sendungsnummer überhaupt nicht eingeben, ich soll mich erst verifizieren.warum??? ich möchte den Barcode an der Packstation scannen und dann in ein Fenster die Nummer eingeben - aber es öffnet sich kein Fenster, ich erhalte nur Hinweise zum Verbrauch der App usw. kompletter Schwachsinn!!!",Google Play Store,2026-09-25T09:15:33.291431+00:00
DHL Paket,de.dhl.paket,9b5abc9e-11c2-43d6-80e3-4ae51c153fc0,2026-09-21T11:30:58,1,Abholerinnerung kam nach Ablauf der Abholfrist.,Google Play Store,2026-09-25T09:15:33.291431+00:00
DHL Paket,de.dhl.paket,5236a9b7-b516-4ac0-a769-43f48c3064d8,2026-09-21T11:29:36,1,"Totale Katastrophe, neue App vergisst nun ständig Zugangsdaten oder lädt aktuelle Sendungsinfos entweder gar nicht oder erst nach mehreren Versuchen. Völlig unzuverlässig und praktisch unbenutzbar geworden. Komme gerade nicht an Sendungen in einer Packstation heran.",Google Play Store,2026-09-25T09:15:33.291431+00:00
DHL Paket,de.dhl.paket,697a0559-943f-4d9e-9280-3fa9921b050b,2026-09-21T09:56:55,3,"Päckchen die man locker am Briefkasten ablegen könnte werden unsinnigerweise zum Paketshop gebracht Am gleichen Tag ist noch ein Barcode zum Abholen in der App, aber natürlich keine Abholung möglich. Am nächsten Tag kann abgeholt werden aber Barcode ist nicht einfach auffindbar. sehr schlecht und unbrauchbar da man auch im Briefkasten keine Karte vorfindet nach Abholung im Paketshop zeigt App, Übergabe zuhause an. vollkommen Unsinnig",Google Play Store,2026-09-25T09:15:33.291431+00:00
DHL Paket,de.dhl.paket,dc297565-cad1-4b26-bb12-fb641426412e,2026-09-21T09:46:28,5,Ihr seid die Besten .,Google Play Store,2026-09-25T09:15:33.291431+00:00
DHL Paket,de.dhl.paket,83520caa-6305-4564-8db4-576effb46521,2026-09-21T08:51:14,1,"Die App funktioniert bei mir nicht, kostet nur viel Zeit",Google Play Store,2026-09-25T09:15:33.291431+00:00
DHL Paket,de.dhl.paket,8962adf8-14fe-470a-98ff-168faf44095f,2026-09-21T08:13:03,2,Seit dem letzten Update sehe ich nichts mehr in der Sendungsverfolgung. Außerdem funktioniert der Briefmarkenkauf über Paypal oft nicht.,Google Play Store,2026-09-25T09:15:33.291431+00:00
DHL Paket,de.dhl.paket,2c2adb57-7d7d-46ad-a7a5-b9924630a9ce,2026-09-21T07:47:49,1,behinderte packstationen die sich nicht verbinden lassen.,Google Play Store,2026-09-25T09:15:33.291431+00:00
DHL Paket,de.dhl.paket,4e1ab5a0-a625-4013-8bc6-6d89dbfe1b06,2026-09-21T03:50:29,1,"Ich war angemeldet und Paketverfolgung sowie Briefankündigung hat funktioniert. Jetzt soll ich mich ständig neu anmelden... aber das ist nicht möglich. Bei Briefankündigung funktioniert mein Passwort nicht, beim P-Tracking schon. ???",Google Play Store,2026-09-25T09:15:33.291431+00:00
DHL Paket,de.dhl.paket,280026af-5c85-424b-9c56-fb930d28a4f9,2026-09-20T19:55:25,5,ok,Google Play Store,2026-09-25T09:15:33.291431+00:00
DHL Paket,de.dhl.paket,d980841c-a662-405e-b4ed-0464b8aaef3d,2026-09-20T18:21:39,5,Alles geklappt 👍,Google Play Store,2026-09-25T09:15:33.291431+00:00
DHL Paket,de.dhl.paket,b13f0802-14dc-4c48-9449-136f21793998,2026-09-20T18:00:37,1,ständig Abbrüche seit Update. 3 mal weiter Leitung zu PayPal usw.. dreckapp.,Google Play Store,2026-09-25T09:15:33.291431+00:00
DHL Paket,de.dhl.paket,c87f8650-93a1-46b9-a205-643ad1239489,2026-09-20T17:27:12,5,"Versand mit DHL klappt immer, mein favorisierter Versanddienstleister.",Google Play Store,2026-09-25T09:15:33.291431+00:00
DHL Paket,de.dhl.paket,6ae1e38c-7a64-416a-a0e3-c4d8b5ae1ec4,2026-09-20T15:58:56,2,Der Sendungstitel von einem zu empfangenden Paket/Päckchen lässt sich zwar rein schreiben aber wird nicht übernommen.Sehr schade.(Samsung Galaxy S23 Ultra Android Version 16),Google Play Store,2026-09-25T09:15:33.291431+00:00
DHL Paket,de.dhl.paket,e580250d-17a2-4d5e-8124-150feed5d6b7,2026-09-20T13:52:30,5,"Das Frankierten klappt nicht. Brauche Frankierung mit Einschreiben, werde auf die andere Seite weitergeleitet und da geht nicht weiter. Danach, wollte eine einfache Briefmarke kaufen, aber die App bleibt an der Stelle hängen. Muss immer auf den Rechner ausweichen.",Google Play Store,2026-09-25T09:15:33.291431+00:00
DHL Paket,de.dhl.paket,3e83c691-5516-4f8f-88a4-50885a7f5f6c,2026-09-20T13:36:53,5,einfach Top,Google Play Store,2026-09-25T09:15:33.291431+00:00
DHL Paket,de.dhl.paket,a043b161-c5e4-441c-9b09-89b63e54d5cb,2026-09-20T11:45:22,5,Paket Frankierungen sind sehr einfach und sehr schnell erledigt. Mache das nicht mehr anderst.,Google Play Store,2026-09-25T09:15:33.291431+00:00
DHL Paket,de.dhl.paket,44b1b0d7-78d9-4abb-81a5-1c636b8aefc8,2026-09-20T10:40:12,1,Packstation nutzen und dann kommt leere Seite..,Google Play Store,2026-09-25T09:15:33.291431+00:00
DHL Paket,de.dhl.paket,b38cc562-db07-46b6-af68-6a80f0712195,2026-09-20T10:32:44,4,ständig bricht der Kontakt zum PayPal Login ab und man hängt in der Ladeschleife,Google Play Store,2026-09-25T09:15:33.291431+00:00
DHL Paket,de.dhl.paket,dba57858-4b75-4b62-b1e3-aff9343e62db,2026-09-20T07:16:57,1,"Das ist bereits das zweite mal das ich nicht an mein Paket komme. Wenn ich auf "" jetzt abholen "" klicke wechselt die Ansicht auf die "" versenden "" Seite der App und das wars. Die Buttons mit "" Packstation suchen "" kommen erst gar nicht mehr. Der Technische Support konnte bisher nicht ein einziges mal wirklich helfen. Hat die Station ein Problem, dann wars das. Ein DHL Mitarbeiter vor Ort wollte auch nicht helfen. Die DHL ruht sich hier weitestgehend auf ihrer Marktführerschaft aus.",Google Play Store,2026-09-25T09:15:33.291431+00:00
DHL Paket,de.dhl.paket,ce7cb01f-8249-483f-84d5-6c0d872750a3,2026-09-20T07:13:52,5,pünktlich geliefert bei Problemen wurde direkt reagiert und geholfen.,Google Play Store,2026-09-25T09:15:33.291431+00:00
DHL Paket,de.dhl.paket,e22aa2c9-9d59-47f1-94f1-9bf59474879f,2026-09-19T20:10:20,1,App spinnt wie gewohnt Rum kickt mich aus der App werend der Abholung an der Packstation alle Daten weg erneut einloggen nicht mehr verfügbar und meine Medikamente liegen zur 3 Woche in einer Reihe unabholbar Rum auf meine Kosten danke,Google Play Store,2026-09-25T09:15:33.291431+00:00
DHL Paket,de.dhl.paket,ce96c126-2354-40b3-8b6c-3bb60ebe668c,2026-09-19T18:36:36,1,Absolut nicht empfehlenswert,Google Play Store,2026-09-25T09:15:33.291431+00:00
DHL Paket,de.dhl.paket,9f07b9c2-c7ef-417d-9e66-8a38cffc7495,2026-09-19T17:25:59,1,ich bekomme meine Pakete nicht aus der Abholstation,Google Play Store,2026-09-25T09:15:33.291431+00:00
DHL Paket,de.dhl.paket,a7f0ea2a-f1bb-4a2f-9f66-43f26ab07247,2026-09-19T15:54:28,1,"Seit Stunden steht die Livezustellung ohne Änderung, sorry aber da brauch ich das nicht. Und kommt nicht mit Aktualisieren der App oder so was um die Ecke, regelt das oder lasst es weg. So gibt es 0 Punkte Super!!!! Um 14.50Uhr kommt die Meldung das heute nicht geliefert wird. Ich werde so bestimmt darauf schauen daß ich von DHL NICHTS MEHR LIEFERN LASSE. Und um 17.45Uhr bekomm ich vom Absender die Mail DHL hätte mich nicht erreicht. DHL ist der allergrößte Lügenverein, danke aber das wars dann.",Google Play Store,2026-09-25T09:15:33.291431+00:00
DHL Paket,de.dhl.paket,947a219a-012e-4f82-87df-79fb86e433c1,2026-09-19T15:30:57,1,ständig muss ich alles neu eingeben warum?,Google Play Store,2026-09-25T09:15:33.291431+00:00
DHL Paket,de.dhl.paket,d8be242d-672b-4904-83b9-7da042a2efc9,2026-09-19T15:29:23,4,Leider muss man sich nach der Neu Update immer neu anmelden. vohier hat das wunderbare funktioniert. Genauso funktioniert die Benachrichtigung nicht mehr..,Google Play Store,2026-09-25T09:15:33.291431+00:00
DHL Paket,de.dhl.paket,7fb94f27-8af8-4677-98bf-4dec40cdc0c8,2026-09-19T14:54:32,1,"Es nervt, dass ich ständig abgemeldet werde in der App.",Google Play Store,2026-09-25T09:15:33.291431+00:00
DHL Paket,de.dhl.paket,02e3c33f-393d-42bb-be96-360049292aa8,2026-09-19T13:16:42,3,"Sendungsstatus ist nicht immer logisch, leider braucht man die App zur Nutzung der Packstationen...",Google Play Store,2026-09-25T09:15:33.291431+00:00
DHL Paket,de.dhl.paket,faeb34c3-2477-49da-8eb5-804665faa383,2026-09-19T12:19:06,3,Leider kein aktueller Standort auf Karten mehr,Google Play Store,2026-09-25T09:15:33.291431+00:00
DHL Paket,de.dhl.paket,4ac904f9-a8d5-4f7e-8d65-935766a32148,2026-09-19T11:40:28,1,"Keine Anmeldung mehr möglich und keine alternative Möglichkeit, aktuell nicht nutzbar.",Google Play Store,2026-09-25T09:15:33.291431+00:00
DHL Paket,de.dhl.paket,57d495e2-21f9-4a03-b441-65b43bf383f9,2026-09-19T11:00:55,1,Alles zu kompliziert,Google Play Store,2026-09-25T09:15:33.291431+00:00
DHL Paket,de.dhl.paket,7d7b6b8f-a226-42e3-83fb-5545cbfb2c74,2026-09-19T09:36:59,2,eine Verfolgung des Lieferfahrzeugs per App wäre schön und die Zeitlich Eingrenzung zu wann die Lieferung in etwa kommt. DPD ist dahingehend das b este Vorbild.,Google Play Store,2026-09-25T09:15:33.291431+00:00
DHL Paket,de.dhl.paket,64f30993-dce4-4d7f-8007-da97a220cd10,2026-09-19T08:51:51,1,"Diese App bietet Digital Detox in Reinkultur. Da kann man einstellen was man möchte, sie hält sich immer schön im Hintergrund und meldet sich einfach nicht.",Google Play Store,2026-09-25T09:15:33.291431+00:00
DHL Paket,de.dhl.paket,66647d19-f87a-4fa7-b1b4-8a3e19e83489,2026-09-19T08:04:18,3,"Nach 10 Versuchen konnte ich endlich mein Paket versenden. Das Zusammenspiel mit Paypal und Browser und DHL App ist nicht so zuverlässig. Wenn ich zwischen den Apps wechsle, wird der Zahlvorgang oft abgebrochen.",Google Play Store,2026-09-25T09:15:33.291431+00:00
DHL Paket,de.dhl.paket,d9e49a14-915b-48ca-9d2e-161ef4dd5d4d,2026-09-19T07:59:51,1,wunsch Liefertag und Ablageort sollten besser gestaltet werden. es ist oft unklar das die Angabe dauerhaft gilt.,Google Play Store,2026-09-25T09:15:33.291431+00:00
DHL Paket,de.dhl.paket,1bcd9ec4-5fd4-41aa-9f38-b1a80bccafb9,2026-09-19T07:44:18,4,Ich finde es sehr gut bis jetzt kaum Probleme gehabt ja die ein oder andere zu Stellung war nicht wie die sollte aber auch das bekam mann geregelt,Google Play Store,2026-09-25T09:15:33.291431+00:00
DHL Paket,de.dhl.paket,9efab4ae-38b3-4bb4-add2-e0531207ac56,2026-09-19T07:18:32,5,super,Google Play Store,2026-09-25T09:15:33.291431+00:00
DHL Paket,de.dhl.paket,bf0f20a4-f469-4062-ae83-63f68582f7e7,2026-09-19T07:09:13,5,Beste Entscheidung. Großes Lob an DHL,Google Play Store,2026-09-25T09:15:33.291431+00:00
DHL Paket,de.dhl.paket,bc899e4c-43a1-47c4-90ae-9b93d908679b,2026-09-19T06:46:01,1,"Den QR Code am der Packstation gelesen zu kriegen ist im Sommer immer eine Herausforderung und man kommt sich wie ein idiot vor. Dazu kommt, dass man wahllos aus der App abgemeldet wird weil es eine neue tolle Version gibt und dann an der Packstation steht und sich erstmal wieder in der App anmelden muss.",Google Play Store,2026-09-25T09:15:33.291431+00:00
DHL Paket,de.dhl.paket,555da346-9b3a-4ae3-b4b6-99d65aaf52ed,2026-09-19T04:28:35,5,Zu empfehlen,Google Play Store,2026-09-25T09:15:33.291431+00:00
DHL Paket,de.dhl.paket,25c898b9-7def-4595-ae9b-f82855a0a3e7,2026-09-19T00:59:02,4,"Grundlegend funktioniert die Anwendung sehr gut, die automatische Zustellung in meiner gewünschten Packstation läuft und die Häufigkeit, dass etwas nicht klappt kann man in den ganzen letzten Jahren an der Hand abzählen. Die „neuen“ Packstation mit Paketshop sind auch super 24/7 kann ich mir einzelne Briefmarken/Paketmarken kaufen. Im vergleich zu anderen Paketdienstleistern Top. was nervt: Manchmal empfange ich Dhl Express Sendungen wo Packstation nur mit seperater Regierung funktioniert",Google Play Store,2026-09-25T09:15:33.291431+00:00
DHL Paket,de.dhl.paket,bd01f97b-ff36-4e12-8eba-bcd69ecc647d,2026-09-18T22:33:19,5,top Nummer 1,Google Play Store,2026-09-25T09:15:33.291431+00:00
DHL Paket,de.dhl.paket,0c1f10e7-f522-41ea-9e8a-24adb78c5c90,2026-09-18T20:54:19,1,einfach gruselig. Habe bereits 2x kein Paket abholen können via Automat. Kontaktieren blieb ohne Antwort. Benötigt niemans!,Google Play Store,2026-09-25T09:15:33.291431+00:00
DHL Paket,de.dhl.paket,c469e3df-e1f5-4b10-a992-9dd1cf76aee6,2026-09-18T20:35:49,1,"Absolut erbärmlich. Eigentlich minus fünf Sterne. Zunächst kommt die Meldung, dass sich die Sendung auf dem Weg zur Packstation befindet und am gleichen Tag zugestellt wird. Einige Zeit später kommt die Meldung, dass sich die Lieferung verzögert und erst am nächsten Tag zugestellt wird. 18 Minuten später kommt die Mitteilung, dass die Sendung in der Packstation liegt. Das Problem taucht in letzter Zeit offenbar häufiger auf. Sehr unzuverlässig.",Google Play Store,2026-09-25T09:15:33.291431+00:00
DHL Paket,de.dhl.paket,bad9a5fb-a5f4-45ca-bfed-db4f50b1f6d0,2026-09-18T19:13:28,1,"Mein Passwort wird nicht angenommen, auch nicht wenn ich es zurück setze und ein neues wähle",Google Play Store,2026-09-25T09:15:33.291431+00:00
DHL Paket,de.dhl.paket,96b81244-a9fa-4e0e-867e-b9a1168e88d8,2026-09-18T18:18:38,3,"Neues Handy , Post&DHL-App installiert und mich angemeldet. Wo ist meine bezahlte Briefmarke?? Nicht da!!",Google Play Store,2026-09-25T09:15:33.291431+00:00
DHL Paket,de.dhl.paket,2ce8f5ec-a48b-4e51-b8aa-2cef3bc9815e,2026-09-18T17:00:14,1,"Packstation macht einfach Fach offen wenn man gesagt hat nein weiter! Beim nächsten Mal ist es mir egal, dann bleibt das Fach halt offen. Wenn ihr das nicht sauber programmieren könnt!",Google Play Store,2026-09-25T09:15:33.291431+00:00
DHL Paket,de.dhl.paket,b060e9f0-3bef-4931-bda7-5b8e12408c81,2026-09-18T16:46:38,5,Immer pünktlich und freundlich,Google Play Store,2026-09-25T09:15:33.291431+00:00
DHL Paket,de.dhl.paket,abeb39e1-2695-4b62-a30b-1b7e8669fd00,2026-09-18T16:35:30,1,Ich habe diese App extra geladen damit ich Online frankieren kann. Weil es ja gefühlt keine Filialen mehr gibt und ich nicht jedesmal 20 km fahre um einen Brief zu frankieren. ABER dieser Verein akzeptiert keine Kreditkarte als Zahlungsart. Warum man Kreditkarten dann als Zahlungsart anbietet ist mir ein Rätsel. Unmöglichkeit ‼️,Google Play Store,2026-09-25T09:15:33.291431+00:00
DHL Paket,de.dhl.paket,dbdac460-0b70-4790-a0d5-b5151d35489a,2026-09-18T15:42:54,2,"ungenaue Angaben, oder ich bin zu alt dafür!!!!",Google Play Store,2026-09-25T09:15:33.291431+00:00
DHL Paket,de.dhl.paket,bbd3d6cf-bf56-4787-9292-e2e8225a5708,2026-09-18T15:40:39,3,"Eigentlich eine gute App. Nutze sie regelmäßig zum Tracken von Paketen. Was aber schlecht gelöst ist: DHL Express Sendungen werden nicht in der App angezeigt und gespeichert, sondern per Link out in einer Webview angezeigt. Die Sendungsnr. muss jedesmal neu eingegeben werden.",Google Play Store,2026-09-25T09:15:33.291431+00:00
DHL Paket,de.dhl.paket,bbce0312-6cc7-479a-8a52-edaf2f33d822,2026-09-18T15:33:50,3,"Sinnvolle Funktion für Packstationen fehlt! Es fehlt die Möglichkeit, die Annahme von Paketen in der Packstation direkt in der App zu verweigern. Wenn man ein Paket nicht möchte, muss man aktuell die 7 Tage Lagerfrist verstreichen lassen. Das blockiert die Fächer tagelang völlig unnötig. Ein einfacher Button wie „Annahme verweigern / direkt zurücksenden“ in der App wäre für Kunden und DHL eine riesige Erleichterung!",Google Play Store,2026-09-25T09:15:33.291431+00:00
DHL Paket,de.dhl.paket,f14f01cc-2ed8-4572-a56b-f426c5a14913,2026-09-18T15:02:01,1,Seit Update geht nichts mehr. Paket nicht abholbar. Sehr ärgerlich!,Google Play Store,2026-09-25T09:15:33.291431+00:00
DHL Paket,de.dhl.paket,3c649d98-9c5f-4506-922a-e14698387804,2026-09-18T14:34:37,1,Passwortrücksetzung funktioniert NICHT.,Google Play Store,2026-09-25T09:15:33.291431+00:00
DHL Paket,de.dhl.paket,a22c746d-2840-49dc-99a7-6656a9692f0a,2026-09-18T14:22:02,1,"Pakete werden bei schönem Wetter zu 99% trotz Ankündigung nicht nach Hause gebracht, sondern in eine Filiale, die auch noch in einem anderen Stadtteil liegt. Die Begründungen dafür sind der absolute Witz. Angeblich ist keiner zu Hause gewesen, in einem 10 Parteienhaus waren alle ausgeflogen und Niemand hat die Tür geöffnet und der Klassiker: wegen zu vielen Paketen wurde Arbeitszeit überschritten. Nur gut, das die hübschen Frauen gerne an der Tür quatschen und man genug Zeit zum Rauchen hat. 👎",Google Play Store,2026-09-25T09:15:33.291431+00:00
DHL Paket,de.dhl.paket,ad6b66f2-3b8c-4acb-9fd4-5ea0d21e114b,2026-09-18T14:01:05,3,"Aktuell stört unnötiger Zwangs-Login nach Update, auf all meinen Android-Geräten nötig // Allgenein recht gute Usability mit allerdings ein paar umständlichen Inkonsistenzen, die sich nur mit innerbetrieblichen Logiken erklären lassen (zB NUR bestimmte Sendungen *ausschließlich* im Menüpunkt 'Packstation')",Google Play Store,2026-09-25T09:15:33.291431+00:00
DHL Paket,de.dhl.paket,8d1cff37-bec4-4dec-a9ef-dce6ff139e13,2026-09-18T13:22:03,3,An sich ist die App gut. Auch die Briefankündigung ist super wenn mann auf etwas wartet. Allerdings hat sie ein großes Problem wie ich finde. Es ist nicht möglich in dieser App 2 im Haushalt lebende Personen zu integrieren. Dies ist Handy bezogen. Für mich nicht nachvollziehbar. Vor allem bei Heut zu Tage selbstverständlichen Lebenspartnerschaften. Das finde ich schade!,Google Play Store,2026-09-25T09:15:33.291431+00:00
DHL Paket,de.dhl.paket,da541942-cca2-4b12-aa66-b8e475f06853,2026-09-18T12:50:08,1,Funktioniert nicht mehr. Aktuell werden weder Paketsendungen noch Briefe automatisch eingestellt. Erst nach Eingabe einer Sendungsnr. erscheinen die Daten. Wieder mal eine eigentlich gute App kaputtprogrammiert!,Google Play Store,2026-09-25T09:15:33.291431+00:00
DHL Paket,de.dhl.paket,a89bb880-bf60-4ed0-9159-d154318932d8,2026-09-18T12:46:47,1,funktioniert nicht,Google Play Store,2026-09-25T09:15:33.291431+00:00
DHL Paket,de.dhl.paket,425644b8-9ee3-489c-8f5f-5cd7f6551066,2026-09-18T12:16:56,4,"was mir fehlt, ich kann die Postnummer der Packstation nicht per Copy/Paste bedienen, jedesmal wenn ich die Packstation nutzen möchte,muß ich dies manuell bzw händisch beim Verkäufer eintragen sehr umständlich und unpraktisch, ansonsten gute App",Google Play Store,2026-09-25T09:15:33.291431+00:00
DHL Paket,de.dhl.paket,d7976b8d-54e1-489b-8c35-517a800d6d1d,2026-09-18T12:15:05,1,Ohne Freigabe für ALLES geht nix,Google Play Store,2026-09-25T09:15:33.291431+00:00
DHL Paket,de.dhl.paket,1ab7ab1f-d09e-4cbe-b95c-782f76e51f81,2026-09-18T11:49:10,1,"Login geht nicht. Zurücksetzen vom Passwort geht auch nicht. Auch nicht mit Option ""alternatives Login"". Mit PC konnte ich eine neues Passwort festlegen und mich damit auch einloggen. Bei der App ging das nicht, auch nicht nachdem ich den Cache und Daten der App gelöscht habe. Grottenschlechte App.",Google Play Store,2026-09-25T09:15:33.291431+00:00
DHL Paket,de.dhl.paket,ec47fa5a-011a-42a4-8c29-479027cea12b,2026-09-18T11:12:49,4,".. manchmal kompliziert und ergelich,nach mehreren Versuchen klappt",Google Play Store,2026-09-25T09:15:33.291431+00:00
DHL Paket,de.dhl.paket,34529840-6979-444d-be4a-b4c6c34949ad,2026-09-18T09:48:44,1,"Ich wollte über Kaufland was kaufen, beim Packstation eingeben die Packstation 201 am Heerstraße 332 nicht dabei. Über mein Sohn musste ich kaufen, da lief ruckzuck.",Google Play Store,2026-09-25T09:15:33.291431+00:00
DHL Paket,de.dhl.paket,a2899c0c-7637-42a3-8580-8fbc4d26fec6,2026-09-18T09:36:30,2,die Paket und Brief Verfolgung wird nicht aktualisiert. Das ist für ein so großes Unternehmen unterirdisch.,Google Play Store,2026-09-25T09:15:33.291431+00:00
DHL Paket,de.dhl.paket,892d0be0-3bba-4451-8aae-1f27b35d3f25,2026-09-18T09:16:37,5,DHL gut alles gut ! 👍 😉,Google Play Store,2026-09-25T09:15:33.291431+00:00
DHL Paket,de.dhl.paket,438a26a3-bb4d-481b-b06e-36183a2b8372,2026-09-18T08:53:30,5,Immer perfekt... Danke,Google Play Store,2026-09-25T09:15:33.291431+00:00
DHL Paket,de.dhl.paket,ce811f4b-b681-43e7-867e-904166a47171,2026-09-18T08:53:17,2,"Leider plötzlich ausgeloggt, Klick auf den Anmeldebutton mehrfach ohne Reaktion. Cache geleert, Speicher gelöscht, gleiches Verhalten. Update: Infos wie gewünscht bereitgestellt, warten auf Rückmeldung.",Google Play Store,2026-09-25T09:15:33.291431+00:00
DHL Paket,de.dhl.paket,98ccef3a-7f82-48ab-bb54-2f3fa0af58f7,2026-09-18T08:37:43,1,"Die App war mal sehr Gut. In letzter Zeit stimmen die Angaben nicht nicht mehr. Am 31.07,26 stand dort das mir ein Brief zugestellt werden sollte aber den Brief habe ich bis heute noch nicht erhalten. Wenn ich jetzt gucken möchte ob da was in Zustellung ist muss ich mich jedes mal neu anmelden. Dann muss du noch auf ein Code warten. Man kann die App keinen mehr weiterempfehlen.",Google Play Store,2026-09-25T09:15:33.291431+00:00
DHL Paket,de.dhl.paket,dfe36f4f-f3bc-46dd-8edb-63eba6d17b16,2026-09-18T08:27:03,1,"Die App soll Paketempfang und Packstationen vereinfachen. Meine Erfahrung ist leider das Gegenteil. Bei Problemen mit app-gesteuerten Packstationen muss für einen Widerspruch ein Link manuell aufgerufen und müssen bereits bekannte Daten erneut eingegeben werden. Zudem wurde mir eine Packstation als Abholort angezeigt, obwohl die Sendung dort nicht lag, und Sendungen wurden an ungünstige Standorte umgeleitet. Digitale Prozesse sollten Aufwand reduzieren, nicht auf Kunden verlagern. 1/5.",Google Play Store,2026-09-25T09:15:33.291431+00:00
DHL Paket,de.dhl.paket,be35225e-cfcb-44f6-982f-2621f641a02b,2026-09-18T07:30:13,1,leider funktioniert die Post Info leider nicht zuverlässig,Google Play Store,2026-09-25T09:15:33.291431+00:00
DHL Paket,de.dhl.paket,692fb117-8a31-45ae-b3b6-e462701b983a,2026-09-18T06:12:01,5,Sehr gut gemacht.,Google Play Store,2026-09-25T09:15:33.291431+00:00
DHL Paket,de.dhl.paket,68a00039-693c-4455-9aa5-c15e9d64f2ec,2026-09-18T05:34:24,1,"ich bin Rentnerin, gehbehindert und DHL macht jedes Mal mein Leben schwer in dem es meine Pakete bei der Packstation abgibt. ich bin 24 Stunden von 24 Stunden zu Hause und jederzeit erreichbar und es heißt immer wieder man konnte das Paket nicht abliefern. Amazon findet mich immer DHL findet mich nie. es ist einfach haarsträubend.",Google Play Store,2026-09-25T09:15:33.291431+00:00
DHL Paket,de.dhl.paket,be5abbf7-7a0f-4e0e-88b1-ef126be3dc83,2026-09-18T03:28:18,4,"Eigentlich ist die App ganz gut und macht, was sie soll. Was allerdings gewaltig nervt ist, dass man sich nach jedem Update neu anmelden muss. Natürlich passiert das immer genau dann, wenn man schon vor der Packstation steht und natürlich hat man dann sein 964. Passwort nicht im Kopf. Das können andere Apps besser. Und nein, das hat nichts mit Sicherheit zu tun....",Google Play Store,2026-09-25T09:15:33.291431+00:00
DHL Paket,de.dhl.paket,9925cb61-4f75-4064-9142-08bf4aefc648,2026-09-17T20:34:31,1,"App ist nicht mehr benutzbar. Update: App funktionierte kurzzeitig wieder. Jetzt gab's ein neues Update und wieder zickt alles rum. Nach Anmeldung fragt die App nach Aktivierung von digitaler Zustellbenarichtigung. Wieso? Das war Standart. Im Briefkasten gibt's die schon seit Jahren nicht mehr. Will ich sie aktivieren, soll ich mich nochmals in der angemeldeten App anmelden. Daraufhin buggt die App rum und meldet sich komplett ab. Fixt das endlich!",Google Play Store,2026-09-25T09:15:33.291431+00:00
DHL Paket,de.dhl.paket,b7293c37-5ca1-40eb-9166-dba6d914627b,2026-09-17T20:02:21,1,"1 Stern wäre definitiv zuviel, dieses katastrophale Unternehmen mit der katastrophalen App sind einfach unfähig und eine Zumutung Made in Germany!!!",Google Play Store,2026-09-25T09:15:33.291431+00:00
DHL Paket,de.dhl.paket,d32a3f37-5f23-4bb0-8983-4805cb73be19,2026-09-17T19:51:49,1,"Katastrophe: die neue App ist mit meinem Gerät nicht mehr kompatibel!!! wie komm ich jetzt die nächsten 2 Tage an meine Pakete, die in der Packstation lagern????????????",Google Play Store,2026-09-25T09:15:33.291431+00:00
DHL Paket,de.dhl.paket,5634cd98-30d6-479b-8e92-18d3b69e8041,2026-09-17T18:35:38,1,Ich möchte meine Pakete bitte ohne App und Bluetooth abholen.,Google Play Store,2026-09-25T09:15:33.291431+00:00
DHL Paket,de.dhl.paket,edbb6d82-2fdc-48eb-b329-feea59405888,2026-09-17T18:35:21,2,"Sollte mich neu anmelden. Nach Anmeldung sollte zur Identifizierung ein Anmeldecode per Mail kommen. Die Mail kommt aber nicht (auch nicht im Spam oder anderen Ordnern). Hilfe in FAQ & Chat gesucht. Detaillierte Hilfe zur Anmeldung gibt es aber nur nach Anmeldung?! Nach mehreren Fehlversuchen habe ich die App durch die Vorgängerversion ersetzt. Strike! Angemeldet, Code erhalten und verifiziert. DHL sollte hier weniger die User bashen und statt dessen auf Fehlersuche gehen!",Google Play Store,2026-09-25T09:15:33.291431+00:00
DHL Paket,de.dhl.paket,cdb471ef-1e18-4f9d-96d7-dfea30cfad48,2026-09-17T18:22:59,5,Bisher alles gut....,Google Play Store,2026-09-25T09:15:33.291431+00:00
DHL Paket,de.dhl.paket,a25e57e7-2473-463f-b32b-3296901afd99,2026-09-17T18:04:27,1,verliert nach jedem Update die Zugangsdaten,Google Play Store,2026-09-25T09:15:33.291431+00:00
DHL Paket,de.dhl.paket,14858c3e-589c-47dc-aef8-5484e5f9d7da,2026-09-17T17:53:43,5,Sehr guter Standort. Sehr gutes Parken. Vor allem trockner Standort.,Google Play Store,2026-09-25T09:15:33.291431+00:00
DHL Paket,de.dhl.paket,badf2fcb-129c-4e07-8c79-2b4a1d28f52b,2026-09-17T17:50:32,1,"Wegen einem fehlenden - werden Pakete nicht abgelegt ändert man etwas in der App wird alle Einstellungen gelöscht und das Paket wird auch nicht abgelegt. Wenn man zur paketstation muss, dauert das zusenden der Verifizierung bis zu 10 Tage (Paket wird aber nur 9 Tage aufbewahrt) Man wird gezwungen das durch fotografieren des Ausweis zu machen. Und dann geht plötzlich gar nichts mehr. Wenn es eine andere Möglichkeit gäbe wäre DHL für mich erledigt",Google Play Store,2026-09-25T09:15:33.291431+00:00
DHL Paket,de.dhl.paket,7787e520-59a5-4811-b253-05f0e4dc1cc4,2026-09-17T17:00:44,1,"neue APP nicht lad bar, kann mein Paket nicht Abholen,",Google Play Store,2026-09-25T09:15:33.291431+00:00
DHL Paket,de.dhl.paket,c0c57692-e7fc-45a1-8065-93b7a870c5a0,2026-09-17T16:55:38,1,Ein Desaster!,Google Play Store,2026-09-25T09:15:33.291431+00:00
DHL Paket,de.dhl.paket,4f30d228-f9ea-4681-949c-033739f25d53,2026-09-17T16:53:18,5,top Service,Google Play Store,2026-09-25T09:15:33.291431+00:00
DHL Paket,de.dhl.paket,f8880ab8-b0ab-42c1-a79b-da37d1bc5cd0,2026-09-17T16:44:42,5,gut,Google Play Store,2026-09-25T09:15:33.291431+00:00
DHL Paket,de.dhl.paket,5b85f665-dd0e-45e8-b15d-9c1f9d233b73,2026-09-17T16:34:21,1,"Ich würde gerne die elektronische Benachrichtigung aktivieren. Es scheitert daran dass DHL Third-Partie-Cookies verwendet, die natürlich in meinem Browser verboten sind. Warum die das über den Browser abwickeln bleibt unklar. So etwas entscheidendes darf nicht über einen fremden Browser abgewickelt werden, das muss die App selber können.",Google Play Store,2026-09-25T09:15:33.291431+00:00
DHL Paket,de.dhl.paket,551e0f03-17c6-4f90-9b7a-73f1d47d291a,2026-09-17T16:14:14,1,"Seit zwei Monaten bin ich total unzufrieden mit dem Service dieser App & der Abholung an der Packstation. Möchte ein Paket abholen & werde aufgefordert mich in meinem Account anzumelden. Soweit so gut mit Nummer & Passwort. Der erforderliche Code, welch an die E-Mail-Adresse gesendet wird kommt nicht an. Weder im Postfach noch im Spam. Bei allen Sicherheit wird's wohl besser sein die Pakete wieder im Shop abzuholen.",Google Play Store,2026-09-25T09:15:33.291431+00:00
DHL Paket,de.dhl.paket,a7561214-8666-43d9-b83d-7f653fe6ad90,2026-09-17T15:13:15,1,"Mein Acc wurde wegen angeblicher, illegaler Handlung o. ä. gesperrt. BITTE WAS??? Ein E- Formular habe ich vor Tagen, auf der Seite der Post, ausgefüllt, abgeschickt und um Vollständige Aufklärung gebeten, da ich mir keiner Schuld bewusst bin. Ich komme leider nicht an meine Postnummer... Seit über 1 Woche, nichts. Keine Reaktion. Nicht mal Rückfragen per E-Mail, NULL. Es wird sich einfach nicht geäußert und aufgeklärten. Sehr schlechter Service.",Google Play Store,2026-09-25T09:15:33.291431+00:00
DHL Paket,de.dhl.paket,b48e72e9-c3c6-45a2-938d-9fe4228fd914,2026-09-17T15:00:58,1,"Ich habe seit 6 Tagen ein paket in der packstation, kann es nicht abholen weil ich keine Karte im Briefkasten bekomme, die app zeigt mir bei "" paket jetzt abholen "" keinen Code oder karte an. Support ist nur der dumme bot. Anruf ebenfalls der bot. NaJa gehen die Pakete eben zurück. Nichts mehr über DHL liefern lassen so weit es geht. Weil Pakete an der Haustür zustellen funktioniert genau so wenig.",Google Play Store,2026-09-25T09:15:33.291431+00:00
DHL Paket,de.dhl.paket,d8a5a217-0e2e-4823-8ab8-2bb97f71b7a4,2026-09-17T14:55:22,5,Unser Bote(ein älterer Herr) der DHL ist super freundlich und sehr nett. Ein freundlicher Gruß und ein nettes Wort ist immer drin.,Google Play Store,2026-09-25T09:15:33.291431+00:00
DHL Paket,de.dhl.paket,a8fb1a8f-54a4-4cc2-8b3d-cd4f1050177b,2026-09-17T14:22:08,1,sehr kompliziert,Google Play Store,2026-09-25T09:15:33.291431+00:00
DHL Paket,de.dhl.paket,b740ad38-98f8-410b-971d-591bf483dc83,2026-09-17T13:27:10,1,"Diese App ist nur Müll, dauerhaft werden Fehler angezeigt nach jeder !!! Nutzung muss ich mich neu anmelden !!!!",Google Play Store,2026-09-25T09:15:33.291431+00:00
DHL Paket,de.dhl.paket,97ca7ddd-b12a-4d39-b7fa-9425779c59c8,2026-09-17T12:46:35,3,Macht was sie soll bloß ärgerlich wenn man keine Info hat an wem das Paket übergeben wurde,Google Play Store,2026-09-25T09:15:33.291431+00:00
DHL Paket,de.dhl.paket,07375df2-e9e3-4d9a-9c22-eb7a233cf555,2026-09-17T12:35:49,1,"Man geht auf ""Jetzt abholen"" > Benachrichtigungskarte > Ja oder Nein > gehe auf Nein. Da die Startion keine App unterstützt. Kommt darauf ""Scannen sie den Strichcode an der Paketstation. Was für ein Strichcode? Karte Bekommen oder E-Mail, Nein. Ist dieser Code in der App unter ""Abholen"" verfügbar? Nein. Was soll das? DHL App. Lösung, die ich nicht machen werde. Kunden Service. Mir egal. Nach 9 Tagen geht das Packet eh wieder Zurück.",Google Play Store,2026-09-25T09:15:33.291431+00:00
DHL Paket,de.dhl.paket,2d213e59-0143-4afa-a01d-2f975d18604b,2026-09-17T12:15:19,5,Supi,Google Play Store,2026-09-25T09:15:33.291431+00:00
DHL Paket,de.dhl.paket,1024d648-a375-4814-8750-2ab2e117321d,2026-09-17T12:15:18,2,War mal ganz gut. Aber seit Monaten spinnt die App einfach nur... Besonders Porto Marken sind unmöglich zu bekommen.,Google Play Store,2026-09-25T09:15:33.291431+00:00
DHL Paket,de.dhl.paket,697d18de-414d-4f64-a758-408ab4675476,2026-09-17T11:50:42,5,funktioniert einwandfrei.,Google Play Store,2026-09-25T09:15:33.291431+00:00
DHL Paket,de.dhl.paket,a16e4ad0-4218-417c-b2da-6e2d8846ecca,2026-09-17T11:49:22,1,geht überhaupt nicht,Google Play Store,2026-09-25T09:15:33.291431+00:00
DHL Paket,de.dhl.paket,4ac61cca-3b92-4255-bfad-8d166f21c6a1,2026-09-17T11:30:49,2,"schön verwirrend, bei dem frankieren von Päckchen, damit man ja mehr , oder irgendwas zusätzlich bezahlt .",Google Play Store,2026-09-25T09:15:33.291431+00:00
DHL Paket,de.dhl.paket,a8606f38-cd44-4ec6-b775-bd5581ca93e5,2026-09-17T11:27:32,2,bekommt endlich Das Live-Tracking dieser Sendung steht aktuell leider nicht zur Verfügung in den Griff! kommt bei euch wohl öfters vor das nervt Extrem keine Sau weiß wann was kommt.,Google Play Store,2026-09-25T09:15:33.291431+00:00
DHL Paket,de.dhl.paket,3df9a966-7964-438a-b116-e6be6fd48aa3,2026-09-17T11:11:57,1,"Das ist ja eine schöne App. Es heißt, es sind noch 30 Kunden vor mir. Ich komme nach Hause und die App zeigt immer noch dasselbe an: 30 Kunden noch vor mir. Aber ich habe eine Karte im Briefkasten, dass er da war. Wie geht das? Es kommt öfter vor, dass die App nicht richtig funktioniert. Dann brauche ich sie ja nicht, wenn ich mich nicht auf sie verlassen kann.",Google Play Store,2026-09-25T09:15:33.291431+00:00
DHL Paket,de.dhl.paket,85bf0b31-878a-4d1e-ad6f-cdad15da8bae,2026-09-17T11:06:44,1,STÄNDIG MUSS MAN SICH NEU ANMELDEN!! Diese App ist das allerletzte!,Google Play Store,2026-09-25T09:15:33.291431+00:00
DHL Paket,de.dhl.paket,e215e728-4d22-4a7a-aee6-e71593b9e677,2026-09-17T10:23:10,5,"Nach dem App Update vom 25.08.2026 funktioniert Autofill mit Samsung Pass nicht mehr. Ich war bisher sehr zufrieden mit DHL und der App. Jetzt bin ich enttäuscht und frustriert. Darum nur noch ein Stern, bis ihr dieses Problem aus der Welt geschafft habt. / Update: Nachdem ich mich wieder abgeregt habe und mit DHL und der App eigentlich sehr zufrieden bin, geb ich wieder fünf Sterne. Ich weiß, ihr gebt in eurem ( stressigen ) Job euer bestes und irgendwann funktioniert Autofill auch wieder.",Google Play Store,2026-09-25T09:15:33.291431+00:00
DHL Paket,de.dhl.paket,513ac452-a2eb-4ae0-b2f8-e415d361af45,2026-09-17T10:20:26,1,"Ständig hängt die App fest oder will eine andere Hausnummer, die aber nun mal so ist oder oder oder... Als Unternehmerin kostet es mich viel vergeudete Zeit.",Google Play Store,2026-09-25T09:15:33.291431+00:00
DHL Paket,de.dhl.paket,a4c9f6c9-0376-4efe-900b-c160bca6ba65,2026-09-17T09:59:29,5,so die 2 Stufen Authentifizierung nach Kontakt mit DHL aufgehopen jetzt geht alles wieder kann wieder 5 Sterne geben,Google Play Store,2026-09-25T09:15:33.291431+00:00
DHL Paket,de.dhl.paket,40c52f27-9069-43f1-8011-3ee2636465ae,2026-09-17T08:55:55,1,"funktioniert nicht. nur gelbes Bild, kann nichts machen. es erscheint keine fehlermeldung. funktionierte vor einem Jahr problemlos. komischerweise läuft die polnische Version ohne Probleme. weiß nicht, was ich noch tun soll...",Google Play Store,2026-09-25T09:15:33.291431+00:00
DHL Paket,de.dhl.paket,cf5261cd-4220-470f-b3fc-f797a94f3a06,2026-09-17T08:18:50,5,Ich persönlich bin immer zufrieden mit Tempo und Kwalitet,Google Play Store,2026-09-25T09:15:33.291431+00:00
DHL Paket,de.dhl.paket,bd42a951-f42a-41cd-8b4c-ada0a8d753c9,2026-09-17T08:00:07,1,Jedes Mal ein neues Problem!,Google Play Store,2026-09-25T09:15:33.291431+00:00
DHL Paket,de.dhl.paket,60e6e5d1-5501-4225-85af-028ba07bf859,2026-09-17T06:42:26,5,Bisher nur gute Erfahrungen,Google Play Store,2026-09-25T09:15:33.291431+00:00
DHL Paket,de.dhl.paket,4368f3df-bc39-45f5-968b-39d447814062,2026-09-17T05:04:49,1,"wozu einen Briefankündigung aktivieren wenn der Service ""Briefankündigung zur Zeit (16 Monate) nicht zur Verfügung steht""",Google Play Store,2026-09-25T09:15:33.291431+00:00
DHL Paket,de.dhl.paket,7a3679c7-90ef-49ad-add5-b86776afefa8,2026-09-17T03:12:12,1,"bekomme keinen Anmeldecode, um die Installation abschließen zu können",Google Play Store,2026-09-25T09:15:33.291431+00:00
DHL Paket,de.dhl.paket,08691ad3-d8c3-4a07-8b18-966c53bfcdb8,2026-09-17T03:06:31,3,"meldet mich jedes mal ab, wenn die APP geschlossen ist. nervt etwas.",Google Play Store,2026-09-25T09:15:33.291431+00:00
DHL Paket,de.dhl.paket,c42e3b47-83d5-421b-86b1-25f2343e6df8,2026-09-17T02:29:24,1,"funktioniert nicht auf meinem honor Magic 8 pro. nur ein gelber Bildschirm, mehr gibt es für mich in dieser App nicht",Google Play Store,2026-09-25T09:15:33.291431+00:00
DHL Paket,de.dhl.paket,d41cc26c-e062-4c9c-b918-6a447e02eb23,2026-09-17T02:05:39,3,warum muss ich immer wieder erneut Anmelden? ich allein nutze dieses Smartphone niemand sonst! eigentlich ist das App Gut! aber dass ich immer wieder neu Anmelden muss Nervt!,Google Play Store,2026-09-25T09:15:33.291431+00:00
DHL Paket,de.dhl.paket,257dbb4a-b2c4-43d7-bb35-fd7277d2d20f,2026-09-17T01:56:29,5,bin sehr zufrieden damit 😄,Google Play Store,2026-09-25T09:15:33.291431+00:00
DHL Paket,de.dhl.paket,8254d095-3732-42bc-a1d2-749dee79362f,2026-09-16T23:01:03,1,"Hatte immer funktioniert. Aber jetzt bin ich plötzlich abgemeldet. Und wenn ich mich neu anmelden möchte, ist mein eingegebenes Passwort angeblich falsch. Wenn ich auf Passwort zurücksetzen klicke und meine E-Mailadresse eingebe, erhalte ich keine E-Mail (es kommt auch keine E-Mail in Spam Ordner an). Dadurch habe ich leider keine Chance mehr diese App zu nutzen. Wirklich sehr schade!",Google Play Store,2026-09-25T09:15:33.291431+00:00
DHL Paket,de.dhl.paket,09d02f90-11f8-4b1b-9d77-5ba87d9e4ff7,2026-09-16T21:05:22,1,"Seit dem Update vor ein paar Tagen vergisst die App laufend das Passwort. Dazu ist sie langsam geworden. Katastrophe, denn die App nervt nun in ihrem Verhalten",Google Play Store,2026-09-25T09:15:33.291431+00:00
DHL Paket,de.dhl.paket,47e87191-4297-41fd-a012-b7832ab3a61f,2026-09-16T20:53:00,5,Immer alles Perfekt. Danke,Google Play Store,2026-09-25T09:15:33.291431+00:00
DHL Paket,de.dhl.paket,3b8690f2-59a7-4fea-a404-59ed68889805,2026-09-16T19:01:41,1,"das ist die schlimmste App die ich kenne. Es wird meine Adresse nicht akzeptiert, dadurch kann ich nicht mit PayPal bezahlen. Hab die App de- und wieder installiert. Hilft alles nicht. Als nächstes können meine Angaben nicht überprüft werden . Ich wollte einfach nur eine online Briefmarke kaufen. Werde jetzt wieder deinstallieren, nie wieder.",Google Play Store,2026-09-25T09:15:33.291431+00:00
DHL Paket,de.dhl.paket,b0c34e47-24fa-49ed-a2cf-81a4c45d4b15,2026-09-16T18:38:10,1,nichts gegen die app aber im system bei dhl läuft was falsch. warum wird ein biref zurück zum absender geschickt weil ich nicht zu hause war (muss arbeiten wie jeder normale bürger). zudem es ist ein brief...einfach in briefkasten rein und fertig.,Google Play Store,2026-09-25T09:15:33.291431+00:00
DHL Paket,de.dhl.paket,d2eddea6-0641-4bd5-93b4-0fa12cc9ce28,2026-09-16T18:13:34,5,Wunderschön,Google Play Store,2026-09-25T09:15:33.291431+00:00
DHL Paket,de.dhl.paket,6d32c67e-d53f-4a84-9352-b64bc0cbdff4,2026-09-16T18:01:44,1,"Nach der Aktualisierung verschwanden meine Anmeldedaten und ich konnte meine Sendung nicht abholen. Ich habe mich zu Hause angemeldet, aber an der Packstation hat sich rausgestellt, das ich wegen Inaktivität abgemeldet war. Unglaublich!",Google Play Store,2026-09-25T09:15:33.291431+00:00
DHL Paket,de.dhl.paket,f1374984-27f7-4d63-815a-57aa1d80a448,2026-09-16T17:56:57,3,"Meldet einen einfach ab, sodass man häufig vor der Packstation (im Regen) steht und sein Paket nicht abholen kann, sollte man seine Anmeldedaten nicht parat haben. Dann noch mit Sicherheitskey per E-Mail... ""Bequem"" ist etwas anderes. Wenn man angemeldet ist, funktioniert es gut.",Google Play Store,2026-09-25T09:15:33.291431+00:00
DHL Paket,de.dhl.paket,8089b741-ed9f-4791-860b-5c9f79d6d433,2026-09-16T17:30:19,1,Der support ist sehr sehr schlimm,Google Play Store,2026-09-25T09:15:33.291431+00:00
DHL Paket,de.dhl.paket,be5452fd-25fe-4156-8d71-004e78776770,2026-09-16T17:16:35,5,"Alles super, zuverlässig und pünktlich.",Google Play Store,2026-09-25T09:15:33.291431+00:00
DHL Paket,de.dhl.paket,f23398a8-7c5b-4b4e-9c83-01b89b1cb4a5,2026-09-16T16:59:25,1,zwangsanweisungen gehen heutzutage überhaupt nicht. schämen Sie sich.,Google Play Store,2026-09-25T09:15:33.291431+00:00
DHL Paket,de.dhl.paket,f9e76f2e-fb30-44d7-90ba-180c953b8ca3,2026-09-16T16:20:10,5,"Ich bin super zufrieden mit meinem Po(s)tpourri an Zustellern. Aufmerksam, zuverlässlich und wirklich immer freundlich. Danke 🫶🏻",Google Play Store,2026-09-25T09:15:33.291431+00:00
DHL Paket,de.dhl.paket,a6987253-8847-4c4a-83fe-bd56fa0b151d,2026-09-16T16:11:11,1,Bei der deutschen Post müsste von Grund auf mal umstrukturiert werden....es löuft eher schlecht als gut: ich stelle immer häufiger fest wie unzuverlässig die Post geworden ist...da ist Luft nach oben....,Google Play Store,2026-09-25T09:15:33.291431+00:00
DHL Paket,de.dhl.paket,f4cbade2-9267-4e17-912b-605d521625b6,2026-09-16T16:00:48,1,Unnötig kompliziert aber leider ein Zwang weil DHL Pakete einfach in Packstationen lagert.,Google Play Store,2026-09-25T09:15:33.291431+00:00
DHL Paket,de.dhl.paket,1ba522d0-246d-469c-8889-531e19fd9721,2026-09-16T15:59:18,5,"Abholcode lässt sich nicht automatisch einscannen, evtl liegt an Wetterverhältnissen (Sonne und Regen gleichzeitig!). Mit der manuellen Eingabe der Nummer funktioniert es einwandfrei. Daher volle Punktzahl.",Google Play Store,2026-09-25T09:15:33.291431+00:00
DHL Paket,de.dhl.paket,3cb79bea-0bec-4525-a07f-00847828987d,2026-09-16T15:37:03,5,alles bestens,Google Play Store,2026-09-25T09:15:33.291431+00:00
DHL Paket,de.dhl.paket,b89eaac1-a2d6-4294-80c9-62daabcdd9a9,2026-09-16T15:18:04,1,Enshitificated bloat- & dataselling Software forced upon costumers. It's profitable of course.,Google Play Store,2026-09-25T09:15:33.291431+00:00
DHL Paket,de.dhl.paket,90bca31d-97e6-487a-bebf-a7ddbc8d16d4,2026-09-16T14:56:21,1,Sehr schwierig für Computerlaien komme mit der Installation/bzw Inbetriebnahme nicht klar 🙈😤👎,Google Play Store,2026-09-25T09:15:33.291431+00:00
DHL Paket,de.dhl.paket,19cea90a-778f-44f7-8b5c-1e3d037e657d,2026-09-16T14:53:00,1,einfach eine nichts sagende App. Man kann umleiten oder neue Lieferdaten eingeben aber das nutzt selten mal was. Tracking funktioniert auch sehr selten.,Google Play Store,2026-09-25T09:15:33.291431+00:00
DHL Paket,de.dhl.paket,ad2ba13b-19fc-455e-a8f3-b335f16a2f13,2026-09-16T14:35:23,5,top,Google Play Store,2026-09-25T09:15:33.291431+00:00
DHL Paket,de.dhl.paket,bfc9d559-aa90-4dc3-8919-f5f767b51fb5,2026-09-16T14:26:40,1,Päckchen wurde an einer packstation platziert wo man genötigt wird eine App runter zu laden um danach fest zu stellen das man sich nicht mit der Station verbinden kann. Super da macht man sich auf dem Weg und steht im wahrsten Sinne im Regen weil man nun schauen kann wie man seine Sendung bekommt. nicht Mal ein Stern wert. Übrigens gibt es ausgerechnet zur selben Zeit eine Telefonstörungen....,Google Play Store,2026-09-25T09:15:33.291431+00:00
DHL Paket,de.dhl.paket,a7df7d48-d8e0-4f38-bfb1-e5bb636d2161,2026-09-16T13:36:18,5,👍🏼,Google Play Store,2026-09-25T09:15:33.291431+00:00
DHL Paket,de.dhl.paket,f2ab41b5-911d-4ef1-ac96-2643ac05f810,2026-09-16T13:06:41,3,"Bekomme seit heute eine Fehlermeldung, ""Es kam zu einem Fehler bei der Schnittmengensuche"", wenn ich eine Sendung zur Packstation umleiten möchte?!",Google Play Store,2026-09-25T09:15:33.291431+00:00
DHL Paket,de.dhl.paket,3e030228-ec92-4011-9042-ea77dcab2217,2026-09-16T12:54:21,1,"ständig passwort, oder packstation nicht anwählbar",Google Play Store,2026-09-25T09:15:33.291431+00:00
DHL Paket,de.dhl.paket,a79b8470-3f16-4517-ad4e-02bc117e9aa5,2026-09-16T12:33:04,1,"Von einem Moment auf den anderen den Zugang verändert, da muss die Sendung wohl an den Absender zurück 🫪...",Google Play Store,2026-09-25T09:15:33.291431+00:00
DHL Paket,de.dhl.paket,eb3ff717-536d-4fff-957f-1ba96c9014b4,2026-09-16T11:50:40,2,"größte Müll den es gibt, bei mir geht kein Fach auf. Musste meinen Benachrichtigungscode meiner Schwester geben und bei ihr ging es. Bin über alles angemeldet trotzdem geht es nicht.....",Google Play Store,2026-09-25T09:15:33.291431+00:00
DHL Paket,de.dhl.paket,bcc80533-e78d-464f-83fe-ce67a9327349,2026-09-16T11:48:42,5,"Vielen Dank, hat wunderbar Funktioniert mit WLAN aus und nur Mobilfunk einschalten. Gibt direkt wieder die 5 Sterne zurück. vorherige: Scheint noch nicht Pixel 11 kompatibel zu sein, komme nicht zum Login Bildschirm in der App, bekomme den Anfangsbildschirm und danach nur eine gelbe Seite, neu starten oder de- und wieder installieren, hat nicht geholfen. auf meinem alten Pixel 8 läuft es ohne Probleme..",Google Play Store,2026-09-25T09:15:33.291431+00:00
DHL Paket,de.dhl.paket,e1bd046b-67fe-4bdf-b67f-d0e9b4813422,2026-09-16T11:47:50,1,"Andauern Probleme in der einlogseite zeigt an gesperrt(bearbeiten) wenn bearbeitet (eigelogt) und bereit Handy ok! /1.seit zeigt an weiterhin gesperrt. Auch der Abholung Code wir nicht übermittelt... Ich langsam die schnauze voll das ist schon das 3.mal das ich nicht an meine Sendung heran komme auch der Support teilt mir immer wieder mit er könne nicht ändern... Also bitte um schnelle Antwort, sonst werde ich die Sache mal von einem Rechtsbeistand prüfen lassen SO GEHT MAN NICHT MIT KUNDEN UM!",Google Play Store,2026-09-25T09:15:33.291431+00:00
DHL Paket,de.dhl.paket,a758d303-7b8a-4ba5-a779-174e2e637c62,2026-09-16T11:42:59,1,"Wieso werde ich jetzt ständig ausgeloggt? Geht's noch? Da wartet man auf Pakete und wundert sich, dass die App überhaupt nicht mehr meldet, wenn was in der Packstation eingeht. Vorher klappte das alles super. Seit ein paar Wochen nur noch UMSTÄNDLICH.",Google Play Store,2026-09-25T09:15:33.291431+00:00
DHL Paket,de.dhl.paket,833460c1-a2f3-4fa8-a385-7979180d6f9d,2026-09-16T10:45:03,1,"Man steht vor der Packstation und kann das Paket nicht abholen🤬🤬🤬🤬 und ewig dauert die Warteschleife, und dann wird der Ort in der App falsch eingetragen. Habe die Schnauze voll🤬🤬🤬😡😡😡😡😡😡",Google Play Store,2026-09-25T09:15:33.291431+00:00
DHL Paket,de.dhl.paket,e6920954-1014-4c50-8d90-20daafcc4202,2026-09-16T10:00:25,1,"Pakete werden fast immer mit Verspätung zugestellt, selbst wenn sie pünktlich im Verteilzentrum angekommen sind, werden selbst Medikamente schlicht nicht in das Zustellfahrzeug geladen. Saftladen, eigentlich nicht Mal nen halben Stern wert!",Google Play Store,2026-09-25T09:15:33.291431+00:00
DHL Paket,de.dhl.paket,59fefa4d-7df5-4d36-8d5e-f814298626b0,2026-09-16T08:36:19,1,"behält Sendung nicht im System, obwohl diese an mich adressiert ist und morgen ankommt.",Google Play Store,2026-09-25T09:15:33.291431+00:00
DHL Paket,de.dhl.paket,69b2988c-a7b3-485d-9884-63ee03143a2b,2026-09-16T08:26:15,5,Die Damen und Herrn sind immer sehr freundlich und zuvorkommend Danke,Google Play Store,2026-09-25T09:15:33.291431+00:00
DHL Paket,de.dhl.paket,fd4f4913-e956-4942-9063-4550a858ffd0,2026-09-16T08:04:51,1,"Seit dem letzten Update und dem angeblich, verbesserten Anmeldeverfahren, ist die App leider schlechter geworden. Man muss sich jetzt ständig neu anmelden! Das nervt! Vor dem letzten Update war die App stabil und funktionierte einwandfrei! Ein Update soll eigentlich Verbesserungen erreichen.",Google Play Store,2026-09-25T09:15:33.291431+00:00
DHL Paket,de.dhl.paket,8113f1dc-5dab-41a7-b8ba-9bd3b46d353d,2026-09-16T07:57:44,1,"Das Login sollte überarbeitet werden, seit dem Update sind keine 30 Tage vergangen (Haken war gesetzt) und es war ein Verifizierungscode notwendig. Biometrische Anmeldung wäre zeitgemäß.",Google Play Store,2026-09-25T09:15:33.291431+00:00
DHL Paket,de.dhl.paket,480a39eb-ead6-4006-b560-f5e6cc91ca9c,2026-09-16T07:20:01,2,"Ich frage mich, warum normale Pakete zeitig ankommen und Kleinpakete ewig brauchen.?",Google Play Store,2026-09-25T09:15:33.291431+00:00
DHL Paket,de.dhl.paket,37532f77-1305-49d1-a114-7adb42f3f6e9,2026-09-16T06:57:11,5,unkompliziert und einfach,Google Play Store,2026-09-25T09:15:33.291431+00:00
DHL Paket,de.dhl.paket,3495fd74-58b8-4df0-acd8-15497c7f3dab,2026-09-16T06:16:19,2,"Einfach plötzlich nicht mehr angemeldet - umständlich Passwort ändern müssen usw. Ohne Sinn. Anmeldung bleibt nicht mehr, Daten werden auch nicht mehr gespeichert.",Google Play Store,2026-09-25T09:15:33.291431+00:00
DHL Paket,de.dhl.paket,9e76b13c-54e8-46d9-8ccb-b7e4a2f428fd,2026-09-16T04:51:52,1,Seit Update loggt sich die App automoatisch aus - auch kein Login mit Fingerabdruck,Google Play Store,2026-09-25T09:15:33.291431+00:00
DHL Paket,de.dhl.paket,f69b1761-ae92-4843-9deb-c349b8e95109,2026-09-16T04:34:19,2,"aktuell: geändertes Anmeldeverfahren. schlecht gelöst, nicht zeitgemäß, umständlich",Google Play Store,2026-09-25T09:15:33.291431+00:00
DHL Paket,de.dhl.paket,16e60333-4864-495a-8c3a-0da22f140e0a,2026-09-16T04:26:19,1,"Trotz Neuanmeldung erhalte ich wiedermal die Meldung, daß ich meine Sendung von der Packstation holen soll, allerdings mit der Sendungskarte, die ich nie erhalten habe. Auch mein Postbote konnte mir nie sagen, wo der Fehler liegt. Jetzt renne ich der Sendung hinterher und wenn ich Pech habe geht sie zum Absender zurück. Ich gehe noch arbeiten und komme spät nach Hause.",Google Play Store,2026-09-25T09:15:33.291431+00:00
DHL Paket,de.dhl.paket,3e3383e3-d154-4305-abdb-95ffd8e15e0a,2026-09-16T01:01:51,4,"Bei Problemen ist es fast unmöglich, es über die App direkt zu klären. Die Lieferzeiten haben sich auch verschlechtert, obwohl sie es angekündigt haben. Natürlich kann sowas vorkommen, aber die letzte Zeit zu oft. Dabei war ich immer ein Fan von DHL aber die anderen Lieferdienste haben aufgeholt.",Google Play Store,2026-09-25T09:15:33.291431+00:00
DHL Paket,de.dhl.paket,ceedc99c-6b6d-4808-987f-e7e2b92f2d25,2026-09-15T19:00:49,1,App funktioniert seit kurzem nicht mehr.,Google Play Store,2026-09-25T09:15:33.291431+00:00
DHL Paket,de.dhl.paket,538a1700-8328-46f7-a054-a6d19d3190a8,2026-09-15T18:52:29,1,"Eine App wie diese muss immer funktionieren. Es kann nicht sein, dass die App sich abmeldet und dann steht man da, weil man seine Zugangsdaten natürlich immer dabei hat...nicht. Neues Passwort angefordert, es kommt seit Stunden nichts an...",Google Play Store,2026-09-25T09:15:33.291431+00:00
DHL Paket,de.dhl.paket,8fb80ab2-5482-45dd-a6c8-f09bc8238715,2026-09-15T18:48:05,1,Schrott Mann wird immer Mal wieder abgemeldet,Google Play Store,2026-09-25T09:15:33.291431+00:00
DHL Paket,de.dhl.paket,c38ff8a7-963d-450a-82b4-45051c28f35c,2026-09-15T18:41:38,1,Kurz vor meiner Straße dreht man um und fährt in einen anderen Stadtteil. Keine Lieferung. Obwohl angekündigt für heute. Freier Tag für nichts. Umsonst Stunden gewartet.,Google Play Store,2026-09-25T09:15:33.291431+00:00
DHL Paket,de.dhl.paket,084535d3-28f3-415d-987b-bffbe56b32ae,2026-09-15T18:29:03,2,Man findet nichts! Fächer öffnen sich nicht. Es liegen fremde Sendungen im Fach? Wer braucht das?,Google Play Store,2026-09-25T09:15:33.291431+00:00
DHL Paket,de.dhl.paket,dcfc272f-f45f-4861-9fcd-e13fb6b811e1,2026-09-15T18:19:09,1,Habe diese App heruntergeladen weil laut Website ich nur darüber keinen Drucker für kleinere Warensendungen brauche die ich im Briefkasten einwerfen könnte. Trotz alle dem muss ich jetzt die Briefmarke ausdrucken. Macht die App für mich total irrelevant und unnötig da ich trotzdem Papier verschwende und eine Druckmöglichkeit für mich suchen muss.,Google Play Store,2026-09-25T09:15:33.291431+00:00
DHL Paket,de.dhl.paket,a7bc0067-3ca5-483e-984e-f682eb7bde88,2026-09-15T18:14:30,2,"Nutze seit Jahren Packstationen für Pakete und mit früheren Versionen der App ging das fast immer problemlos. Jetzt (mit aktuellster DHL App, Android v16) wird bei jeder 2. Sendung kein QR Code angezeigt und nur in Ausnahmefällen die Sendungsverfolgung. Neu anmelden oder Telefon neu registrieren hilft nix. Einzige ""Lösung"": Die App deinstallieren und neu installieren. Wie kann man eine früher gut funktionierende App denn so verhunzen?!",Google Play Store,2026-09-25T09:15:33.291431+00:00
DHL Paket,de.dhl.paket,37dc2ba6-5592-4a67-9500-fabecb10bfe3,2026-09-15T18:04:26,1,mein Mann und die Schwiegereltern waren beide zu Hause,Google Play Store,2026-09-25T09:15:33.291431+00:00
DHL Paket,de.dhl.paket,b4a7df84-8fa0-4510-b0ed-f3af7b2ab466,2026-09-15T17:48:03,5,Alles bestens. App macht das was sie soll.,Google Play Store,2026-09-25T09:15:33.291431+00:00
DHL Paket,de.dhl.paket,c26a74e3-ddca-4ee6-ac5a-7a18f0a0713a,2026-09-15T16:28:49,1,"Dieses ständige automatische abmelden der App ist unmöglich. was soll das? Ich will mich nicht ständig anmelden müssen. Das funktioniert bei anderen Apps schließlich auch ohne ständig ausgeloggt zu werden. Und davon abgesehen, warum geht das Login nicht einfach über den Fingerabdruck?",Google Play Store,2026-09-25T09:15:33.291431+00:00
DHL Paket,de.dhl.paket,54e49f5f-f9df-4fe9-95fc-3fba1595f8e9,2026-09-15T16:24:44,1,Neuanmeldung ist nervig,Google Play Store,2026-09-25T09:15:33.291431+00:00
DHL Paket,de.dhl.paket,3b61e3cb-3793-431f-bf04-2ca88dd29c54,2026-09-15T16:16:38,1,"aktuell wird man ständig wieder automatisch aus der App abgemeldet, daher sind keine Benachrichtugungen möglich",Google Play Store,2026-09-25T09:15:33.291431+00:00
DHL Paket,de.dhl.paket,c1986557-ac24-4a4c-a6c5-20b8151bd701,2026-09-15T16:14:08,1,Eigentlich gar kein Stern....aber das geht ja nicht! Sitze gerade vor der Pachstation und komm nicht an mein Päckchen weil ich mich dazu bei DHL frisch einloggen müsste aber mein Passwort nicht griffbereit habe. Zurücksetzen geht auch nicht weil meine E-Mail Adresse (über die ich über das Eintreffen des Päckchens informiert wurde!) nicht akzeptiert wird! Ich werd hier gleich wahnsinnig!!!😡,Google Play Store,2026-09-25T09:15:33.291431+00:00
DHL Paket,de.dhl.paket,bce8e4d4-8e06-45c0-ad34-d7bec491eed1,2026-09-15T15:47:30,1,Kann man nicht einfach den abholcode für die packstationen per email verschicken. wozu muss das mit einer App sein die man erst wieder registrieren und per ident freischalten muss...,Google Play Store,2026-09-25T09:15:33.291431+00:00
DHL Paket,de.dhl.paket,e38610e4-cf04-4997-8b29-513d2d2e01a7,2026-09-15T14:42:58,4,"durch die Registrierung tauchen die Pakete von alleine in der Sendungsverfolgung auf und ich muss die Sendungsnummer nicht mehr extra eingeben wie ist es z.B bei Hermes oder anderen Paketdiensten der Fall ist. auch dass man mittlerweile die Annahme direkt digital verweigern kann ist sehr gut. was mir hier, so wie bei allen anderen Paketdiensten fehlt, ist die Möglichkeit den gebuchten Wunschablageort im Nachhinein noch zu ändern oder zu löschen! Wenn sich der Liefertag im nachhinein verändert",Google Play Store,2026-09-25T09:15:33.291431+00:00
DHL Paket,de.dhl.paket,48d6dc7d-cc58-4051-b577-840f6270b363,2026-09-15T14:24:15,1,Die Einstellungen für die Push-Mitteilungen werden nicht gespeichert. Die App braucht Ewigkeiten zum Laden.,Google Play Store,2026-09-25T09:15:33.291431+00:00
DHL Paket,de.dhl.paket,801572d9-40d0-44ef-ba47-c7d671238d9d,2026-09-15T13:08:24,1,"Unfassbare Fehlprogrammierung im Update: login nur noch mit Zweitgerät möglich. Der login verlangt einen zweiten Faktor per Mail, bricht aber ab, wenn man die App wechselt, um Mails zu lesen. Erneuter login erfordert neuen Code, aber wenn man den liest, bricht der login ab,...",Google Play Store,2026-09-25T09:15:33.291431+00:00
DHL Paket,de.dhl.paket,da120115-1258-4132-b434-a12360e43101,2026-09-15T12:46:41,1,Abholung funktioniert nicht,Google Play Store,2026-09-25T09:15:33.291431+00:00
DHL Paket,de.dhl.paket,3705b154-f997-4470-807b-e161bd02abda,2026-09-15T12:37:34,1,"Da läuft diese App für lange Zeit zuverlässig gut und geräuschlos, dann ein Update, das u.a. den Login ""noch besser"" machen soll und anschließend kommen Mails (als 2. Anmeldefaktor) verlässlich nicht mehr an, übrigens nicht als Einzelfall sondern wohl bei vielen Nutzern. Support-Ansatz sinngem.: ""Schauen Sie mal im SPAM und ansonsten können wir die 2FA auch ausschalten, WENN Sie noch folgende Details wie Postnummer und die Antwort auf die Sicherheitsfrage von vor xx Jahren haben..."" 🫤",Google Play Store,2026-09-25T09:15:33.291431+00:00
DHL Paket,de.dhl.paket,2d8d1608-fb70-4c76-9dcf-f040829cd3c3,2026-09-15T12:26:10,1,"erneut stand ich gerade vor der Packstation und konnte meine Sendung nicht abholen, weil diese elende drecks app mich andauernd abmeldet. was soll das?!? 15.9.26 Erneut steh ich vor der Packstation und muss feststellen, dass die ***App schon wieder eine Neuanmeldung erfordert?!?!! Es ist zum KOTZEN! 1 Stern ist noch zu viel",Google Play Store,2026-09-25T09:15:33.291431+00:00
DHL Paket,de.dhl.paket,781b0105-5154-4105-9ca3-9978b6953fe7,2026-09-15T11:34:59,1,"Update 2026: Seit mehr als 2 Jahre klappt eine dauerhafte Umleitung an eine Packstation immer noch über die App nicht. Obwohl ich in der App mit meinen DHL Login mich einlogge, leitet die App mich beim Versuch Packstation an die Internetseite weiter. Aber hier mach wiedeholtem Login klappt die Umleitung an eine Packstation leider nicht. Somit fällt diese sehr hilfre Option der Packetlieferung immer noch aus. Ich habe mich natürlich an der Support geschrieben, hier leider auch keine Hilfe bekomme",Google Play Store,2026-09-25T09:15:33.291431+00:00
DHL Paket,de.dhl.paket,34685009-3f6e-4a2f-94c7-915cb374ff72,2026-09-15T11:08:08,1,"Die 2-Faktor Authentifizierung über E-MAIL funktioniert überhaupt nicht. Der Sendevorgang beim Versenden des Bestätigungscodes dauert 10 Minuten und die Gültigkeitsdauer 5 Minuten. mein Paket liegt in der Packstation aber ich kann es nicht abholen, weil ich die APP nicht öffnen kan. Total bescheuert!",Google Play Store,2026-09-25T09:15:33.291431+00:00
DHL Paket,de.dhl.paket,63dbd833-9eab-4a91-bcfb-a9a9915b2628,2026-09-15T10:58:20,3,in den meisten Fällen.wird es wieder mit genommen,Google Play Store,2026-09-25T09:15:33.291431+00:00
DHL Paket,de.dhl.paket,2ed4caca-ba76-4fed-9104-bb4c4285a496,2026-09-15T10:15:24,1,"App funktioniert sehr schlecht. Funktionen nicht immer gegeben, verschiedene Tastaturen werden in verschiedenen Menüs aufgerufen, Anmeldung oft nicht möglich(App reagiert nicht auf Klick des Buttons), etc.",Google Play Store,2026-09-25T09:15:33.291431+00:00
DHL Paket,de.dhl.paket,1521781a-dcd3-43d3-91e7-fd086f2b1dbe,2026-09-15T08:33:03,2,"ich finde diese App super. total übersichtlich und kommende Pakete können rechtzeitig umgeleitet werden. super Service. seit ein paar Wochen werden jedoch in der Verfolgen-Funktion keine Pakete mehr angezeigt, obwohl ich nichts geändert habe und obwohl ich Pakete erhalten habe. auch gesendete Pakete werden nicht mehr angezeigt. ohne diese Funktion ist die App kaum noch hilfreich.",Google Play Store,2026-09-25T09:15:33.291431+00:00
DHL Paket,de.dhl.paket,61d71b25-57e1-418c-bb1d-6c7f6ac7e06d,2026-09-15T08:25:30,1,"Vor dem ständigen Anmelden perfekt. Jetzt muss man jedesmal, wenn man aus der App geht sich wieder neu anmelden. Das ist nervig. Und voll kompliziert.",Google Play Store,2026-09-25T09:15:33.291431+00:00
DHL Paket,de.dhl.paket,778bb193-95b6-4d61-b6df-7237c2e5e81f,2026-09-15T08:08:06,5,top,Google Play Store,2026-09-25T09:15:33.291431+00:00
DHL Paket,de.dhl.paket,bdd66ae5-7055-4985-ab2c-d30fd4d874fd,2026-09-15T07:54:45,2,"Die DHL App funktioniert auf einem Huawei Tablet (keine Google Play Dienste) seit einigen Monaten leider nicht mehr, die 'Verfolgen-Funktion' findet keine Sendungen. Früher funktionierte das jahrelang einwandfrei. Eine Verschlimmbesserung durch irgend ein unglückliches Update? Nachtrag (15.09.26) Anfrage an dhl.de/app-hilfe wurde wunschgemäß gestellt, Screenshots und Fehlerbeschreibungen wurden bereitgestellt",Google Play Store,2026-09-25T09:15:33.291431+00:00
DHL Paket,de.dhl.paket,434f46fb-4627-498f-939b-933071ea3917,2026-09-15T07:43:25,5,Immer alles im Blick,Google Play Store,2026-09-25T09:15:33.291431+00:00
DHL Paket,de.dhl.paket,d200b472-8c40-46ed-b553-610891a50f7e,2026-09-15T07:11:22,5,Ohne Probleme,Google Play Store,2026-09-25T09:15:33.291431+00:00
DHL Paket,de.dhl.paket,c78b3aee-0fbc-4966-b990-d0dacbbe15e1,2026-09-15T07:01:30,1,"Katastrophe. Früher hat man immer zuverlässig Benachrichtigungen über Pakete oder Briefe bekommen. Mittlerweile kommt so gut wie gar nichts mehr. An mir liegt es nicht, ich habe mehrfach die Einstellungen geprüft, sowohl in der App als auch auf dem Gerät. Neuinstallation hat ebenfalls nicht geholfen.",Google Play Store,2026-09-25T09:15:33.291431+00:00
DHL Paket,de.dhl.paket,d973a305-b05c-4ffa-a389-c20df6366b6e,2026-09-15T06:01:40,3,"Der übliche Zusteller ist wohl im Urlaub und prompt gibt es Probleme mit der Zustellung; warum schafft es einer, Pakete zuzustellen, und andere nicht?",Google Play Store,2026-09-25T09:15:33.291431+00:00
DHL Paket,de.dhl.paket,e5ee954d-3e92-482e-a20d-8b1761588903,2026-09-15T05:59:29,5,Funktioniert alles super.,Google Play Store,2026-09-25T09:15:33.291431+00:00
DHL Paket,de.dhl.paket,d5007a3f-b509-4818-adf4-d9336b138dae,2026-09-15T05:24:37,1,"Eine richtige Sperrmüll-App. Ich muss mich jedes Mal komplett neu anmelden. Benutzername und Passwort werden nicht gespeichert und müssen ständig neu eingegeben werden. Für so einen Müll habe ich weder Zeit noch Lust. Ich würde dringend empfehlen, mal ein vernünftiges Update herauszubringen und das Anmeldeproblem zu beheben. Für mich ist die App so nicht zu gebrauchen und wurde direkt wieder gelöscht. Ich werde mich ganz sicher nicht jedes Mal neu anmelden.",Google Play Store,2026-09-25T09:15:33.291431+00:00
DHL Paket,de.dhl.paket,5ac3174b-32d5-402f-b48c-90accc93eeb6,2026-09-15T04:06:24,1,Ich will mich nicht mit Ausweis und Gesichtserkennung verifizieren. Nur mit einer Pin. Es wird hier jedoch erzwungen!!! Geht gar nicht!!!,Google Play Store,2026-09-25T09:15:33.291431+00:00
DHL Paket,de.dhl.paket,46d013d6-ea80-4134-b422-b53b2b18162a,2026-09-14T20:33:29,1,"Nach dem Öffnen der app sehe ich nur ein gelben Bildschirm, sonst nix? Keine Ahnung was ich an einem gelben Bildschirm ohne jegliche Funktion bewerten soll, 0 Sterne.",Google Play Store,2026-09-25T09:15:33.291431+00:00
DHL Paket,de.dhl.paket,8d90e893-a0bc-4eed-ab00-15e3bf456f2b,2026-09-14T20:21:08,4,"die App läuft stabil und ich habe keine Probleme meine Pakete aus der Packstation zu bekommen. Die Handhabung ist größtenteils intuitiv aber einen Kritikpunkt habe ich dann doch: ich bekomme nur die Benachrichtigung als Mail dass mein Paket zur Abholung bereit ist aber über die App kommt nichts. da würde ich mir wünschen, dass ich dort benachrichtigt werden würde.",Google Play Store,2026-09-25T09:15:33.291431+00:00
DHL Paket,de.dhl.paket,6466519d-4efb-4d9a-a970-a7007d67cdc7,2026-09-14T19:20:06,1,na der Installation ist ein anmelden nicht möglich.. die Seite wird nur gelb angezeigt.....,Google Play Store,2026-09-25T09:15:33.291431+00:00
DHL Paket,de.dhl.paket,654e42f8-190a-4761-a118-f32f364c5bcc,2026-09-14T18:58:28,5,"Finde ich sehr gut, man ist immer bestens informiert 👍",Google Play Store,2026-09-25T09:15:33.291431+00:00
DHL Paket,de.dhl.paket,58a375f3-ea4b-480b-9cd9-cbe9cf33ca86,2026-09-14T18:36:11,1,Bezahlung per PayPal? App hängt sich auf. Bezahlung per Kreditkarte? App hängt sich auf. Top! Weiter so!,Google Play Store,2026-09-25T09:15:33.291431+00:00
DHL Paket,de.dhl.paket,91c88d7a-ed54-4e41-8b16-fcb104835ec4,2026-09-14T18:32:50,1,jetzt kann man sich nicht mal mehr einloggen fuer brief vorhersage. Sinnloser dienst da er nie richtig funktioniert hat. bleibt bei nur paket ist besser,Google Play Store,2026-09-25T09:15:33.291431+00:00
DHL Paket,de.dhl.paket,1866937c-8513-4ca9-bc4c-92a8c48d0f71,2026-09-14T18:28:44,5,Entschuldig für den Umstand.,Google Play Store,2026-09-25T09:15:33.291431+00:00
DHL Paket,de.dhl.paket,a2a3c0bb-2dc5-46be-adcb-360d651e25f4,2026-09-14T18:09:56,3,"Die App ist eigentlich nicht schlecht aber diese automatische Abmeldung geht mir echt auf den Sack, blos weil das Internet mal ein bisschen langsamer geht als sonst. Oder ich war vor ein paar Minuten drin und möchte wieder rein und die App bringt mir ""wegen längerer Inaktivität wurden sie automatisch abgemeldet"" wie bitte 🤔 Also es wäre ganz schön, wenn man sich selber entscheiden könnte, ob die App sich anmeldet oder nicht!",Google Play Store,2026-09-25T09:15:33.291431+00:00
DHL Paket,de.dhl.paket,e86f264e-b3dd-4eef-b727-10d32fdc6200,2026-09-14T17:54:13,1,Die App funktioniert über haupt nicht hab alles gemacht Brief Ankündigung und die packstation habe den qr gescannt und seid einer Woche zeit vergangen es funktioniert immer noch nicht und es zeigt immer noch an das sie meine Adresse überprüfen und das ich einen code bekomme den ich schon lange habe,Google Play Store,2026-09-25T09:15:33.291431+00:00
DHL Paket,de.dhl.paket,d0a27bd5-c259-4bbc-b0ee-4a497cde303e,2026-09-14T17:43:17,2,Leider stürzt sie oft ab oder man muss sich neu anmelden,Google Play Store,2026-09-25T09:15:33.291431+00:00
DHL Paket,de.dhl.paket,36b09c85-2d2f-4e50-a101-3b712538642e,2026-09-14T17:31:16,1,Funktioniert auf einmal. nicht mehr. Paket liegt in der Packstation und komme nicht ran.,Google Play Store,2026-09-25T09:15:33.291431+00:00
DHL Paket,de.dhl.paket,a3700a18-71ec-4404-bd89-23fafe7df80d,2026-09-14T17:21:59,1,"das letzte, schaffen es nicht eine Sendung zu zu stellen, warum ist das so?",Google Play Store,2026-09-25T09:15:33.291431+00:00
DHL Paket,de.dhl.paket,c2455c19-6daf-403b-acfa-b0c666c919d7,2026-09-14T17:01:11,1,Ich kann seit Monaten meine App nicht mehr öffnen. Passwort vergessen. Wenn ich darauf klicke bekomme ich keine Antwort von DHL,Google Play Store,2026-09-25T09:15:33.291431+00:00
DHL Paket,de.dhl.paket,3a6bbf83-f217-44a0-8973-a65c515521cc,2026-09-14T15:53:17,5,"Tolle App, ich nutze sie gerne",Google Play Store,2026-09-25T09:15:33.291431+00:00
DHL Paket,de.dhl.paket,ac88084d-2eb7-49cf-aa99-a57eac4037f4,2026-09-14T15:49:01,5,"Ich hatte diese App auf meinem alten Handy und sie hat immer problemlos funktioniert. Jetzt habe ich ein neues Gerät und nach der Einführung habe ich nur noch einen gelben Bildschirm. Keine Option um Anmeldedaten einzugeben oder Ähnliches. Ich hoffe, das wird bald behoben. WLAN aus wie vom Support geschrieben und schon geht es. Möglicherweise ein Problem mit pi.hole (Spamfilter) im Netzwerk.",Google Play Store,2026-09-25T09:15:33.291431+00:00
DHL Paket,de.dhl.paket,9523bd2d-8412-4d8c-ab97-f4b38d3f4eb7,2026-09-14T15:27:35,4,App-tastisch mit Bereichen zum Ausbauen,Google Play Store,2026-09-25T09:15:33.291431+00:00
DHL Paket,de.dhl.paket,4d3641b9-6e47-4f91-9810-07c5f81b5014,2026-09-14T15:20:01,1,Die App führt den gelegentlichen Benutzer äusserst kundenunfreundlich und kompliziert. Da der Versender das Paket ohne mein Wissen direkt an eine Packstation geliefert hat. habe ich keine Benachrichtigungskarte und auch keine Mail mit Code von Dhl bekommen. Das Paket muss also zurück gehen.,Google Play Store,2026-09-25T09:15:33.291431+00:00
DHL Paket,de.dhl.paket,b375203d-1427-437a-98ec-576d65d6fef1,2026-09-14T14:59:46,1,"Alle paar Wochen muss ich mich in der App neu anmelden, der Anmeldecode kommt aber nie per Mail bei mir an. Also neuen Account anlegen. Pakete, die bereits in der Packstation liegen, kann ich dann trotzdem nicht abholen. Zum Kotzen...",Google Play Store,2026-09-25T09:15:33.291431+00:00
DHL Paket,de.dhl.paket,ba3b06a8-e544-47be-911c-7ef2f5be5bb9,2026-09-14T14:42:02,1,Ich war noch nie so unzufrieden mit einer App ich stehe hier seit 10-15 Minuten und versuche mich zu registrieren und es klappt nicht!!!!!!! obwohl alle Daten richtig waren,Google Play Store,2026-09-25T09:15:33.291431+00:00
DHL Paket,de.dhl.paket,62cfc0da-7a30-459e-8c4c-4e3ad7b7d8b6,2026-09-14T14:35:21,1,"Es wird nichts besser! (kleine Ausnahmen, sind leider die SEHR GERING Tatsachen. Da ist der Briefbote👍🌟!) Trotz Briefankündigung, werden Briefe NICHT eingeworfen. Ob Hotline oder Chat, da wird einem nicht wirklich geholfen!!! Es sind wichtige Briefe, wo bleiben die??? Werden die entsorgt? Arm, das soviel schief geht, aber nicht wirklich was geändert wird! Ganz, ganz armselig! Leider, kommt das öfter vor, das wichtige Briefe verschwinden! Danke dafür 😡 -0 Sterne...",Google Play Store,2026-09-25T09:15:33.291431+00:00
DHL Paket,de.dhl.paket,b247f04b-7e61-4e65-b2f7-083fc4ba0a93,2026-09-14T14:21:24,1,erst alles gut... und von jetzt auf gleich funktioniert nichts mehr... wird immer schlimmer mit allem...,Google Play Store,2026-09-25T09:15:33.291431+00:00
DHL Paket,de.dhl.paket,a5f49fdc-cbab-40f0-9433-2797dc73c52e,2026-09-14T13:51:04,2,Was ist los bei euch?,Google Play Store,2026-09-25T09:15:33.291431+00:00
DHL Paket,de.dhl.paket,892e1bca-17c1-4259-b353-c5604ad1d573,2026-09-14T13:08:00,1,"Nichts geht, kein Code empfang, jetzt mein Paket haben möchte, JETZT.",Google Play Store,2026-09-25T09:15:33.291431+00:00
DHL Paket,de.dhl.paket,408e38fb-af06-4b1e-ac26-f7eb673cc131,2026-09-14T12:32:24,2,"Ich bekomme Sendungen die ich ob an der Paketstation nicht mal nahe dran bei mir abholen kann. Ich bin auch zu Hause es wird nicht geklingelt und ich kann zusehen.Icv schaffe es gesundheitlich nicht. Immer das gleiche Thema. Ich bestelle weil ich nicht anders kann!!! Kann doch nicht sein das es zurück geht. Postbote sagte eben ,er wäre nicht da gewesen.Deswegen ist das Problem trotzdem da. Was sind das für Argumente 🤔🫡😥??? Eine nette Empängerin Das stimmt das die App nichts dafür kann.",Google Play Store,2026-09-25T09:15:33.291431+00:00
DHL Paket,de.dhl.paket,2f36f8f3-2cd5-45c3-ba4b-fb0044c25b9f,2026-09-14T12:18:50,1,"09.09.2026: Benachrichtigungen weiterhin unzuverlässig. Danke, diese Antwort ist wenig hilfreich ... ich bezog mich auf das aktuelle Datum ;-) und die App Hilfe hilft hier auch nicht weiter!",Google Play Store,2026-09-25T09:15:33.291431+00:00
DHL Paket,de.dhl.paket,3ad9fa68-461c-47f8-b417-54800ee7b8fc,2026-09-14T12:02:35,5,bester Paketdienst,Google Play Store,2026-09-25T09:15:33.291431+00:00
DHL Paket,de.dhl.paket,305670e7-926c-49d4-a53d-ae99d263a0fe,2026-09-14T11:54:44,1,"Nur Probleme mit dem abholen, code wir nicht bereit gestellt, alles sehr,sehr umständlich. Schade werde das kündigen.!!",Google Play Store,2026-09-25T09:15:33.291431+00:00
DHL Paket,de.dhl.paket,4e406949-b85d-417b-99fe-8b1fd2b1e3a6,2026-09-14T11:06:49,1,Schlechte App Schlechte Fahrer paket immer zu spät oder in Paket Shop selbst abgeholt warum wir zahlen für Lieferungen,Google Play Store,2026-09-25T09:15:33.291431+00:00
DHL Paket,de.dhl.paket,c334e75a-b01f-45b9-8044-460e65f493af,2026-09-14T09:02:54,3,Dieses immer wieder anmelden nervt.,Google Play Store,2026-09-25T09:15:33.291431+00:00
DHL Paket,de.dhl.paket,9f131b17-2332-45ce-880c-66e134e33931,2026-09-14T09:02:13,1,Nach letzten Aktualisierung verschwindet Packet Nummer und archivieren geht auch nicht.,Google Play Store,2026-09-25T09:15:33.291431+00:00
DHL Paket,de.dhl.paket,2374f8f8-6cfe-42f6-aeb9-7f6ff99454b3,2026-09-14T08:15:37,1,meine Erfahrungen mit dhl vor allem Express sind so : ich bestelle Mittwoch Vormittag es soll Freitag kommen dann wird es erst ausversehen nach köln geschickt dann nach Hannover um 6 uhr an einem Samstag an statt es dann zu zustellen nein Montag 9:36 wenn ich arbeite so was ein wunder das ich arbeiten bin dull ehrlich Drecksunternehmen wünschte könnte 0 Sterne geben,Google Play Store,2026-09-25T09:15:33.291431+00:00
DHL Paket,de.dhl.paket,aae6d7fc-170a-4c16-bc63-d58a1e27cee3,2026-09-14T08:13:42,2,"Bisher hat die App gut funktioniert. Zwar waren manche Sendungen schon da und in der App stand ""wurde angekündigt"", aber sonst sehr einfach zu bedienen. Seit einiger Zeit, meint die App ich wurde abgemeldet. Das ist toll wenn man gerade an einer Packstation steht und die Daten daheim liegen. Bitte beheben, es ist tierisch nervig!",Google Play Store,2026-09-25T09:15:33.291431+00:00
DHL Paket,de.dhl.paket,0325d98a-0d6b-45a2-88f9-437ae0435caa,2026-09-14T07:13:21,3,"Okay - Eine dieser: ""muss jetzt sein"" Bewertungen. Also... Richtig nutzerfreundlich war die App ja nie. Man hat sich reingefuchst - und wenn man's mal hatte, dann hat man sich damit arrangiert. Warum eine Sendung aber nicht in der App sichtbar ist? keine Ahnung... Warum der Postbote, wenn niemand öffnet, eine andere Paketstation anfährt? keine Ahnung... Aber... Die Bedienung der App... Da visualisiere ich eine Vorstandssitzung: die Entwickler: ""wie dumm sollen wir die App mache?"" Alle: ""JA!""",Google Play Store,2026-09-25T09:15:33.291431+00:00
DHL Paket,de.dhl.paket,5dfd76c9-967e-497f-8c6c-b83abfde4413,2026-09-14T07:01:48,5,Bisher sehr einfach und unkompliziert bitte bleibt so. 👍,Google Play Store,2026-09-25T09:15:33.291431+00:00
DHL Paket,de.dhl.paket,c023ff2c-e2b0-4106-b8db-eac279c7b094,2026-09-14T06:54:56,2,"App hängt sich permanent auf, bricht Käufe ab oder lädt nicht mehr. Geringe Auswahl an Kaufmöglichkeiten für Briefmarken. Maxibrief fehlt zum Beispiel zum Kaufen in der App",Google Play Store,2026-09-25T09:15:33.291431+00:00
DHL Paket,de.dhl.paket,5f80c207-31ac-45e1-a2f3-f3151553a942,2026-09-14T06:32:39,1,unglaublich schlecht. Anmelden ist nicht möglich. Mehr Anwenderunfreundlich geht nicht.,Google Play Store,2026-09-25T09:15:33.291431+00:00
DHL Paket,de.dhl.paket,161cd75f-db03-443f-a966-6a502768a461,2026-09-14T05:52:30,1,"Bin sehr unzufrieden, fahre jetzt das zweite mal zur Packstation und wieder nicht s drin trotz Karte,schon 3Tage überfällig und das bei den Spritpreisen",Google Play Store,2026-09-25T09:15:33.291431+00:00
DHL Paket,de.dhl.paket,69f98ecf-96ab-48e1-8ccb-f02b94dee4da,2026-09-14T05:03:22,5,DHL ist immernoch mein bevorzugter Versanddienstleister und mit der App bin ich auch zufrieden.,Google Play Store,2026-09-25T09:15:33.291431+00:00
DHL Paket,de.dhl.paket,a0ffed96-0616-417f-9c8c-b71abaf1930c,2026-09-14T02:53:59,1,"14.09.26 Nach Update der App erneute Anmeldung erforderlich. Diese funktioniert aber nicht. Erst Cache gelöscht, dann App gelöscht u. neu installiert - kein Erfolg, immer die Meldung ""Sitzung abgelaufen"" Die Anmeldung auf der Webseite funktioniert, aber damit ist die Packstation, wo Pakete erwartet werden, wohl nicht zu öffnen. - Es lief alles gut, bis zu diesem großen Mist. - also nicht updaten bis der Fehler behoben ist - die es noch aussuchen können.",Google Play Store,2026-09-25T09:15:33.291431+00:00
DHL Paket,de.dhl.paket,b9477de6-8c42-43e0-96d9-c0dcbbe1db4b,2026-09-13T18:44:39,5,Sehr gut,Google Play Store,2026-09-25T09:15:33.291431+00:00
DHL Paket,de.dhl.paket,1e4972fe-ba27-4fe9-a679-247a9b56c75a,2026-09-13T14:37:37,4,Bin voll zufrieden mit der App. Ich persönlich würde mir nur wünschen das man noch die mit wohnenden in der Wohneinheit mit ein tragen könnte z.B. Von den Ehepartner oder Lebenspartner,Google Play Store,2026-09-25T09:15:33.291431+00:00
DHL Paket,de.dhl.paket,25e7d683-b1f0-4c75-bc01-dbb21a0d653c,2026-09-13T13:52:30,1,Die Verifizierung ist Aufwendig und am Ende nach langer Zeit wurde mir mitgeteilt das die Bildqualität ausreicht. Für so etwas habe ich keine Zeit.,Google Play Store,2026-09-25T09:15:33.291431+00:00
DHL Paket,de.dhl.paket,414e80d2-a721-44af-90ca-0fbde1d447ec,2026-09-13T11:38:52,1,Leider geht die Anmeldung nicht mehr. Ich erhalte einfach keine Mail mit Code. Somit aktuell unbrauchbar.,Google Play Store,2026-09-25T09:15:33.291431+00:00
DHL Paket,de.dhl.paket,a9aad99a-8c21-4b28-9564-caefda5c5ad9,2026-09-13T09:39:18,5,"gut so, genau richtig",Google Play Store,2026-09-25T09:15:33.291431+00:00
DHL Paket,de.dhl.paket,96a41e92-d3f7-4956-92c2-b0886380fcb6,2026-09-13T09:29:08,2,funktioniert oft nicht,Google Play Store,2026-09-25T09:15:33.291431+00:00
DHL Paket,de.dhl.paket,840ad825-61a1-4474-b86e-032f9915fb84,2026-09-13T07:45:00,1,Leider konnte mir bei meinem Problem nicht nicht geholfen werden da ich alles mehr Fach erklären mußte da mein Paket in der Paketstation ist mir kein abholcod oder eine e Mail mir wurde gesagt sie haben eine e Mail geschickt habe keine bekommen und haben werend dem Gespräch aufgelegt und waren sehr unfreundlich,Google Play Store,2026-09-25T09:15:33.291431+00:00
DHL Paket,de.dhl.paket,f687a739-c2e8-4381-b4e8-1d403d56143d,2026-09-13T07:24:15,4,Seit Anfang September keine Anzeige neuer Sendungen. Auch nicht nach Neuinstallation. Was ist da los? Alles wieder gut !!!,Google Play Store,2026-09-25T09:15:33.291431+00:00
DHL Paket,de.dhl.paket,22d1c89a-9401-4746-a9a2-3daa2a95d27a,2026-09-13T06:33:41,1,"Seit gestern 9 Uhr wird mir angezeigt, daß mein Paket für die Verladung in das Zustellfahrzeug vorbereitet wird. Da komme ich mir doch reichlich verladen vor. Zuverlässigkeit ist bei DHL, nicht nur bei dieser Lieferung, leider nicht vorhanden.",Google Play Store,2026-09-25T09:15:33.291431+00:00
DHL Paket,de.dhl.paket,e31f2ac4-e1bd-4064-bf16-4d7f511cf3b7,2026-09-13T06:17:12,1,Der Portoberater funktioniert schon lange nicht mehr (dreht ewig).,Google Play Store,2026-09-25T09:15:33.291431+00:00
DHL Paket,de.dhl.paket,6889da2a-4bcc-44fa-9881-7e914f1f719c,2026-09-12T21:44:45,2,"Keine Kontakte verfügbar. Es kann keiner schreiben oder anrufen, bei Problemen. Die KI kann man vergessen.",Google Play Store,2026-09-25T09:15:33.291431+00:00
DHL Paket,de.dhl.paket,207fccb9-dbde-46f3-a823-b99f4b3c7d21,2026-09-12T19:55:28,1,App muss sich bei jedem Start über den Browser einloggen,Google Play Store,2026-09-25T09:15:33.291431+00:00
DHL Paket,de.dhl.paket,f78f3d97-5480-4ee1-810e-504c335949cd,2026-09-12T19:10:00,5,Es hat bisher mit der Paket- Ablagerungen immer super geklappt.,Google Play Store,2026-09-25T09:15:33.291431+00:00
DHL Paket,de.dhl.paket,c8efa4d2-6998-44e6-b5c4-2040669318b9,2026-09-12T18:56:19,1,Push-Benachrichtigung funktioniert nicht mehr obwohl alles aktiviert ist bzw zugelassen ist!.....Es gibt über die App keine Informationen mehr das eine Sendung unterwegs ist bzw in einer Packstation liegt usw.....Nur über die E-Mail Benachrichtigung erfährt man etwas über eine Sendung. und dann muss man die Sendungsnummer händisch in der App eingeben um Informationen über den Sendungslauf zu bekommen...Das war früher besser!,Google Play Store,2026-09-25T09:15:33.291431+00:00
DHL Paket,de.dhl.paket,7f95642b-66f8-4b51-8172-0893b7d6917e,2026-09-12T18:48:54,1,Warum muss ich eine App installieren die ich nicht habe möchte um mein Paket zu holen. Weil ich zu einer Paket Station geschickt werde wo ich die App brauche anstatt zu einer Paket Station die nähere ist und bei Den ich Keine App brauche. Kann mir das jemand sagen.,Google Play Store,2026-09-25T09:15:33.291431+00:00
DHL Paket,de.dhl.paket,16e9cdfa-b3f0-4d5a-90a4-5cc864445c88,2026-09-12T18:30:08,1,ich stehe seit 30 min vor der Packstation und komme nicht weiter,Google Play Store,2026-09-25T09:15:33.291431+00:00
DHL Paket,de.dhl.paket,e80bf952-fd41-4c65-af42-8894a6fc3067,2026-09-12T18:27:34,1,hurenverein!!!,Google Play Store,2026-09-25T09:15:33.291431+00:00
DHL Paket,de.dhl.paket,bed7c9de-1625-4fd7-9912-44c1064564b5,2026-09-12T18:24:12,1,Bringt keinen Mehrwert. Wieder umsonst zur Paketstation gelaufen. Da wieder mal alle Anmeldedaten notwendig sind und nicht automatisch hinterlegt sind. Da kan n man auch zur Post laufen,Google Play Store,2026-09-25T09:15:33.291431+00:00
DHL Paket,de.dhl.paket,8672cf8c-e3ce-48da-8a02-aeec1f3fd6cc,2026-09-12T18:20:28,1,"Frechheit von DHL Schreiben Sendung erfolgreich angekommen und soll auch in meinem Briefkasten liegen,mach den Briefkasten auf, und nix liegt drinnen. Oder hat DHL nur Fahrer die kein Deutsch Lesen können? und der Deutschen Sprache auch nicht mächtig sind. Habe es schon Amazon gemeldet das von DHL Bei Mir nix ankommt.",Google Play Store,2026-09-25T09:15:33.291431+00:00
DHL Paket,de.dhl.paket,58e6a6e9-ec89-49a2-b708-cde9302c4cbe,2026-09-12T15:38:30,5,Sehr Gut,Google Play Store,2026-09-25T09:15:33.291431+00:00
DHL Paket,de.dhl.paket,9583b1ac-9b8f-47d2-a163-d67e13a79794,2026-09-12T15:15:10,1,"gar keinen Stern!ich rege mich gerade übelst darüber auf, das ich genötigt werde eine App runterzuladen um mein Paket abzuholen!!! Ich will selber entscheiden was ich auf mein Handy runterlade und was nicht!abgesehen davon,das viele Leute damit mal gar nicht zurecht kommen... entweder weil Ihnen der Zugang zu einem Smartphone fehlt (gerade den älteren Menschen) oder sie einfach technisch mal nicht ganz auf dem laufenden sind... Rotze,absolut unverschämte Rotze dieser ständige Appzwang von Firme",Google Play Store,2026-09-25T09:15:33.291431+00:00
DHL Paket,de.dhl.paket,22358fea-c887-4f40-96ec-04f5367b2e73,2026-09-12T15:10:58,2,Neue Sicherheit indem man sich alle 30 Tage neu anmelden muss und die Passwortvergabe nach so strengen Regeln festgelegt werden muss als es um Staatsgeheimnisse geht? Also da ist echt übertrieben und macht keinen Spaß!,Google Play Store,2026-09-25T09:15:33.291431+00:00
DHL Paket,de.dhl.paket,3b91b58d-a849-488a-ae97-294f8ae9ad8f,2026-09-12T14:33:15,1,"Die App ist eigentlich überflüssig. Es würde auch ausreichen, wenn der QR Code für die Abholung per Mail übermittelt wird. Kürzlich stand ich vor der Packstation, um ein Paket abzuholen, und musste mich dort nochmals ganz kompliziert einloggen. Nutzerfreundlich ist was anderes.",Google Play Store,2026-09-25T09:15:33.291431+00:00
DHL Paket,de.dhl.paket,8c3d4a31-21d4-42e0-818d-02becf3eda3a,2026-09-12T13:15:04,3,Die App funktioniert so weit ganz gut. Was aber gar nicht geht ist die Neuanmeldung nach jedem Update. Da stehst Du vor der Packstation und musst Dich neu anmelden wegen einem Update und ich glaube die Meisten dürften nicht ständig alle Passwörter mit sich rumschleppen. Eine simple eMail oder eine Meldung der App würden reichen um ein böses Erwachen an der Packstation zu vermeiden.,Google Play Store,2026-09-25T09:15:33.291431+00:00
DHL Paket,de.dhl.paket,f4d7b4c9-a448-42db-9174-3242b5fcf3dc,2026-09-12T12:49:32,1,Nutzerunfreundlich und Abholung vom pakezshop wird unnötig komplizierter gemacht,Google Play Store,2026-09-25T09:15:33.291431+00:00
DHL Paket,de.dhl.paket,8f929e5b-1e50-4b08-8714-5bb0cbb8731a,2026-09-12T12:33:22,1,"Die App ist neuerdings sinnlos geworden. Sie wirft mich aus der Registrierung raus und verlangt, dass ich mich wiederholt neu anmelden soll... so bekomme ich das Paket nicht aus der Packetstation. Vielen Dank für diesen fulminanten Service.",Google Play Store,2026-09-25T09:15:33.291431+00:00
DHL Paket,de.dhl.paket,49aa2c1c-02a7-4d20-bbdf-6370f290df67,2026-09-12T12:05:26,2,Ständig funktioniert die app nicht man steht vor dem Gerät und nix geht. Anmeldung nötig aber Passwort wird nicht erkannt,Google Play Store,2026-09-25T09:15:33.291431+00:00
DHL Paket,de.dhl.paket,930c5ba5-249f-4a41-86b2-8cb6516ed8c2,2026-09-12T11:47:12,1,"Erst wird ein Paket nicht zugestellt sondern direkt an eine Packstation geliefert und dann muss man seine Daten in eine komplizierte und unübersichtliche App eingeben um dann zugespamt zu werden!! Bald ist es einfacher und günstiger, seine Pakete direkt beim Versender abzuholen. Das dauernde Einsparen bei DHL/Post hat ein Maß erreicht, bei dem man sich fragen sollte, ob man den Laden nicht doch besser schließt!",Google Play Store,2026-09-25T09:15:33.291431+00:00
DHL Paket,de.dhl.paket,0800ddc9-6986-44fd-9eb5-8787bad519fd,2026-09-12T11:34:09,1,"Warum bekomme ich keine Infos, wenn ein Brief kommt ??? Wofür ist diese App nützlich??? Paketankündigen sind okay, aber Briefsendungen ..., ohne Worte.",Google Play Store,2026-09-25T09:15:33.291431+00:00
DHL Paket,de.dhl.paket,5ebe38fe-201e-4bd4-850a-811b9ef96138,2026-09-12T11:25:35,1,"Meine App benachrichtigt mich über die Abholung eines Paketes. Alle Daten werden angezeigt und ich gehe zur Packstation und will mein Paket abholen. Doch vor Ort bekommt die App plötzlich Demenz und hat mein Passwort vergessen. Ich stehe vor der Packstation ohne Brille und soll plötzlich mein Passwort eingeben. Die Programmierer der App haben natürlich in Ihrem Kopf immer Ihr DHL-Passwort gespeichert. Ich habe es natürlich zu Hause in einem Notizbuch notiert für den Fall, daß Handy def. ist...",Google Play Store,2026-09-25T09:15:33.291431+00:00
DHL Paket,de.dhl.paket,f9d22201-93e5-438c-b862-806cec9bdbe4,2026-09-12T11:17:40,1,"leeres, gelbes Fenster. Unbrauchbar.",Google Play Store,2026-09-25T09:15:33.291431+00:00
DHL Paket,de.dhl.paket,ccd3631f-213d-419e-98bf-fe00245e0f1c,2026-09-12T10:59:14,4,"An sich eine gelungene App, die ich regelmäßig für den Brief- und Paketversand sowie deren Verfolgung nutze. Einen Punkt vermisse ich aber weiterhin unter ""Frankieren"": Hier sollte neben dem Kauf von einfachem Briefporto auch das Frankieren von Warensendungen möglich sein. Bislang ist dies nur extern und außerhalb der App möglich (was etwas umständlich ist). Desweiteren wäre eine auswählbare Druckformatoption des Portos (z.B. für Dymo-Labeldrucker) sinnvoll - dies geht derzeit auch nur extern.",Google Play Store,2026-09-25T09:15:33.291431+00:00
DHL Paket,de.dhl.paket,86d28b7c-a24e-4690-84b3-f7c089e18cd9,2026-09-12T10:49:57,5,Alles eine Frage der Übung. Vorausgesetzt das Konto spielt mit im Orchester. Diese App hat alles was 1 Postamt im Bett so braucht. Das ist die digitale Zukunft. Nur Mitarbeiter braucht sie nicht mehr.,Google Play Store,2026-09-25T09:15:33.291431+00:00
DHL Paket,de.dhl.paket,2f1103f7-bc03-4d93-8629-6f953220bdfe,2026-09-12T10:46:18,4,Es funktioniert.,Google Play Store,2026-09-25T09:15:33.291431+00:00
DHL Paket,de.dhl.paket,acbe32eb-9837-41dc-bcba-31f741f4267c,2026-09-12T10:10:26,3,"Wenn ich nicht da bin, klebt ein Zettel mit der Bitte das Pakete und Päckchen vor die Wohnungstür gestellt werden sollen. Klappt in der Regel, nur wenn es eine Vertretung gibt, werden die Pakete und Päckchen zur Post gebracht und ich muß sehen wie ich sie abholen kann.",Google Play Store,2026-09-25T09:15:33.291431+00:00
DHL Paket,de.dhl.paket,89140fa3-f107-409c-9c14-f8e9099ddc71,2026-09-12T10:07:38,3,"Es ist nach Jahren gelungen in der Briefankündigung auch die Briefe anzuzeigen die, um es dem Boten zu erleichtern, eine Wohnungsnummer enthalten",Google Play Store,2026-09-25T09:15:33.291431+00:00
DHL Paket,de.dhl.paket,eb478961-8f84-48a0-bb88-d42f8436df58,2026-09-12T09:36:51,2,"Nach dem Update funktioniert nicht alles. Die Weiterleitung an den DHL Shop ist nicht erwünscht .Trotzdem muss ich immer wieder zu DHL Shop, - trotz Schwerbehinderung.",Google Play Store,2026-09-25T09:15:33.291431+00:00
DHL Paket,de.dhl.paket,b57328e0-1ab3-46d0-8601-2c96049903cb,2026-09-12T09:20:08,1,"ich stand heute zu ersten Mal vor einer Paketstation, die die App benötigt. Der QR Code an der Station, ließ sich in DuckDuckGo nicht öffnen. Also selbst im Playstore suchen und finden. App installiert, geöffnet. Auf Paketstation geklickt. Nachricht, dass Bluetooth benötigt wird. Na gut. BT an, minutenlang warten. Nix. Über Standorte versuchen. Ortung einschalten. Station gefunden. draufklicken, Webseite will App öffnen (in app) Strichcode scannen. nix. manuell eingeben. Fehlermeldung.",Google Play Store,2026-09-25T09:15:33.291431+00:00
DHL Paket,de.dhl.paket,fecddc4f-d762-45d0-8d70-41cf1e774a6a,2026-09-12T09:19:21,3,"App läuft und tut was die tun soll außer bei dem Thema Benachrichtigungen. Vor ein paar Monaten hat man zu jeder Änderung im Sendungsverlauf eine Benachrichtigung erhalten. Mittlerweile erhalte ich gar keine mehr. Benachrichtigung sind in Android erlaubt und in der App sind alle Benachrichtigungen eingeschaltet. Neustart vom Smartphone, Neuinstallation der App und löschen des Caches bringt alles nichts. Immer noch keine Benachrichtigung.",Google Play Store,2026-09-25T09:15:33.291431+00:00
DHL Paket,de.dhl.paket,fd1b0316-24a3-43e7-9244-3601f0fa1471,2026-09-12T08:17:34,5,immer sehr gute Zustellung,Google Play Store,2026-09-25T09:15:33.291431+00:00
DHL Paket,de.dhl.paket,ad6aef72-4e2e-42f3-bfae-613fe9665061,2026-09-12T08:02:50,1,ich will nein Paket an einer Paketstation ohne Bildschirm abholen und die App funktioniert einfach NIE!,Google Play Store,2026-09-25T09:15:33.291431+00:00
DHL Paket,de.dhl.paket,0b4171ca-e871-4820-9163-ccf39faeec19,2026-09-12T08:02:50,1,"Nach jedem Einsatz an der Packstation wird man abgemeldet. was dieser Schwachsinn soll, erfährt der Kunde nicht. Zwangsabmeldung schön und gut. Aber wenn ich die Station gerade nicht nutze, werde ich nicht abgemeldet. Edit: Das ist exakt beschrieben! Android Version 16. App Version 10.00.150. edit: erfahrungsgemäß hilft die Deutsche Post eben nicht weiter. Bei geöffneten Briefe (nicht aufgerissene Briefe) ist grundsätzlich ja nur die Sortiermascchone schuld. Ein einziger Sauhaufen!",Google Play Store,2026-09-25T09:15:33.291431+00:00
DHL Paket,de.dhl.paket,a5bd7260-bf82-4bea-aed8-8d8b03aa069f,2026-09-12T05:47:44,3,leider funktioniert die Info mal mehr mal weniger 😞 bekomme die Lieferung erst angezeigt wenn ich die paketnummer in die App eintragen,Google Play Store,2026-09-25T09:15:33.291431+00:00
DHL Paket,de.dhl.paket,a1b66a40-b911-4e8e-bf45-f086092c3458,2026-09-12T05:45:55,1,"werde seid längeren , für Lieferung verarscht Lieferung kommt heute auch nee morgen oder 2 tage später oder gar keine Antwort",Google Play Store,2026-09-25T09:15:33.291431+00:00
DHL Paket,de.dhl.paket,8d7fe421-b661-48b3-8b8f-58c7214f7341,2026-09-11T21:04:08,1,"Man richtet extra eine Paketumleitung in eine Packstation ein, weil man sowieso nicht Zuhause ist, aber diese wird laufend storniert. Und dann wird das Paket in einen Paketshop gebracht der morgens spät auf macht und nachmittags schon wieder zu. Es gibt hier genug Paketshops die bis spät abends auf haben., aber hâtten arbeitenden Menschen ja die Möglichkeit ihre Pakete abzuholen.",Google Play Store,2026-09-25T09:15:33.291431+00:00
DHL Paket,de.dhl.paket,25a3067e-871d-4589-a699-36e899dbf7e1,2026-09-11T20:00:20,1,Bonuspunkte werden in der App nicht angezeigt. Bei allen Packstationen kann die Postnummer nicht vom Display in der App gescannt werden und muss manuell eingetippt werden.,Google Play Store,2026-09-25T09:15:33.291431+00:00
DHL Paket,de.dhl.paket,2ad6b121-fd19-48c4-a1cf-b4ea618c850f,2026-09-11T19:41:00,1,"Funktioniert nicht. Mehrfach installiert, hängt sich immer wieder auf. Freischalten Packstation nicht möglich.",Google Play Store,2026-09-25T09:15:33.291431+00:00
DHL Paket,de.dhl.paket,d147ad52-7779-40b4-bc8c-04c70a728021,2026-09-11T19:10:09,4,seit einigen Tagen: nur ein gelber Bildschirm. App deinstalliert und wieder installiert: immer noch gelber Bildschirm. Wie soll ich da etwas aus der Packstation abholen...? Nachtrag: nur via Mobilfunk-Datenverbindung funktioniert immerhin das Anmelden 👍,Google Play Store,2026-09-25T09:15:33.291431+00:00
DHL Paket,de.dhl.paket,477d822a-0a7f-471c-a7f8-0407c1fcc818,2026-09-11T17:44:28,1,"Funktioniert seit Monaten nicht mehr... 2 Wege Authentifizierung io, App neu installiert io, aber Sendung werden nicht mehr angezeigt, können nicht verfolgt werden",Google Play Store,2026-09-25T09:15:33.291431+00:00
DHL Paket,de.dhl.paket,9a993f90-cdb3-42b1-b329-8a990ee900c7,2026-09-11T17:42:02,5,Einfache Handhabung. Bin sehr zufrieden.,Google Play Store,2026-09-25T09:15:33.291431+00:00
DHL Paket,de.dhl.paket,1ab6695a-c300-4776-afb6-8da51c502e33,2026-09-11T17:25:14,5,"Ich bin sehr zufrieden, kann es nur empfehlen",Google Play Store,2026-09-25T09:15:33.291431+00:00
DHL Paket,de.dhl.paket,df7bd8e8-5609-4ad8-8f95-cab59e803551,2026-09-11T17:13:48,5,Es dauert ein wenig bis man eine Umleitung eingerichtet hat aber es passt jetzt ! 😁,Google Play Store,2026-09-25T09:15:33.291431+00:00
DHL Paket,de.dhl.paket,74f8b616-6a9f-4abe-9d04-32559093d0fb,2026-09-11T17:12:24,1,Der App funktioniert bei mir nicht. Ich kann keine Päckchen von Pakstationen ohne Bildschirm abholen. Alle Einstellungen wurden angepasst und ich habe mit mehreren Geräten probiert. Es verbindet sich aber der Fach geht nicht auf. Es ist mir schon 2 Mal passiert.,Google Play Store,2026-09-25T09:15:33.291431+00:00
DHL Paket,de.dhl.paket,a320a013-9295-48ce-8e7b-21209fcff004,2026-09-11T16:52:09,1,"Habt Ihr nichts anderes zu tun, als Appnutzern mit jedem Update eine Neuanmeldung aufzuzwingen? Wer hat sein DHL-Passwort dabei, wenn er vor einer Packstation steht u feststellen muss, dass Euer Update eine Neuanmeldung erfordert u er sein Paket nicht abholen kann. Was soll dies? Kundenorientierung scheint ein Fremdwort für DHL zu sein!",Google Play Store,2026-09-25T09:15:33.291431+00:00
DHL Paket,de.dhl.paket,85f7c469-051b-45fe-bec7-76618b298e68,2026-09-11T15:15:32,1,"Ich habe bereits im April geändert von paketstation auf Ablageort. Und wieder ist es in der paketstation !! Ich kann es dort nicht abholen, weil es nicht funktioniert. Kein Code nur eine sendungsnummer Nun ist schon wieder ein Paket zur Pachstation gegangen. Trotz Telefonat. Ich verstehe die Ignoranz nicht. Diesmal habe ich jedoch eine Karte mir Stricknadeln. Also werde ich es noch mal versuchen. Ich weiss allerdings nicht, ob es klappt.11.9.26",Google Play Store,2026-09-25T09:15:33.291431+00:00
DHL Paket,de.dhl.paket,edf0a5fd-3a07-4bf1-904e-936e1767ca85,2026-09-11T15:14:57,5,Super einfach,Google Play Store,2026-09-25T09:15:33.291431+00:00
DHL Paket,de.dhl.paket,386cbac2-cb1d-4dd6-8dbe-a929f70fadd4,2026-09-11T14:31:18,2,"Ganz praktische App, ohne auffällige Bugs. Besonders die Live-Verfolgung des Pakets am Zustelltag finde ich hilfreich. Was völlig unverständlicherweise fehlt, ist ein Button für die Zweitzustellung. Stattdessen muss man in ein Webformular all die Informationen eintragen, die in der App schon zusammen dargestellt werden. Und wirklich, wirklich schlimm ist der ""KI""-Servicechat. Unglaublicher Lebenszeitdiebstahl. Aber der Mensch danach ist auch nicht viel hilfreicher: Support=mies.",Google Play Store,2026-09-25T09:15:33.291431+00:00
DHL Paket,de.dhl.paket,2ac26bb5-e163-4c73-b480-980a60afa775,2026-09-11T14:07:35,5,Perfekt da muss man nicht warten bis das die Filiale öffnet. Rund um die Uhr geöffnet. Pakete versenden und empfangen. Was will man mehr...,Google Play Store,2026-09-25T09:15:33.291431+00:00
DHL Paket,de.dhl.paket,d0f4f330-0ab3-433e-b43b-bdfbaf307145,2026-09-11T14:05:24,5,Keine Probleme und sehr zuverlässig!,Google Play Store,2026-09-25T09:15:33.291431+00:00
DHL Paket,de.dhl.paket,9a090654-8706-4db0-9b89-a6cee9257ec0,2026-09-11T14:04:47,1,"Heute schon wieder: Neuanmeldung notwendig. Das kann diese App am besten, unnötige Anmeldungen fordern. Es geht fast nix. Ablageort ändern unmöglich. Ebenso am Desktop: 5x irgendwelche Fahrräder ankreuzen, dann wieder andere Abfragen bis man den Überblick verliert. Ist halt noch der alte Beamtenapparat.",Google Play Store,2026-09-25T09:15:33.291431+00:00
DHL Paket,de.dhl.paket,b629541f-8fc5-466a-84ba-c8548798e2ad,2026-09-11T13:53:36,1,"Dass bei simplen Updates die Session zerschellt, ist kein Sicherheitskonzept – es ist das Offenbarungszeugnis kollektiver Inkompetenz. Plattformübergreifend auf iOS und Android einen Relogin zu erzwingen, offenbart glasklar: Ihre Qualitäts-Sicherung existiert bestenfalls auf dem Papier und die Entwickler kommunizieren per Rauchzeichen. Wer es nicht gebacken bekommt, einen lächerlichen Token-State über ein Patch hinweg zu halten, liefert handwerklichen Pfusch auf unterstem Niveau. Peinlich!",Google Play Store,2026-09-25T09:15:33.291431+00:00
DHL Paket,de.dhl.paket,865c25ab-bab7-491d-9320-b2463f1dbd48,2026-09-11T13:09:54,1,Jetzt muss man sich alle 30 Tage neu einloggen. Null Prozent Sicherheitsgewinn Einhundertprozent lästig. Natürlich verrät es einem die App erst wenn man an der Packstation ist.,Google Play Store,2026-09-25T09:15:33.291431+00:00
DHL Paket,de.dhl.paket,4b56505e-9b28-460a-b3e6-fbbdc5b41771,2026-09-11T12:44:48,1,"Nach all der langen Zeit ist diese App konsequent schlechter geworden. Die meisten Probleme fallen darauf zurück, dass diese App nur ein Webviewer ist. Das ist gar keine App, sondern ein kleines Browserfenster. Deswegen muss man sich auch alle 3 Minuten neu anmelden. Ein eigentlicher Auth-Token wird gar nicht erst gespeichert. Hier gibt es nichts zu retten, die App gehört gelöscht und ohne Webview komplett neu gebaut.",Google Play Store,2026-09-25T09:15:33.291431+00:00
DHL Paket,de.dhl.paket,c2e06275-f85d-4a07-bcf8-fd143c77e20d,2026-09-11T12:40:37,5,"Top geht wieder, bis jetzt ging die App ein paar h nach einer Störung wieder, man merkt die arbeiten im Hintergrund",Google Play Store,2026-09-25T09:15:33.291431+00:00
DHL Paket,de.dhl.paket,a4c7d406-4af0-40c5-9133-26dca954f44f,2026-09-11T12:08:13,2,"Die ""Live Zustellung"" funktioniert einfach nicht mehr. Anfangs geht es, aber immer gegen Mittag kommt Folgendes: ""LIVE Zustellung Aktueller Standort lhrer Sendung nicht verfügbar"" Das ändert sich bis zur Zustellung auch nicht mehr. Hier ist übrigens ländliche Gegend ohne Häuser -oder Felsenschluchten, die das GPS Signal beeinträchtigen könnten. Navigation funktioniert hier überall. Schlecht, da ich gern Pakete selbst entgegennehme und dazu anwesend bin.",Google Play Store,2026-09-25T09:15:33.291431+00:00
DHL Paket,de.dhl.paket,316d54e9-1ce9-4936-9e41-b5519857b7be,2026-09-11T12:07:38,1,"Passwort alle 30 Tage neu eingeben war gestern, vor allem wenn Gerät und Email nicht auf gleichen Gerät.",Google Play Store,2026-09-25T09:15:33.291431+00:00
DHL Paket,de.dhl.paket,9c32b50e-aea4-4fda-91de-a2bb3d682cde,2026-09-11T11:47:06,1,zu kompliziert,Google Play Store,2026-09-25T09:15:33.291431+00:00
DHL Paket,de.dhl.paket,92e582d0-eb8c-48df-b2bf-0953f57b88d0,2026-09-11T11:45:34,1,"Ich werde seit neuestem immer wg ""Inaktivität"" abgemeldet und muss mich dann jedesmal wieder neu einloggen. Sehr nervig, bitte beheben.",Google Play Store,2026-09-25T09:15:33.291431+00:00
DHL Paket,de.dhl.paket,eedb9df0-5216-4ae9-937d-4eec6d095eb2,2026-09-11T11:40:36,1,"App sagt Paket ist 4 Zustellstopps entfernt und schon im gleichen Ort. Jedoch dauert es fast 1,5 Stunden bis es dann ankommt... Entweder trinkt der Paketzusteller bei jedem Kunden noch einen Kaffee rein und verbringt dort jeweils 20 Minuten, oder die App ist unzuverlässig",Google Play Store,2026-09-25T09:15:33.291431+00:00
DHL Paket,de.dhl.paket,e8e2318a-1499-4054-889f-b1ad6d92d103,2026-09-11T11:05:50,2,"Anmeldeverfahren aktualisiert in der neuen App? man kommt nach dem anmelden zu dem Punkt anmelden und danach zu dem Punkt anmelden, aber dorthin wo man hin will kommt man nicht",Google Play Store,2026-09-25T09:15:33.291431+00:00
DHL Paket,de.dhl.paket,8b5e2c5c-8587-4e97-8467-e0ec88b258a6,2026-09-11T10:53:02,1,"Warum bin ich abgemeldet, stehe vor der Station und komme jetzt nicht dran. Zugangsdaten, die natürlich super wichtig per Post und geheim sein müssen, liegen sicher zuhause. Danke für nichts.",Google Play Store,2026-09-25T09:15:33.291431+00:00
DHL Paket,de.dhl.paket,c5b7c0f5-4463-4880-a0a0-509e272a5130,2026-09-11T10:47:28,2,Die Anmeldung bei der neuen App finde ich schwierig und warum die Postident? Vorher war die Anmeldung einfacher.,Google Play Store,2026-09-25T09:15:33.291431+00:00
DHL Paket,de.dhl.paket,ec35667f-37de-474e-8d20-cf611a6d60ca,2026-09-11T10:26:42,2,Die ewige Neuanmeldung ist lästig und das zu senden vom Code dauert .Ging vorher einfacher .,Google Play Store,2026-09-25T09:15:33.291431+00:00
DHL Paket,de.dhl.paket,6ae425a7-57f1-4284-94db-f8d3564a7505,2026-09-11T09:50:32,1,Automatische Abmeldung ist ein Unding.Ständig ist ein Anmelden notwendig. Eine Verschlechterung .,Google Play Store,2026-09-25T09:15:33.291431+00:00
DHL Paket,de.dhl.paket,c4a09315-e093-4d83-8850-4c1e727deb37,2026-09-11T09:40:11,1,Nach dem letzten Update kann ich mich nicht mehr anmelden. Weder mit der Postnummer noch mit der Email Adresse. Nachtrag: Trotz mehreren Hilfs-eMails immer noch keine Anmeldung möglich.,Google Play Store,2026-09-25T09:15:33.291431+00:00
DHL Paket,de.dhl.paket,aa579adf-1609-47ef-9f6a-6b18a40e1fc3,2026-09-11T09:32:33,1,"Ich möchte meine Unzufriedenheit über die wiederholten Lieferverzögerungen zum Ausdruck bringen. Obwohl ich eine Abstellgenehmigung für die Haustür erteilt habe, werden die Pakete weiterhin in Paketstationen oder DHL-Filialen hinterlegt. Dieser Service entspricht nicht meinen Erwartungen und stellt eine deutliche Verschlechterung der gewohnten Qualität dar.",Google Play Store,2026-09-25T09:15:33.291431+00:00
DHL Paket,de.dhl.paket,b9a4c621-ef58-4e1e-a17f-b5da6af76285,2026-09-11T09:29:24,1,Andauernd wird man ausgeloggt. Viele haben das gleiche Probleme. Sucht bei euch nach den fehlern und lebt solange mit den schlechten Rezessionen. Wir sind nicht eure Beta Tester. Es nervt nur.,Google Play Store,2026-09-25T09:15:33.291431+00:00
DHL Paket,de.dhl.paket,ed79c1bb-e19c-4ec3-a56c-901692f472b1,2026-09-11T09:13:00,5,"In der Regel ist DHL immer pünktlich, manchmal sogar schneller als vom Lieferanten angegeben! Zusteller ist auch meist der gleiche und immer freundlich!!",Google Play Store,2026-09-25T09:15:33.291431+00:00
DHL Paket,de.dhl.paket,61191539-4f29-4ea7-984e-eb6a970383d6,2026-09-11T08:44:36,5,"perfekt, wenn sich alle daran halten.",Google Play Store,2026-09-25T09:15:33.291431+00:00
DHL Paket,de.dhl.paket,ff375c57-fe60-4cd8-aafc-b97f09641e2f,2026-09-11T08:08:02,1,"Funktioniert überhaupt nicht, wie alles bei DHL. Bei jedem Öffnen wird neues Login verlangt, auch wenn man ""30 Tage"" anklickt. Der Bestätigungscode zum Login kommt dann meistens so spät, daß er nicht mehr gültig ist. Von Fingerprint hat man bei DHL noch nicht gehört. Anstatt dessen, soll man eine halbe Stunderumfummeln, um endlich einmalig eingeloggt zu sein.",Google Play Store,2026-09-25T09:15:33.291431+00:00
DHL Paket,de.dhl.paket,aad6d77f-386b-45be-a233-c66520ae00bd,2026-09-11T07:43:55,1,auf einmal kommt man nicht mehr rein.,Google Play Store,2026-09-25T09:15:33.291431+00:00
DHL Paket,de.dhl.paket,fb185ead-5fff-42f5-a594-a38abac659dd,2026-09-11T07:15:24,1,"Katastrophe versuche seit 1 Woche mein Passwort zurück zu setzen, es kommen keine Mails an und der Brief für das Zurücksetzen hat nicht mal die korrekten Begrifflichkeiten. Nachtrag zu eurer Antwort: wenn ich den Kundenservice erreichen würde, wäre das super, ich bezahl aber nicht jeden Tag ein Haufen Geld um in der Hotline zu hängen, wo selbst die Zusteller keinen erreichen. Wenn ich vor Ort nicht so tolle Zusteller hätte, wären meine Pakete zurück gegangen.",Google Play Store,2026-09-25T09:15:33.291431+00:00
DB Navigator,de.hafas.android.db,9aa5998f-c7ba-4079-a199-eb8f3a845c95,2026-09-24T07:03:50,5,😍😘,Google Play Store,2026-09-25T09:15:33.291431+00:00
DB Navigator,de.hafas.android.db,07d4bf9d-d877-4dd9-91d9-8f5bc3aed3bf,2026-09-24T06:48:37,5,Schnelle und sichere Buchung.,Google Play Store,2026-09-25T09:15:33.291431+00:00
DB Navigator,de.hafas.android.db,15d0ef3c-7863-4aac-bf15-f844dbd619f2,2026-09-24T05:31:10,1,App zeigt Züge die schon lange abgefahren sind.,Google Play Store,2026-09-25T09:15:33.291431+00:00
DB Navigator,de.hafas.android.db,43bcb65d-70c7-4ca2-b935-55787588d322,2026-09-24T04:24:56,5,super,Google Play Store,2026-09-25T09:15:33.291431+00:00
DB Navigator,de.hafas.android.db,3cbc8b4f-8004-421f-94ee-9772f2c452fd,2026-09-23T22:19:11,5,funktioniert in der Regel gut,Google Play Store,2026-09-25T09:15:33.291431+00:00
DB Navigator,de.hafas.android.db,6c57a85d-bdfd-4891-9342-a7764a02b11c,2026-09-23T21:46:08,5,Schnell und unkompliziert!,Google Play Store,2026-09-25T09:15:33.291431+00:00
DB Navigator,de.hafas.android.db,09a71d07-f86f-49a5-baa7-ce0057a00a37,2026-09-23T21:01:48,4,Ist deutlich besser geworden.,Google Play Store,2026-09-25T09:15:33.291431+00:00
DB Navigator,de.hafas.android.db,bca8d996-220b-4c6a-a931-183c6f34e0f0,2026-09-23T18:42:05,1,häufig nicht aktuell und Züge sollen angeblich abgefahren sein trotz das man 1 Stunde am Bahnhof steht und der Zug nicht da gewesen ist absolute verarsche von denen und unnötig deswegen bringt nichts die App zu installieren da sie genau so unzuverlässig ist wie die Bahn selbst,Google Play Store,2026-09-25T09:15:33.291431+00:00
DB Navigator,de.hafas.android.db,82082ff2-18f6-41e6-af32-2f9f92f3f1ee,2026-09-23T18:35:57,5,Das Ticket war einfach zu buchen.,Google Play Store,2026-09-25T09:15:33.291431+00:00
DB Navigator,de.hafas.android.db,bdceb3ea-0cec-4df6-8db3-a7b4ea198842,2026-09-23T18:19:36,1,"unübersichtlich, neue Kreditkarte nicht im Prozess hinterlegbar",Google Play Store,2026-09-25T09:15:33.291431+00:00
DB Navigator,de.hafas.android.db,ed767d3c-167e-4c60-b0cb-973674c8f6b5,2026-09-23T17:23:52,5,Super unkompliziert,Google Play Store,2026-09-25T09:15:33.291431+00:00
DB Navigator,de.hafas.android.db,2a4b23a8-78d5-4977-872f-4aafe64d7afc,2026-09-23T17:14:46,5,Einfach Gut und einfach,Google Play Store,2026-09-25T09:15:33.291431+00:00
DB Navigator,de.hafas.android.db,04c75ec5-1eb9-4f22-abd9-c6e22cbf0a39,2026-09-23T17:04:51,2,Zug zu spät und auch noch falsche Verbindungsanzeige in der App,Google Play Store,2026-09-25T09:15:33.291431+00:00
DB Navigator,de.hafas.android.db,75677a5c-d715-4a0f-b3ee-31988e80a702,2026-09-23T16:31:04,4,joa funktioniert,Google Play Store,2026-09-25T09:15:33.291431+00:00
DB Navigator,de.hafas.android.db,09b97744-691a-46ab-a6c7-0143364f69de,2026-09-23T16:17:38,1,"Die App ist nicht zu gebrauchen: ständige Fehlermeldungen, man soll sich in der Anwendung neu anmelden – was natürlich nicht geht. Warum sollte bei denen auch mal was funktionieren?",Google Play Store,2026-09-25T09:15:33.291431+00:00
DB Navigator,de.hafas.android.db,33e0e771-9ff6-48f4-9caf-d10d8b773f91,2026-09-23T16:02:00,2,"Leider sind seit 14 Tagen keine neue Wiederholungen einer Reise zu erfassen. Die bereits erstellten Wiederholungen (2) sind aktiv, mehr geht nicht. wenn es eine Lösung gibt, gerne mitteilen.",Google Play Store,2026-09-25T09:15:33.291431+00:00
DB Navigator,de.hafas.android.db,2bf010a0-84b6-4a17-af23-4fc1767e4c70,2026-09-23T15:25:52,4,"Ich habe die Bahncard 25 1. Klasse. Warum wird diese beim buchen nicht direkt mit verarbeitet?! Auch immer muss ich das Alter korrigieren, obwohl alles vorgegeben ist.",Google Play Store,2026-09-25T09:15:33.291431+00:00
DB Navigator,de.hafas.android.db,d8e7e3a5-d70c-4e64-b20f-f77c2a884596,2026-09-23T15:21:43,5,die App db navigator ist sehr hilfreich. endlich Mal eine App die wirklich zu gebrauchen ist.,Google Play Store,2026-09-25T09:15:33.291431+00:00
DB Navigator,de.hafas.android.db,ebcc1c47-30a4-4433-8fbc-2e8d048e1531,2026-09-23T14:28:20,2,Manchmal zeigt es keine alternstiven Verbindungen an. Doof wenn die geplante Verbindungen nicht mehr möglich ist wg Verspätung!!!,Google Play Store,2026-09-25T09:15:33.291431+00:00
DB Navigator,de.hafas.android.db,615ee034-50c6-4bcb-9c48-27b9f78cea61,2026-09-23T13:50:11,2,SMS für visa Zahlung wurde nicht gesendet.,Google Play Store,2026-09-25T09:15:33.291431+00:00
DB Navigator,de.hafas.android.db,e0d2a022-4112-4851-808b-ffc664df6dc3,2026-09-23T13:10:35,5,Top,Google Play Store,2026-09-25T09:15:33.291431+00:00
DB Navigator,de.hafas.android.db,a428204b-1a90-46ac-901b-760c86ce8375,2026-09-23T11:33:37,5,Alles funktioniert um Klassen besser als auf dem Gleis 😃,Google Play Store,2026-09-25T09:15:33.291431+00:00
DB Navigator,de.hafas.android.db,d0b74ded-bc91-4ad6-9bd7-4daef100f73e,2026-09-23T10:32:35,3,"Die Anzahl der Sterne sind nur ein erster Eindruck beim Einrichten. Leider kann ich bei Zahlungsart Kreditkarte keine Daten eingeben, dafür fehlen die Felder.",Google Play Store,2026-09-25T09:15:33.291431+00:00
DB Navigator,de.hafas.android.db,39b4dc62-b262-4f44-bac4-5015312aecc9,2026-09-23T10:21:07,2,Die Integration von extern gekauften Tickets über die Auftragsnummer funktioniert nie.,Google Play Store,2026-09-25T09:15:33.291431+00:00
DB Navigator,de.hafas.android.db,81dad626-db7b-4bc5-800d-4e9f7dc651b0,2026-09-23T09:18:34,1,"Da ich schon älter bin, fällt es mir manchmal schwer klar zu kommen. Warum kann ich meine digitale Bahncard nicht hinterlegen, sie ist nur auf dem Tablet.",Google Play Store,2026-09-25T09:15:33.291431+00:00
DB Navigator,de.hafas.android.db,30003339-20ae-4e6f-b714-689abef227dc,2026-09-23T09:16:13,4,"Es ist doch öfter ein Problem mit der Abbuchung aufgetreten, deshalb nur 4 von 5",Google Play Store,2026-09-25T09:15:33.291431+00:00
DB Navigator,de.hafas.android.db,e7ed182e-89d0-41b2-ac93-ca6d8dce61eb,2026-09-23T08:33:14,4,"am besten gefallen mir immer aktuelle Informationen zur Fahrt, Veränderungen usw. auch bei Ausfällen. Man ist dank App besser und schneller informiert als wenn man Schaffner fragt. Finde die Suchmaske nicht so übersichtlich, habe früher immer nach Tickets auf der DB Seite gesucht (auch dort gekauft, nicht in der App!), dort ist die Auswahl und Übersicht der Fahrten kompakter.",Google Play Store,2026-09-25T09:15:33.291431+00:00
DB Navigator,de.hafas.android.db,35e4126e-5d89-40d7-9570-e91ccb9f19f5,2026-09-23T08:10:14,5,Super einfache Ticketbuchung über die DB-App,Google Play Store,2026-09-25T09:15:33.291431+00:00
DB Navigator,de.hafas.android.db,877f95c7-c8f2-475d-aef9-11eb7a3d113b,2026-09-23T07:35:54,5,Prima App! Dadurch sind Reisen viel entspannter möglich!,Google Play Store,2026-09-25T09:15:33.291431+00:00
DB Navigator,de.hafas.android.db,11e7c5f6-3a28-4461-8006-b937b346f1eb,2026-09-23T07:22:15,1,Diese App sammelt unnötig Daten lt Digitalcourage,Google Play Store,2026-09-25T09:15:33.291431+00:00
DB Navigator,de.hafas.android.db,549fa22e-e5f9-498d-b4f0-f9b9cf3f4366,2026-09-23T06:31:17,1,"Für Deutschlandticket Besitzer vollkommen unbrauchbar. Wie soll man bei einer Verspätung die Reise weiter planen, wenn der ""D-Ticket"" Filter bei ""Alternative suchen"" nicht greift?",Google Play Store,2026-09-25T09:15:33.291431+00:00
DB Navigator,de.hafas.android.db,52567063-661b-4a30-bfbd-d26433759037,2026-09-23T06:03:31,5,"Super gut, Danke!",Google Play Store,2026-09-25T09:15:33.291431+00:00
DB Navigator,de.hafas.android.db,fa1da0df-715c-4a51-b438-201112ecd245,2026-09-23T05:46:08,1,Verspätung wird vor Kauf des Tickets nicht angezeigt. Verbindung nicht fahrbar.,Google Play Store,2026-09-25T09:15:33.291431+00:00
DB Navigator,de.hafas.android.db,01a277d5-d4e3-4ca6-834b-ec4fef5c4804,2026-09-23T04:33:13,5,"Alles bestens, leichter Kauf online",Google Play Store,2026-09-25T09:15:33.291431+00:00
DB Navigator,de.hafas.android.db,eb2ee572-32f6-4e69-9f2c-61931c4ae09c,2026-09-23T03:57:23,4,"Ich fahre jetzt seit ca. einem Jahr und habe bis auf die üblichen Probleme der Bahn nur eine weitere Sache die eigentlich einfach zu optimieren wäre. Die Wagenreihung in der App stimmt im Höchstfall nur zu 50%. Gerade bei einem RE oder MEX ist das ärgerlich, weil es sowieso schon wenig Zugänge hat. Stand 23.09.2026: Erst jeder 4 Zug steht richtig. Besonders ärgerlich bei der Hauptverkehrszeit.",Google Play Store,2026-09-25T09:15:33.291431+00:00
DB Navigator,de.hafas.android.db,787903b9-a3c2-4c91-b363-e30ca076b5a2,2026-09-22T21:30:37,4,manchmal ein nicht ganz eindeutiger nächster Schritt,Google Play Store,2026-09-25T09:15:33.291431+00:00
DB Navigator,de.hafas.android.db,d1530511-d98e-46d7-ab1b-35e205a2c89b,2026-09-22T17:57:57,5,Im Großen und Ganzen zufrieden mit der App,Google Play Store,2026-09-25T09:15:33.291431+00:00
DB Navigator,de.hafas.android.db,ba819c75-6bd3-499d-b577-78099ae923eb,2026-09-22T17:29:55,2,"Viel zu oft werden völlig falsche Echtzeitdaten angezeigt. Ausfallende Züge erscheinen, als wenn sie pünktlich gefahren wären. Das ist glatte Verarschung der Reisenden.",Google Play Store,2026-09-25T09:15:33.291431+00:00
DB Navigator,de.hafas.android.db,520e0d95-747a-4b72-b3da-4a901506f3ba,2026-09-22T16:22:13,2,"Die App erfüllt ihren Zweck. Aber alles drum herum ist Schund. Preise, Zuverlässigkeit, Service. kann ich nur empfehlen, wenn man unbedingt ein Ticket kaufen muss",Google Play Store,2026-09-25T09:15:33.291431+00:00
DB Navigator,de.hafas.android.db,cb360977-309c-45c2-8b5d-3911fd230811,2026-09-22T15:56:24,1,"Das könnte alles einfacher sein. Ich habe mit Hilfe von KI jetzt fast ne Stunde gebraucht um meine BahnCard mit dem DB navigator zuverbinden. Ich mußte sie vor ein paar Wochen auch kündigen, weil es nicht möglich war,, die BahnCard mit aufs neue Handy zu nehmen. Mit der deutschlandcard kein Problem. Das ist sehr ärgerlich",Google Play Store,2026-09-25T09:15:33.291431+00:00
DB Navigator,de.hafas.android.db,f8813335-ff77-46c6-8caf-0a4a9b1fdd91,2026-09-22T15:35:28,1,Bus kommt ganicht aber app zeigt hat vespatung jeden 5 minuten wird verlängert aber ein stunde später zeigt bus war pünktlich,Google Play Store,2026-09-25T09:15:33.291431+00:00
DB Navigator,de.hafas.android.db,53ac7732-af0b-4f2b-8617-58c805803305,2026-09-22T15:10:20,1,Preisgestaltung ist halt n Witz,Google Play Store,2026-09-25T09:15:33.291431+00:00
DB Navigator,de.hafas.android.db,46fbd3f5-db7f-484d-860a-86092b8ff056,2026-09-22T14:37:20,1,Seit mehreren Wochen kommt der Bus zu spät und ich muss 1h warten,Google Play Store,2026-09-25T09:15:33.291431+00:00
DB Navigator,de.hafas.android.db,2fb74543-3967-4f77-807c-9052e1b6e0c1,2026-09-22T11:35:47,5,"funktioniert, wie er soll",Google Play Store,2026-09-25T09:15:33.291431+00:00
DB Navigator,de.hafas.android.db,81658397-1ffb-40c6-acb7-899d5301c3db,2026-09-22T10:01:40,3,Gekaufte Fahrkarten kann man nicht in den Navigator laden. Mit Glück sind sie druckbar. Ansonsten zuviel Firlefanz und Werbung.,Google Play Store,2026-09-25T09:15:33.291431+00:00
DB Navigator,de.hafas.android.db,0b369e86-1196-4e4b-b44d-19b63ec6bb30,2026-09-22T09:58:04,1,während der Buchung und der aus unverständlichen erneuten Registrierung wurde der Preis erhöht. Kreditkarte könnte nicht hinterlegt werden. es benötigt leider ne Menge zeit,Google Play Store,2026-09-25T09:15:33.291431+00:00
DB Navigator,de.hafas.android.db,32cc7848-318c-4642-91ad-6c292098d3df,2026-09-22T09:50:54,3,"Liebe Leute, ihr habt in der App mein Geburtsdatum. Warum muss ich bei jeder Suche meine Altersgruppe neu einstellen?",Google Play Store,2026-09-25T09:15:33.291431+00:00
DB Navigator,de.hafas.android.db,1ff8e251-ba32-46f1-a6f5-61b0824d0c80,2026-09-22T09:11:59,5,App hält auf dem Laufenden bei Änderungen,Google Play Store,2026-09-25T09:15:33.291431+00:00
DB Navigator,de.hafas.android.db,6396c1c1-4108-4944-8c1b-e5e364c6b0e5,2026-09-22T08:45:53,5,Buchung war einfach.,Google Play Store,2026-09-25T09:15:33.291431+00:00
DB Navigator,de.hafas.android.db,f96310a9-589b-4cc8-b55e-f8c423b5df91,2026-09-22T07:46:04,5,Einfach zu bedienen. Senioren!!,Google Play Store,2026-09-25T09:15:33.291431+00:00
DB Navigator,de.hafas.android.db,7f5db65e-9a78-46b5-8f84-0fffe5c2f945,2026-09-22T07:01:39,1,"zum Haare ausreißen. Mit der Kreditkarte kann mann keine Tickets mehr bezahlen, ander Möglichkeiten von der Schweiz funktionieren nicht, es ist möglich Tickets zu kaufen. Total Kunden unfreundlich.",Google Play Store,2026-09-25T09:15:33.291431+00:00
DB Navigator,de.hafas.android.db,ef9f8c0a-026b-40e0-841c-48508526fd93,2026-09-22T05:38:23,5,Läuft reibungslos ab Ticket buchen.,Google Play Store,2026-09-25T09:15:33.291431+00:00
DB Navigator,de.hafas.android.db,4650b64d-fb67-45b3-bf2d-8b51ca9dc560,2026-09-22T05:23:33,3,"Mehrfach konnte ich gestern nicht mit PAYPAL zahlen, weil sich das Programm ""aufgehängt"" hat.",Google Play Store,2026-09-25T09:15:33.291431+00:00
DB Navigator,de.hafas.android.db,e6dff6d9-c72c-4bc2-9458-2fb1eda0351c,2026-09-22T03:23:35,1,App zeigt an das der Zug kommt und es kommt keiner 35 Minuten lang ich stand heute um 5 Uhr bis 5.40 Uhr und weder eine Information das der Zug Ausfälle noch die App und die Anzeige am Bahnhof zeigen alle an das der Zug pünktlich fährt . nachtrag : und was ist heute ihre Ausrede App zeigt re1 von Köln Mühlheim nach Köln Hbf Abfahrt 5.02 Uhr kommt pünktlich und die s6 erst ab 5.36 Uhr und was war Re1 Laut Anzeige 45 Minuten Verspätung laut ab pünktlich und auf einmal kommt die s6 um 5.15 Uhr !,Google Play Store,2026-09-25T09:15:33.291431+00:00
DB Navigator,de.hafas.android.db,5d895664-28c2-4074-be43-a584fef3a0e5,2026-09-21T20:44:25,4,"Das Design ist wirklich sehr schön, viel besser als die meisten lokalen Verbünde oder anderer Länder. Die Verbindungssuche ist allerdings bei einem sehr dichten Takt gerne mal nicht vollständig (""schnellste Verbindung inaktiv"" hilft nicht). Sehr gut, dass man nun auch endlich nicht fahrbare Verbindungen ausblenden kann. Jetzt wäre es noch gut wenn man die Anzahl der Umstiege einschränken kann (z.b. nicht öfter als 2x umsteigen)",Google Play Store,2026-09-25T09:15:33.291431+00:00
DB Navigator,de.hafas.android.db,8e9e5cf4-ba81-4412-80a5-8beb8c642781,2026-09-21T19:07:54,1,"Immer noch ganz übel. Meine BahnCard kann ich seit einem Jahr nicht aktualisieren, die Kreditkarten-Daten auch nicht. Warum? Keine Ahnung. Ich dachte, mit der verbesserten App seien die Probleme gelöst. Hat nicht geklappt. Grrrr.",Google Play Store,2026-09-25T09:15:33.291431+00:00
DB Navigator,de.hafas.android.db,6eb36fab-c13c-4f61-af32-6b142cecffd6,2026-09-21T18:48:04,3,"Es ist vieles besser geworden, danke! In letzter Zeit werden mir die Verbindungen, vor allem die Abfahrtszeiten der Anschlüsse regelmäßig falsch angezeigt. Manche Verbindungen sind ""erreichbar"" aber ich sitze noch im Zug mit Verspätung. Gespeicherte Verbindungen werden als nicht mehr fahrbar angezeigt, obwohl es noch machbar ist. Möchte mich bei den vielen Verspätungen wenigstens auf korrekt angezeigte Zeiten verlassen können.",Google Play Store,2026-09-25T09:15:33.291431+00:00
DB Navigator,de.hafas.android.db,a0d59f1b-50f6-4bbf-b31b-ab2c52eac67a,2026-09-21T18:11:29,5,Einwandfrei,Google Play Store,2026-09-25T09:15:33.291431+00:00
DB Navigator,de.hafas.android.db,2ac36f8c-e64b-449d-9d8c-8ef28e228d4c,2026-09-21T16:32:09,5,einfach zu bedienen,Google Play Store,2026-09-25T09:15:33.291431+00:00
DB Navigator,de.hafas.android.db,c637ef71-94aa-4f08-a26a-9598e724d0f3,2026-09-21T12:31:48,3,"Manchmal umständlich ,schade Es kommt immer wieder vor das beim Bezahlen von Tickets die kompletten Benutzerdaten wieder eingegeben werden müssen und auch wenn ein Zug Verspätung hat kommt die Info in der App entweder zu spät oder garnicht",Google Play Store,2026-09-25T09:15:33.291431+00:00
DB Navigator,de.hafas.android.db,68c0cdfd-6e22-4d4d-818a-32395038cdf6,2026-09-21T12:06:50,1,kann ich leider nicht empfehlen Deutschland Ticket wird jedes Mal abgelehnt. nur weil man in der Schufa ist das ist wirklich Diskriminierung. was denkt ihr was ich jedes Mal mache.,Google Play Store,2026-09-25T09:15:33.291431+00:00
DB Navigator,de.hafas.android.db,87c8bf51-6fde-426b-848c-2d7dd650fff3,2026-09-21T10:18:01,2,"Die Schrift der App ist nicht sehbehindertenfrei dlich. - Bei hin und Rückfahrt sind die Wahlflächen nicht gut sichtbar. - Vor der Bezahlung ist die Zusatzoptionen verwirrend, weil der Preis der eigentlichen Buchung nicht sich gut hervorhebt. - Die Schrift im allgemeinen ist etwas klein.. - Die Handhabung der App ist nicht benutzerfreundlich. Frage: Hat die App nur ein Informatiker erstellt oder ein Verwaltungsinformatiker. zweiteres denkt benutzerfreundlicher.",Google Play Store,2026-09-25T09:15:33.291431+00:00
DB Navigator,de.hafas.android.db,9496870f-b9f5-4d45-82bb-68370dd37c49,2026-09-21T10:05:05,3,"Die Aussage: ""nicht mehr fahrbar"" ist SEHR unscharf! Schienenersatzverkehr: Haltepunkte werden nicht erkannt.",Google Play Store,2026-09-25T09:15:33.291431+00:00
DB Navigator,de.hafas.android.db,b24140bf-39f2-4ff4-b54b-5150162a8709,2026-09-21T09:24:02,4,"funktioniert gut, allerdings sind manchmal keine aktuellen Verbindungen verfügbar",Google Play Store,2026-09-25T09:15:33.291431+00:00
DB Navigator,de.hafas.android.db,7eebbe84-b4d1-4f1d-b8ab-0471d3d6aed5,2026-09-21T09:13:44,4,"gute App, leider werden keine Verspätungen oder Ausfälle mehr in der Anzeige angezeigt, sonst super App",Google Play Store,2026-09-25T09:15:33.291431+00:00
DB Navigator,de.hafas.android.db,d7c25e89-d9d0-4a23-9095-4f039ee41145,2026-09-21T08:46:52,2,"Bei Störungen im Bahnverkehr nicht aktuell, keine große Hilfe",Google Play Store,2026-09-25T09:15:33.291431+00:00
DB Navigator,de.hafas.android.db,8f3e7612-a03d-403f-bf0c-ab3730609498,2026-09-21T08:11:17,4,"Stürzt auf android13 öfters abrupt ab / hängt sich auf, volle Abwärtskompatibilität auf android13 sehr wünschenswert, App verhält sich laut DB öfters wie ein Roboter und verweigert Anmeldung mit gesicherten Zugangsdaten / MFA = nicht nachvollziehbar seitens Kunde",Google Play Store,2026-09-25T09:15:33.291431+00:00
DB Navigator,de.hafas.android.db,f9108ab8-369e-4ed1-892d-abc11f6e45ef,2026-09-21T06:26:07,5,"Einfach easy alle Routen zu suchen, sicher und leicht Tickets zu kaufen und auch Abweichungen werden rechtzeitig kommunieziert",Google Play Store,2026-09-25T09:15:33.291431+00:00
DB Navigator,de.hafas.android.db,28c5639b-0fd2-4730-afba-fedfda98756d,2026-09-21T06:25:49,1,App zeigt Infos zu bestimmten Verbindungen inkorrekt an,Google Play Store,2026-09-25T09:15:33.291431+00:00
DB Navigator,de.hafas.android.db,5508f768-38c2-4528-89ff-74a5a2f624f4,2026-09-21T06:15:01,1,Mann will alles Digital machen und dann funktioniert es nicht. Seit Drei Tagen versuche ich Ticket zu buchen. Es ist zum verrückt werden.😤😠,Google Play Store,2026-09-25T09:15:33.291431+00:00
DB Navigator,de.hafas.android.db,096838d7-d1e9-4970-a604-e1ed63ebe811,2026-09-21T05:02:23,2,"Es kommt sehr oft vor, dass sich meine Reise verzögert, ohne dass dies in der App angezeigt wird. Es gibt keine Funktion, mit der Fahrgäste eine Verspätung während der eigentlichen Reise in der App melden können.",Google Play Store,2026-09-25T09:15:33.291431+00:00
DB Navigator,de.hafas.android.db,b73860c4-8bd0-434a-9751-df5168c7953c,2026-09-21T04:16:17,1,es ist der größte Kindergarten mit der DB auf nichts kann man sich bei den Verlassen.,Google Play Store,2026-09-25T09:15:33.291431+00:00
DB Navigator,de.hafas.android.db,fb662775-c9e6-4ad7-ae7f-068cb571df77,2026-09-21T04:06:09,1,"Die Deutsche Bahn ist in allen unfähig , die app zeigt falsche Abfahrt zeiten an , nicht zu empfehlen, man kann sich darauf nicht verlassen .",Google Play Store,2026-09-25T09:15:33.291431+00:00
DB Navigator,de.hafas.android.db,80c2064f-c020-41e2-b957-0fbe9d8a2433,2026-09-21T03:38:29,2,"Es ist einfach katastrophal, die App meldet einen jedes mal ab und sowas bemerkt man natürlich erst, wenn der oder die Kontrolleur:in vor einem steht und wenn man nach mehrfachen Error Meldungen die Anmeldung geschafft hat, ist das Ticket weg... Super oder so",Google Play Store,2026-09-25T09:15:33.291431+00:00
DB Navigator,de.hafas.android.db,8f2db25e-d0ee-4179-8fd7-283f724fb92e,2026-09-20T21:57:33,1,"Ich kann nicht meine Bahn konto löschen wann ich will. Was soldas?????Ich will euren DB NAVIGATOR NICHT. DA GIBT AUCH JURISTEN FÜR SOLCHEN SACHEN. MEINE DATEN BITTE SOFORT LÖSCHEN, UND KARTEN!VIELEN DANK.",Google Play Store,2026-09-25T09:15:33.291431+00:00
DB Navigator,de.hafas.android.db,e902058e-643e-4cb6-9bf7-3b6cdda674ba,2026-09-20T21:25:56,1,Genau so nützlich wie die Deutsche Bahn pünktlich ist.,Google Play Store,2026-09-25T09:15:33.291431+00:00
DB Navigator,de.hafas.android.db,4633eaaa-dce4-443a-9693-43ba44437474,2026-09-20T21:15:09,5,gut,Google Play Store,2026-09-25T09:15:33.291431+00:00
DB Navigator,de.hafas.android.db,3b6c2337-6b0d-412a-ac73-b06b8e2486da,2026-09-20T20:38:03,2,Wenn man sich mit einem neuen Passwort einloggen will klappt es nicht. Nicht benutzerfreundlich,Google Play Store,2026-09-25T09:15:33.291431+00:00
DB Navigator,de.hafas.android.db,57ca6480-aa4f-40b3-aa3b-8350f1b1ccbb,2026-09-20T20:29:47,5,sehr gut,Google Play Store,2026-09-25T09:15:33.291431+00:00
DB Navigator,de.hafas.android.db,92425be3-7a93-483f-b400-f0a07dcb0682,2026-09-20T19:15:24,1,"die App ist total solide aber die Deutsche Bahn ist leider KOMPLETT die Enttäuschung. Ich fahr wirklich selten Zug, aber Jedes Mal!!! wenn ich fahre ist irgendetwas. kannste dir nicht ausdenken. Lieber Fahrrad ;)",Google Play Store,2026-09-25T09:15:33.291431+00:00
DB Navigator,de.hafas.android.db,24d2e16f-1593-4721-8647-0ecc51466b89,2026-09-20T16:34:01,2,"Mein über den Reiseveranstalter gekaufte Online-Tickets zeigt es an, aber die App speichert es nicht. Ich habe es jetzt fünfmal erfolglos versucht. Wenn ich mich abmelde und mich danach wieder anmelde sind meine Tickets verschwunden.",Google Play Store,2026-09-25T09:15:33.291431+00:00
DB Navigator,de.hafas.android.db,716c0f95-e84b-4ae4-98c4-a911454266d6,2026-09-20T16:01:00,3,grausam,Google Play Store,2026-09-25T09:15:33.291431+00:00
DB Navigator,de.hafas.android.db,b37aad11-331a-43ee-99d4-50c8b635b4d0,2026-09-20T15:27:00,5,Alles super immer wieder,Google Play Store,2026-09-25T09:15:33.291431+00:00
DB Navigator,de.hafas.android.db,2a11c577-5a63-42b2-9fcd-bac8f5cbf29d,2026-09-20T15:12:44,5,ging super,Google Play Store,2026-09-25T09:15:33.291431+00:00
DB Navigator,de.hafas.android.db,f05b1d14-5b62-47ab-bc8e-6cd2d2cdafee,2026-09-20T15:11:32,5,übersichtlich und gut,Google Play Store,2026-09-25T09:15:33.291431+00:00
DB Navigator,de.hafas.android.db,fe3603d6-97c4-4d9a-97d8-5d119feba46a,2026-09-20T14:52:00,1,ständige haltausfälle von stuttgart nach ZH!,Google Play Store,2026-09-25T09:15:33.291431+00:00
DB Navigator,de.hafas.android.db,5e246f16-bf3e-4460-bd57-f5d0b5e0bd23,2026-09-20T14:35:34,2,nicht zuverlässig,Google Play Store,2026-09-25T09:15:33.291431+00:00
DB Navigator,de.hafas.android.db,5d1859af-ff63-4d42-b06c-cbf678676c52,2026-09-20T13:10:32,1,Identitätsprüfung für ältere Menschen nicht alleine durchführbar,Google Play Store,2026-09-25T09:15:33.291431+00:00
DB Navigator,de.hafas.android.db,847e0ea2-b6a7-4fea-b9e2-200fffb43913,2026-09-20T12:45:46,3,"Bis vor ca. 1 Monat war ich sehr zufrieden mit dem DB Navigator. Aktuell werden in einer aktiven ICE Reise keine Gleiswechsel/ aktiven Informationen angezeigt. Suche ich die Verbindung neu, werden mir alle Infos angezeigt. Anpassungen der Verspätungsprognosen werden teilweise ca. 1 Minute später angezeigt, wie bei nicht DB Apps. Ganz aktuell kann ich auch keine neue Kreditkarte hinzufügen.",Google Play Store,2026-09-25T09:15:33.291431+00:00
DB Navigator,de.hafas.android.db,046acabc-d64d-4fd7-a1d0-16731b62c20b,2026-09-20T12:24:58,1,"Miserabel! Für spontane Käufe viel zu umständlich. Zahlungsmittel aktualisieren in der ""Äpp"" nicht möglich: ""Kreditkarte hinzufügen"" - jou. ""Wo finde ich die Prüfnummer?"" - das weiß ich schon! Datenschutzinfo noch. Sonst haste nix?? Ok, dann wohl so ""Speichern""... ""Konnte nicht hinzugefügt werden"" - Klar, du Honk! Frag mal erst mal nach den Daten! Eine Lachplatte! So würd's nix, liebe DB! Ein Stern für die Idee eine Äpp zu errichten und als Trostpreis. Zug ist raus.",Google Play Store,2026-09-25T09:15:33.291431+00:00
DB Navigator,de.hafas.android.db,c1f6dbdc-4063-4afc-a055-ff1a07d3f5b5,2026-09-20T12:10:00,5,"Gut geklappt , war alles klar.",Google Play Store,2026-09-25T09:15:33.291431+00:00
DB Navigator,de.hafas.android.db,6ba212ce-452d-4a92-bd6b-eeb108a6ead0,2026-09-20T10:33:18,4,Zonen Auswahl ist kompliziert,Google Play Store,2026-09-25T09:15:33.291431+00:00
DB Navigator,de.hafas.android.db,4e1b04fc-b925-42a9-ae6c-b7bd85c64697,2026-09-20T10:29:08,5,"Für mich ist diese App perfekt (überschaubar, unkompliziert, verständlich unterteilt....)",Google Play Store,2026-09-25T09:15:33.291431+00:00
DB Navigator,de.hafas.android.db,31f23713-31f6-4708-8bf0-07b1adc40dae,2026-09-20T10:25:37,5,"App ist sehr stabil, Informationen sind meistens verlässlich.",Google Play Store,2026-09-25T09:15:33.291431+00:00
DB Navigator,de.hafas.android.db,c96ba65d-970c-4daf-bdb2-9f5f2f76f24e,2026-09-20T09:59:07,1,Die Auswahl der Ticketanzahl ist benutzerunfreundlich!,Google Play Store,2026-09-25T09:15:33.291431+00:00
DB Navigator,de.hafas.android.db,ab1af3af-5081-4f09-8555-333a2ac081b8,2026-09-20T08:54:54,1,"...und der Schwachsinn geht weiter. Die App meldet einen Zug (19.09) mit geringer Auslastung - der Zug ist ÜBERFÜLLT ! Deutsche 'W'ahn ! Ist die App das Spiegelbild des Unternehmens? Aus heutiger Sicht zweifelsohne! So tun als hätte 'frau' alles im Griff, aber nichts trifft zu! Alles 'B'alla.",Google Play Store,2026-09-25T09:15:33.291431+00:00
DB Navigator,de.hafas.android.db,1777790a-f694-4ebf-af97-def002f6ba2c,2026-09-20T07:20:43,1,Kein Kontakt möglich ohne Vorgangsnummer. Verwirrend. Frustrietend.,Google Play Store,2026-09-25T09:15:33.291431+00:00
DB Navigator,de.hafas.android.db,596b4246-a232-4b51-bd02-801bdf195298,2026-09-20T06:33:28,4,Die erste Einrichtung ist langwierig und nur mit zwei Geräten vernüftig möglich. Ist das erstmal erfolgreich erledigt ist die nächste Nutzung einfach und sehr schnell; absolut problemlos.,Google Play Store,2026-09-25T09:15:33.291431+00:00
DB Navigator,de.hafas.android.db,1133caf6-b2b6-4547-8d93-f2162a3c01db,2026-09-20T06:07:25,5,gut,Google Play Store,2026-09-25T09:15:33.291431+00:00
DB Navigator,de.hafas.android.db,31a51e8c-d659-476f-9dff-f4036230503b,2026-09-20T05:42:03,1,ständug weds uch augeloggt,Google Play Store,2026-09-25T09:15:33.291431+00:00
DB Navigator,de.hafas.android.db,5c02f089-7a9e-4712-b90c-8ddaeb663db4,2026-09-19T20:20:46,1,"Könnt ihr bitte wieder die ursprüngliche Ankunftszeit anzeigen und nicht nur die Zeit wann man tatsächlich ankommt. ist zwar peinlich für euch, macht es aber einfach für uns zum Planen. Teilweise werden Verbindung nicht angezeigt, obwohl die Anschlüsse erreichbar sind. Mal wieder ein Schritt zurück. Hätte kein Update gebraucht...",Google Play Store,2026-09-25T09:15:33.291431+00:00
DB Navigator,de.hafas.android.db,7f210c36-41cd-4d14-a5e6-8eb4cadd227f,2026-09-19T19:48:16,1,noch nie so eine schlechte App gesehen random aus dem nichts sagt mir einfach keine Ergebnisse gefunden und ich muss einfach die App deinstallieren wieder installieren damit das funktioniert Schrott,Google Play Store,2026-09-25T09:15:33.291431+00:00
DB Navigator,de.hafas.android.db,6a339e45-a8c2-4330-ab80-c8ac598ddefe,2026-09-19T19:14:09,1,Komme seit Update mit meinen Anmeldedaten nicht mehr in die App,Google Play Store,2026-09-25T09:15:33.291431+00:00
DB Navigator,de.hafas.android.db,a76300b2-54af-4a9c-8153-19c798881c14,2026-09-19T18:10:10,2,"Vor 2 -3 Jahren war die App gut gemacht. Klar, übersichtlich, große Eingabefelder, große fette Schrift - bei Sonnenschein gut lesbar! -, einfache Zeit- und Datumsänderung, deutliche große Verbindungs-Ergebnisse samt Verbindungsübersicht. Und jetzt: klein und unübersichtlich - alles zu verschachtelt, zu viel Tipperei. Alleine zur Zeitänderung muß man 5 x Tippen!!! Wozu??? Die Datumsänderung erscheint unsinniger Weise 2 x - wobei man hierfür 4 x tippen muß! = 9 x Tipperei um ""schnell"" einzustellen",Google Play Store,2026-09-25T09:15:33.291431+00:00
DB Navigator,de.hafas.android.db,d39d16d5-5dca-46dc-b0fd-ee88c8f46fa2,2026-09-19T16:26:19,1,"Ihr seid das aller letzte! Kein automat am Bahnhof, Ticket muss über app gekauft werden. Passwort wird immer wieder abgefragt, welches ich nicht aus dem Kopf kann. Nsch Änderung des Passworts, wird ein einloggen bei Paypal verlangt, wo auch ein Passwort erfordelich ist. Ich komme uber Paypal app ohne Passworteingabe rein aber bei dieser drecks app muss ich es eingeben, ich kenne es nicht mehr!",Google Play Store,2026-09-25T09:15:33.291431+00:00
DB Navigator,de.hafas.android.db,db89d0f4-b4fa-485b-81db-38b5d5c64625,2026-09-19T15:50:04,4,"Funktioniert meistens gut. Schade, daß neben der eigenen BC nicht auch die der Ehefrau, evtl. auch der Kinder, angezeigt werden kann!?",Google Play Store,2026-09-25T09:15:33.291431+00:00
DB Navigator,de.hafas.android.db,a4a00bff-0821-45db-b26e-f6049db5cb8c,2026-09-19T15:01:22,5,Reservierung nachträglich buchen ...funktionierte prima auch für den Nachtzug war überrascht Danke und noch mehr für null Euro schön...,Google Play Store,2026-09-25T09:15:33.291431+00:00
DB Navigator,de.hafas.android.db,c3ea9bec-e3b6-49f3-8767-f45b327336e5,2026-09-19T14:48:48,5,Super günstig,Google Play Store,2026-09-25T09:15:33.291431+00:00
DB Navigator,de.hafas.android.db,11a1316c-0c16-46a0-9860-c7b3a92bf347,2026-09-19T14:02:48,1,Die Gleis Wechsel werden nicht mehr richtig angezeigt. Außerdem werden Teils Verbindungen gar nicht angezeigt. Da ist auch die schlechte NVV App besser.,Google Play Store,2026-09-25T09:15:33.291431+00:00
DB Navigator,de.hafas.android.db,f005a4d1-39b4-44c1-9cea-966736918a1d,2026-09-19T13:49:14,1,"es nervt, dass sich die app immer wieder zu unvorhergesehnen Zeiten aus dem Account ausloggt und man dann bei der ticketkontrolle Stress hat",Google Play Store,2026-09-25T09:15:33.291431+00:00
DB Navigator,de.hafas.android.db,8d7f5935-f9f0-4a6b-8c90-0661bf1c8e1a,2026-09-19T13:02:05,1,Das Mitführen von Fahrrädern wurde trotz Eingabe (Reisende: Fahrräder) nicht in den angebotenen Tickets und Optionen berücksichtigt. Wir mussten beim Schaffner im Zug nachlösen. Deshalb nur einen Stern.,Google Play Store,2026-09-25T09:15:33.291431+00:00
DB Navigator,de.hafas.android.db,88836f40-e2b1-4053-b878-e046b72b5ede,2026-09-19T11:59:36,3,Kreditkarte kann man nicht eintragen,Google Play Store,2026-09-25T09:15:33.291431+00:00
DB Navigator,de.hafas.android.db,8a4d6429-59fe-40f1-82fe-e155fd6cbfcc,2026-09-19T11:01:25,5,einfach und schnell,Google Play Store,2026-09-25T09:15:33.291431+00:00
DB Navigator,de.hafas.android.db,ea1613e5-0bbb-4ef1-826e-45ac27b79533,2026-09-19T10:36:02,5,mega bequem!,Google Play Store,2026-09-25T09:15:33.291431+00:00
DB Navigator,de.hafas.android.db,4dad6f69-e5e1-4eb2-b39d-2418a0f13c33,2026-09-19T09:43:28,5,schnell und unkompliziert,Google Play Store,2026-09-25T09:15:33.291431+00:00
DB Navigator,de.hafas.android.db,589f84ef-ae46-4eec-8cc9-3fdbc2bdc109,2026-09-19T09:02:52,1,"Absolute Unfug: Nachdem eine Buchung nicht funktioniert hat, war der Aktionsgutschein ungültig, konnte also bei der tatsächlichen Buchung nicht eingelöst werden. Was soll sowas?",Google Play Store,2026-09-25T09:15:33.291431+00:00
DB Navigator,de.hafas.android.db,8651d739-1896-4a8f-8110-dc1d82295e54,2026-09-19T08:52:18,1,"2x systemseitiger Abbruch, dann war das Ticket um 40 Euro teurer. Eine Unverschämtheit.",Google Play Store,2026-09-25T09:15:33.291431+00:00
DB Navigator,de.hafas.android.db,80dc79ab-f789-401c-8f70-9f7a279acc47,2026-09-19T07:04:30,1,"2 mal wollt ich ein ticket kaufen, 2 mal abgebucht jedoch kein ticket vorhanden bzw Buchungsfehler. Danke für nichts",Google Play Store,2026-09-25T09:15:33.291431+00:00
DB Navigator,de.hafas.android.db,d12c4753-b610-4391-b7e1-845ca24e5cd2,2026-09-19T06:51:16,4,ganz gut,Google Play Store,2026-09-25T09:15:33.291431+00:00
DB Navigator,de.hafas.android.db,fd7a8fb6-7510-48bc-83d2-2b8c0064635c,2026-09-19T06:45:33,3,bugs,Google Play Store,2026-09-25T09:15:33.291431+00:00
DB Navigator,de.hafas.android.db,0f74730a-8a6c-4c0a-994b-34afb8d50f6b,2026-09-19T04:53:35,1,"Auch gestern auf meinem Weg zur Arbeit wurde ich, trotz unzähliger einschlägigen Hinweisen und Beschwerden zu diesem Thema, von der APP ins Leere geschickt. Trotz:"" Gemerkter Verbindung"" wurde der baustellenbedingte Ausfall einer S Bahn nicht vor dem Beginn der Reise komuniziert. Dieses Problem hatte ich schon öfter. Offensichtlich ist es der DB vollkommen egal, ob und wie, die Fahrgäste an ihr Ziel kommen und pünktlich bei der Arbeit erscheinen. UNFASSBAR",Google Play Store,2026-09-25T09:15:33.291431+00:00
DB Navigator,de.hafas.android.db,567071fc-00f1-40ec-bf85-3d93ea54ac8a,2026-09-18T23:40:41,1,"Eben so, Beweisen kann ichs, dass die Hälfte von existierenden Verbindungen nicht angezeigt wird.",Google Play Store,2026-09-25T09:15:33.291431+00:00
DB Navigator,de.hafas.android.db,4193ff3a-b827-4d51-b7eb-436b37e698f3,2026-09-18T22:34:50,2,"Habe gerade versucht Tickets zu buchen. Ich habe dafür jetzt 5 Anläufe und 30 min gebraucht, weil ich, obwohl ich schon ewig bei der Bahn angemeldet bin mich erneut anmelden musste und ich dabei ständig rausgeworfen werde oder meine Buchung abgebrochen wird...",Google Play Store,2026-09-25T09:15:33.291431+00:00
DB Navigator,de.hafas.android.db,f887d9a5-9648-407c-8e6f-806c1e3f618a,2026-09-18T22:10:25,4,"Mir fehlt bei dieser App das Festhalten an eingegebenen Daten, wie Zielen, Zeiten, aber auch das Vor-Abspeichern von Zielen mit deren Zeiten.",Google Play Store,2026-09-25T09:15:33.291431+00:00
DB Navigator,de.hafas.android.db,3a927037-a9dd-4eeb-9d70-d897131976aa,2026-09-18T19:58:18,5,"Die APP ist gut, wenn dann auch die Züge nach Plan fahren würden. Es hat mich total aus der Bahn geworfen, weil ich durch umplanung so rennen musste, um den Zug in Esslingen nach Graz zu bekommen. landete im Krankenhaus!",Google Play Store,2026-09-25T09:15:33.291431+00:00
DB Navigator,de.hafas.android.db,c031fac8-0759-4179-9ed2-c879a2bcc1b1,2026-09-18T19:26:49,4,Hat gehackt bei der Stitzplatzbuchung und Bezahlen.,Google Play Store,2026-09-25T09:15:33.291431+00:00
DB Navigator,de.hafas.android.db,b183627f-b6c4-41f9-b99c-372467a5d9e8,2026-09-18T18:25:50,1,sehr schlecht gemacht ohne app kein kauf von tickets schaut mal bei öbb nach,Google Play Store,2026-09-25T09:15:33.291431+00:00
DB Navigator,de.hafas.android.db,3a972ecd-6a4e-4311-9444-c21699ea5f9f,2026-09-18T18:01:32,3,Platzreservierung erforderte Geduld und mehrere Anläufe. Gutschein wurde nicht akzeptiert.,Google Play Store,2026-09-25T09:15:33.291431+00:00
DB Navigator,de.hafas.android.db,0978d015-3608-4600-bc62-1495192f3d35,2026-09-18T16:57:12,2,"seit dem letzten update kann ich keine Tickets mehr über paypal kaufen, weil mir angeblich der Browser fehlt...",Google Play Store,2026-09-25T09:15:33.291431+00:00
DB Navigator,de.hafas.android.db,996cd7ed-e047-4e93-a7d9-3d49f19d8a74,2026-09-18T16:46:32,1,Zahlung klappt nicht immer zuverlässig und teilweise werden Umwege vorgeschlagen oder nähere Haltestellen nicht in Betracht gezogen,Google Play Store,2026-09-25T09:15:33.291431+00:00
DB Navigator,de.hafas.android.db,b2d4473e-b8d9-4ac5-9199-c21bb6b91878,2026-09-18T16:35:40,5,schnell und übersichtlich,Google Play Store,2026-09-25T09:15:33.291431+00:00
DB Navigator,de.hafas.android.db,278a3b30-708e-431f-8cdd-535d5ee3d358,2026-09-18T16:06:28,3,die App hat Probleme das Deutschland Ticket zu beachten. obwohl dieses hinterlegt ist.,Google Play Store,2026-09-25T09:15:33.291431+00:00
DB Navigator,de.hafas.android.db,b1eff930-6189-4298-9a4b-d54209a65d55,2026-09-18T15:47:24,4,momentan ist es nicht Möglich sich Anzumelden,Google Play Store,2026-09-25T09:15:33.291431+00:00
DB Navigator,de.hafas.android.db,5f5aa542-de69-4cb6-83cf-22e9a54f427b,2026-09-18T15:45:55,3,"Wirkt wie von einem 5. Klässler zusammengeklöppelt. Bezahlung wird über den Browser abgewickelt, hinzufügen von Karten funktioniert überhaupt nicht in der App weil die Felder nicht erscheinen. Alternativrouten finden ist zu umständlich und Verspätungen sind unzuverlässig und zu langsam angezeigt. Außerdem muss man sich regelmäßig neu anmelden (was auch über den Browser zu machen ist).",Google Play Store,2026-09-25T09:15:33.291431+00:00
DB Navigator,de.hafas.android.db,687fb457-6bb5-4f59-9da0-dab9b4d9ccb0,2026-09-18T11:21:59,2,"naja Kreditkarte hinzufügen ohne Eingabemaske und Deutschlandcard buchen endet mit der Fehlermeldung, dass der Browser nicht unterstützt wird obwohl die App in Verwendung ist. Danke.",Google Play Store,2026-09-25T09:15:33.291431+00:00
DB Navigator,de.hafas.android.db,73370d32-fcd6-4969-a514-2ca312e9ada1,2026-09-18T10:41:34,1,bekommt eure App mal wieder in griff in letzter Zeit werden Verspätungen die während der Fahrt passieren nicht mehr aktualisiert in meine Reisen,Google Play Store,2026-09-25T09:15:33.291431+00:00
DB Navigator,de.hafas.android.db,3eee581b-52e1-4d39-bc97-ac0cc080a715,2026-09-18T09:53:15,2,nicht verlässlich. Erst Pünktlich und dann schon mit 30 Minuten ab Startbahnhof,Google Play Store,2026-09-25T09:15:33.291431+00:00
DB Navigator,de.hafas.android.db,24d2960b-adc6-4a7d-bb80-413341c60f2d,2026-09-18T09:52:15,5,sehr schön,Google Play Store,2026-09-25T09:15:33.291431+00:00
DB Navigator,de.hafas.android.db,da6a5e7b-6049-43ed-8ac7-dd2b95b14933,2026-09-18T08:59:04,5,ne sehr treue App hätte wahrscheinlich schon 10 mal draußen geschlafen ohne die app,Google Play Store,2026-09-25T09:15:33.291431+00:00
DB Navigator,de.hafas.android.db,8872e8d0-6ef7-4cab-bdb4-81c3b90e6a30,2026-09-18T08:32:47,4,manchmal braucht es 2 App Neustarts um regionale bustickets zu buchen. aber ansonsten meistens top,Google Play Store,2026-09-25T09:15:33.291431+00:00
DB Navigator,de.hafas.android.db,867a0139-9e35-45d9-a55d-feccd91237d3,2026-09-18T07:54:09,5,"Übersichtlich, macht was sie soll.",Google Play Store,2026-09-25T09:15:33.291431+00:00
DB Navigator,de.hafas.android.db,a8dbf041-bc2c-4a86-a7c2-344cd1fa1a6f,2026-09-18T07:26:17,3,"Ich bekomme einen Gutschein geschickt, kann ihn aber in der App nicht einlösen, weil ""Systemfehler"" angezeigt wird. 5mal probiert, jedesmal Sitzplatzbuchung neu eingegeben, dann aufgegeben. Ist das gewünscht???",Google Play Store,2026-09-25T09:15:33.291431+00:00
DB Navigator,de.hafas.android.db,87262ee3-caaa-4d12-b329-694a52752902,2026-09-18T07:21:22,1,man kann sich nicht mehr einloggen nach einem Wechsel zu einem neuen Handy,Google Play Store,2026-09-25T09:15:33.291431+00:00
DB Navigator,de.hafas.android.db,365fbce5-057f-4262-ad44-fc92df9e6e16,2026-09-18T07:17:19,5,ich nutze die App regelmäßig und bin zufrieden,Google Play Store,2026-09-25T09:15:33.291431+00:00
DB Navigator,de.hafas.android.db,dabe6ba7-077e-4491-a145-71b73c5a2cdd,2026-09-18T06:23:34,5,immer top aktuell9,Google Play Store,2026-09-25T09:15:33.291431+00:00
DB Navigator,de.hafas.android.db,91a695b1-3497-444a-8aab-e3c85a65d6ca,2026-09-18T06:16:21,5,"Ich sehe, wie viele Menschen weltweit von diesem Programm profitieren. Mein Kommentar dazu ist: Es ist absolut fantastisch.",Google Play Store,2026-09-25T09:15:33.291431+00:00
DB Navigator,de.hafas.android.db,5d545dd7-8a94-4fa9-a78e-8774ef80558c,2026-09-18T05:05:10,2,"unübersichtlich, umständlich, unüberlegt programmiert. Bei Fragen, falls da überhaupt Interesse bestünde, gerne bescheid geben, dann konkretisieren ich das. Aber da wird sich eh nichts verbessern. Leider!",Google Play Store,2026-09-25T09:15:33.291431+00:00
DB Navigator,de.hafas.android.db,83cebbdb-7803-4360-98ae-8d9bccdfd70d,2026-09-18T04:56:36,2,"Findet auf Langstrecken langsamere Direktverbindungs-ICEs nicht, egal was man tut. Die fahren dann als leere Geisterzüge durch die Republik, während sich in den Navigator-Zügen die Leute stapeln. Einfach erbärmlich. Nachtrag: Die SNCF-App zeigt den Zug übrigens.",Google Play Store,2026-09-25T09:15:33.291431+00:00
DB Navigator,de.hafas.android.db,14c6d47f-549e-4eb1-b082-d435837f7964,2026-09-17T23:13:43,1,Benutzername oder Mail als Login sei möglich. Ich habe nur Benutzername parat. Wird abgelehnt. Rote Schrift: Ich soll Mailadresse eingeben. Eigentlich wollte ich nur eine Fahrt merken. Das würde technisch auch ohne Login gehen. Aber das verweigert die App.,Google Play Store,2026-09-25T09:15:33.291431+00:00
DB Navigator,de.hafas.android.db,6d29c8bc-c0b1-4c97-acba-2f789d399b1e,2026-09-17T22:08:11,1,Buchung wurde nicht akzeptiert,Google Play Store,2026-09-25T09:15:33.291431+00:00
DB Navigator,de.hafas.android.db,34f35911-4af8-4baa-96ae-480a09be8cf3,2026-09-17T21:04:15,5,Alles easy.,Google Play Store,2026-09-25T09:15:33.291431+00:00
DB Navigator,de.hafas.android.db,c89c55ca-10a0-4101-8c6d-d31355ca58b2,2026-09-17T20:49:51,2,"App hängt sich beim Bezahlen mit PayPal auf. Trotz Neustart, Cache leeren, bevorzugtes Zahlungsmittel setzen etc. kein Erfolg.",Google Play Store,2026-09-25T09:15:33.291431+00:00
DB Navigator,de.hafas.android.db,f0922115-b8a2-445b-a0b1-bf399bb7fcae,2026-09-17T20:07:33,5,War wie immer ohne Probleme.,Google Play Store,2026-09-25T09:15:33.291431+00:00
DB Navigator,de.hafas.android.db,3f054713-72e8-49ec-bd69-cacf805a0162,2026-09-17T18:32:02,2,"Leider war die Kreditkarten-Eingabe im Kauf-Prozess nicht möglich. An Stelle der Eingabe-Felder erschien nur ein weißer Strich :( (Ich bin von Fach und nicht blind...) Ich musste also notgedrungen mit PayPal zahlen. In meinem Profil hatte ich tatsächlich SEPA als bevorzugte Zahlungsart hinterlegt, was aber nicht angeboten wurde, warum auch immer??? Viele Grüße!",Google Play Store,2026-09-25T09:15:33.291431+00:00
DB Navigator,de.hafas.android.db,ef933bd3-2ce2-4ed5-ab30-3b1454402f56,2026-09-17T18:13:03,1,"Schlechter als besser...Nutzt mal die App und ihr seht manche probleme. Schlechteste App EVER!!! Seit langem stimmt nix mehr in der App bezogen auf Live Daten.... und dann diese Lügen bei Durchsagen am Gleis. Heute hieß es erst Entschärfung einer Fliegerbombe, dann ca 10 min später war es ein Schaden an der Oberleitung. Was sollen diese Lügen??? Werde Arbeit in der Nähe suchen. Hauptsache ich komme mit Bus, oder zu Fuß hin. Schämt sich die DB und deren Mitarbeiter eigentlich, oder ist man stolz?",Google Play Store,2026-09-25T09:15:33.291431+00:00
DB Navigator,de.hafas.android.db,348e0743-359a-4ddc-93a6-fb5c9826ff87,2026-09-17T17:59:39,1,Immer wieder furchtbar,Google Play Store,2026-09-25T09:15:33.291431+00:00
DB Navigator,de.hafas.android.db,539215f4-9765-4080-9388-babb8640164b,2026-09-17T17:00:27,5,Einfache Buchung der Tickets. Tickets sind übersichtlich aufgeführt. Günstige Preise möglich wenn es Angebote gibt. Bahnfahrt allerdings öfter mal mit Verspätung.,Google Play Store,2026-09-25T09:15:33.291431+00:00
DB Navigator,de.hafas.android.db,043f142e-d989-47db-8a9d-0a721ec3c5c1,2026-09-17T16:00:39,3,Diese App macht nicht das was sie soll es kann nicht sein wenn ich eine Bahnverbindung suche für den Tag X das er mir dann aber eine raus sucht für Tag Y. Meine Suche ist nur auf ein Tag beschränkt warum wird dann für Folge Tage rausgesucht dann braucht man auch nicht diesen Kalender. Dann solltet ihr das ändern wenn ich ein Filter für das Datum reinmachen möchte ich auch nur da suchen. Habe deswegen was falsches gekauft. Was nicht stornierbar war.,Google Play Store,2026-09-25T09:15:33.291431+00:00
DB Navigator,de.hafas.android.db,ea114aef-4237-41ef-9f46-37646e2ed6ef,2026-09-17T15:22:55,1,"Total umständlich, gefühlte tausend Tarifzonen, kann keine Fahrradkarte für 2 Personen kaufen - einfach nur mühsam!",Google Play Store,2026-09-25T09:15:33.291431+00:00
DB Navigator,de.hafas.android.db,eaa003d7-0f32-45db-b299-372c6f6bbd53,2026-09-17T15:09:37,5,Alles gut,Google Play Store,2026-09-25T09:15:33.291431+00:00
DB Navigator,de.hafas.android.db,bcc65522-fac0-4854-ad90-ba32b4c66dfb,2026-09-17T14:32:52,3,Die Einbindung des SEPA-Mandat scheitert an der Verknüpfung zu Verimi. Schade sonst gäbe es mehr Sterne.,Google Play Store,2026-09-25T09:15:33.291431+00:00
DB Navigator,de.hafas.android.db,9e67f0e8-dfd8-4af3-a3c7-7ef10e1bdba7,2026-09-17T14:11:42,1,undurchsichtige Rabattsysteme gepaart mir versteckten abofallen,Google Play Store,2026-09-25T09:15:33.291431+00:00
DB Navigator,de.hafas.android.db,9d8a63cb-4c53-4b60-824b-9ef9844b4450,2026-09-17T13:41:39,1,2 Busse ausgefallen. Keine Möglichkeit das Ticket zu stornieren. Keine Leistung und trotzdem bezahlt. Unterirdisch Die App zeigt auch keine richtigen Verbindungen mehr an. Für unser Gebiet absolut unbrauchbar,Google Play Store,2026-09-25T09:15:33.291431+00:00
DB Navigator,de.hafas.android.db,7de04403-5573-46db-9ff0-ff4bdda2cc8c,2026-09-17T12:50:13,1,Als Fahrplanauskunft total Sinnlos. Züge die im Bahnhof stehen werden als pünktlich angezeigt. Züge mit über 1 Stunden Verspätung werden als pünktlich angezeigt. Aktualisieren findet nicht statt.,Google Play Store,2026-09-25T09:15:33.291431+00:00
DB Navigator,de.hafas.android.db,d9178cb3-1fd6-4af6-8259-23d26d9703ee,2026-09-17T12:29:02,5,Schnell und einfach,Google Play Store,2026-09-25T09:15:33.291431+00:00
DB Navigator,de.hafas.android.db,623cf564-3e35-493d-9aa2-4e37a27ec82f,2026-09-17T11:59:33,4,"Nur noch das Deutschland-Ticket in die Google Wallet oder aufs Smartfone übertragen können, dann gäbe es 5 Sterne",Google Play Store,2026-09-25T09:15:33.291431+00:00
DB Navigator,de.hafas.android.db,f41a61ed-1ebc-4ac4-82d1-e3ea63c8435f,2026-09-17T11:40:18,1,nichts funktioniert hier!!!,Google Play Store,2026-09-25T09:15:33.291431+00:00
DB Navigator,de.hafas.android.db,66eabdc4-74db-4d75-9bcf-761ec117c805,2026-09-17T11:23:03,5,Sehr freundliches Personal. Zug pünktlich.,Google Play Store,2026-09-25T09:15:33.291431+00:00
DB Navigator,de.hafas.android.db,13eeafa2-6df9-483d-8f14-3464a98211b0,2026-09-17T11:21:49,5,"Die Benachrichtigungen zu meiner Fahrt sind nicht hilfreich, nicht durchführbar. Statt 1×Umsteigen, muss ich 3×Umsteigen, Abfahrt 1,5 Std früher, und in Realität durch Verspätungen nicht durchführbar. Die Information über die freie Zugwahl erfolgt am selben Tag. Der eingesetzte Schienenersatzverkehr wird auch am selben Tag noch nicht vorgeschlagen. Der ICE fällt aus, keine Benachrichtigung vor Ort, auch in der App ist er gefahren, mit 20 Minuten Verspätung. Alles normal. 2,5 Stunden Verspätung.",Google Play Store,2026-09-25T09:15:33.291431+00:00
DB Navigator,de.hafas.android.db,3f237167-33ef-4bad-8ddb-d839dd8149e4,2026-09-17T10:49:34,5,"Diese App nutze ich sehr oft um Reiseverbindungen einzusehen. Richtig toll finde ich, dass nicht nur der Zugverkehr angezeigt wird sondern auch z.B. S-Bahn und Busse, auch die regionalen Verkehrsverbindungen. Außerdem kann man über die App auch die Tickets direkt kaufen und den Komfort Checkin nutzen. Diese App ist definitiv eine der nützlichsten die ich kenne. 👍👍👍",Google Play Store,2026-09-25T09:15:33.291431+00:00
DB Navigator,de.hafas.android.db,151d394e-a4bc-4019-811f-694266dd705e,2026-09-17T10:29:41,2,"mehrfach erlebt, dass die App bei Tickets ins Ausland oder auch retuour die Dienste verweigert. über Browser hat es sofort funktioniert. interessant auch, dass die App mich nach meinem Namen und Alter fragt, obwohl ich angemeldet bin, in Browser dies voreingestellt ist. Bonuspunkte werden im Browser automatisch erfasst, in der App: Nein!",Google Play Store,2026-09-25T09:15:33.291431+00:00
DB Navigator,de.hafas.android.db,1a551550-f619-410a-a7ae-2f1efc2e5e1c,2026-09-17T09:53:16,5,Bin immer sehr gut informiert worden,Google Play Store,2026-09-25T09:15:33.291431+00:00
DB Navigator,de.hafas.android.db,f6c0c2e7-25f0-4a75-b426-8a4d0a439299,2026-09-17T09:51:59,5,Die App wird immer besser.,Google Play Store,2026-09-25T09:15:33.291431+00:00
DB Navigator,de.hafas.android.db,eb83d0e4-ee68-4466-bda2-b77f1cbb2904,2026-09-17T09:46:40,5,Platzreservierung ist sehr einfach durchzuführen,Google Play Store,2026-09-25T09:15:33.291431+00:00
DB Navigator,de.hafas.android.db,dd5bb2fb-0499-4274-92f1-91f027f808ae,2026-09-17T09:36:15,3,"ich soll immer wieder zu einer Bushaltestelle laufen die 15 Minuten entfernt ist obwohl 3 Minuten entfernt auch eine Bushaltestelle ist wo die gleiche Straßenbahn lang fährt, außerdem existiert meine Hausnummer nicht ich wohne in 29c es wird mir immer nur 29 angezeigt was einen großen Unterschied macht dann 29 nicht mal existiert.",Google Play Store,2026-09-25T09:15:33.291431+00:00
DB Navigator,de.hafas.android.db,20503571-fbfe-40cf-99e8-2e9f7bba03f8,2026-09-17T08:11:12,1,Ständig falsche Informationen,Google Play Store,2026-09-25T09:15:33.291431+00:00
DB Navigator,de.hafas.android.db,9005395c-ac36-4f08-aadf-c13c648d7b8f,2026-09-17T07:21:57,3,"Stornogutscheine sind in der App nicht hinterlegbar, leider vergesse ich sie. Habe gerade wieder ein Ticket gekauft und den Stornogutschein (den ich per Mail erhalten und ausgedruckt (!!!) hatte) vergessen. Wäre so einfach das in die App zu integrieren.",Google Play Store,2026-09-25T09:15:33.291431+00:00
DB Navigator,de.hafas.android.db,2fb42735-2bc1-455b-bbf6-e02e4f5992a8,2026-09-17T06:51:59,5,Fahrkarten buchen klappt super.,Google Play Store,2026-09-25T09:15:33.291431+00:00
DB Navigator,de.hafas.android.db,b59510c3-c1c4-4d34-9a64-3cfb649938a1,2026-09-17T05:36:04,1,"Wie und warum soll ich prüfen, ob die von Ihnen angebotene Alternative zum Ticket passt? Vor 50 Jahren war Bahn fahren zuverlässig, günstig unf hatte soziale Komponenten.",Google Play Store,2026-09-25T09:15:33.291431+00:00
DB Navigator,de.hafas.android.db,46b3a395-2457-49dd-841a-67b77495e0e8,2026-09-17T05:31:39,1,Genau so zuverlässig wie die Bahn selbst. Verspätungen werden zum Teil gar nicht angezeigt.,Google Play Store,2026-09-25T09:15:33.291431+00:00
DB Navigator,de.hafas.android.db,2f733229-6fd6-4e96-912a-72301a0ba0e8,2026-09-17T05:29:15,1,grauenhaft nichtmal die Rezession funkt.,Google Play Store,2026-09-25T09:15:33.291431+00:00
DB Navigator,de.hafas.android.db,1951f117-4fa6-4eba-b269-b412d9e240f2,2026-09-17T05:03:13,1,"zwischenzeitlich hat sich die Qualität der angegebenen Zeiten an die tatsächliche Qualität de Zugfahrten angeglichen was nützt die beste Software, wenn die Funktion wertlos ist",Google Play Store,2026-09-25T09:15:33.291431+00:00
DB Navigator,de.hafas.android.db,2f2c0c06-d626-4633-8f1c-15f8ad8b94e7,2026-09-16T23:06:01,1,mega umständlich und unzuverlässig,Google Play Store,2026-09-25T09:15:33.291431+00:00
DB Navigator,de.hafas.android.db,5fd7d0a1-c922-4300-a918-6eb4a7917cf3,2026-09-16T21:20:59,5,"Die vielen negativen Meinungen über die DB kann ich nicht teilen. Verspätungen sind immer mal, habe ich auch schon erlebt, na und. Ist man mit dem Auto unterwegs, wie sieht es im Straßenverkehr aus, das wird nicht hochgepuscht wie der Bahnverkehr.",Google Play Store,2026-09-25T09:15:33.291431+00:00
DB Navigator,de.hafas.android.db,3b6c4f01-6ff4-46b1-85ff-501192ba36da,2026-09-16T20:58:42,4,"Man muss sich beim der Buchung konzentrieren, aber sonst machbar.",Google Play Store,2026-09-25T09:15:33.291431+00:00
DB Navigator,de.hafas.android.db,1f9122e5-c2ee-46e0-86a1-be98f1e831b1,2026-09-16T17:45:58,5,"ist hilfreich vor allem bei spontanem Neuplanungsbedarf, der ja leider häufig vorliegt!",Google Play Store,2026-09-25T09:15:33.291431+00:00
DB Navigator,de.hafas.android.db,50b18585-f68e-4d07-a7ad-7c592828da54,2026-09-16T16:43:40,1,"App fragt in unplanbaren Abständen nach erneutem Login. Gerne genau dann wenn man sein Abo vorzeigen will bei einer Kontrolle und dann nicht ran kommt. Leider keine Integration in übliche Wallet-Apps unterstützt um dieses Problem zu umgehen. Hilft nur ein gespeicherter Screenshot. Bitter DB. An den Support: Ich nutze die App mehrmals im Monat, 180 Tage Inaktivität kommen nie zustande. Ich vermute eher, man wird alle 180 Tage hart abgemeldet?",Google Play Store,2026-09-25T09:15:33.291431+00:00
DB Navigator,de.hafas.android.db,072141fc-36b4-49ac-8310-5b497cdbffcf,2026-09-16T16:28:35,5,Übersichtliche und einfache Bedienung sowohl am PC als auch mit dem Handy.,Google Play Store,2026-09-25T09:15:33.291431+00:00
DB Navigator,de.hafas.android.db,c4be8023-1f12-49ac-805c-2a50b2429ca2,2026-09-16T16:10:01,4,"Zum Buchen und Ticketkauf gut. Verspätungen der Regionalzüge werden nicht mehr angezeigt, sobald der Zug abgefahren ist. Laut App fährt dann der Zug nach Plan und man kann sich nicht darüber informieren, wann man tatsächlich sein Ziel erreicht.",Google Play Store,2026-09-25T09:15:33.291431+00:00
DB Navigator,de.hafas.android.db,17ee409f-4b15-47d7-bf9d-861a91699805,2026-09-16T16:09:07,1,"Infos kommen viel zu spät man kann gar nicht so schnell auf Änderungen reagieren. So ein Chaos gibt es nirgends,😡",Google Play Store,2026-09-25T09:15:33.291431+00:00
DB Navigator,de.hafas.android.db,6054d281-cbf9-4244-bfee-e897042aa1c4,2026-09-16T15:30:32,1,Leider keine gute Anzeige auf den Bahnhöfen! Fahrzeiten werden nicht mehr Aktuell angezeigt.,Google Play Store,2026-09-25T09:15:33.291431+00:00
DB Navigator,de.hafas.android.db,a9860cfc-2acc-40a2-8fc7-088cf59be46d,2026-09-16T15:25:42,1,"Es ist mir unverständlich wie diese App so existieren kann. Info Weitergabe funktioniert nicht (Infos kommen zu spät oder gar nicht). zusätzlich weichen die Infos sehr oft von denen am Bahnhof ab. Die Erreichbarkeit der Züge wird sehr oft nur wage angegeben, Hauptsache sich die Pünktlichkeit Statistik schön lügen anstatt etwas zu verbessern. Im aktuellen Zustand ist die DB eine Belastung für den öffentlichen Nahverkehr. ""kleine Verzögerungen"" von bis zu 10 min (kein Einzelfall).",Google Play Store,2026-09-25T09:15:33.291431+00:00
DB Navigator,de.hafas.android.db,1baf8ebc-dc90-4509-bb73-ab5f18062fbd,2026-09-16T15:07:32,1,"Saftladen das alles. Zeigt an der zug ist schon vor 20 minuten angekommen während wir noch 2 Haltestellen zurück stehen und warten müssen. Die App ist so unnötig, da gewinnt man eher beim Lotto",Google Play Store,2026-09-25T09:15:33.291431+00:00
DB Navigator,de.hafas.android.db,db8f5c97-2336-4339-8bd2-8215cde0bd9e,2026-09-16T12:40:42,1,"total schlimm ,mein Abo bzw. mein Deutschlandticket wird nicht angezeigt ,ich zahle an die DB und die konne mir nicht sagen wo mein Deutschlandticket ist obwohl ich seit 1,5 Jahren jeden Monat an die Geld überweise...",Google Play Store,2026-09-25T09:15:33.291431+00:00
DB Navigator,de.hafas.android.db,0aea4b56-de93-45be-8809-0cab35fe5304,2026-09-16T12:08:01,5,klappt immer super,Google Play Store,2026-09-25T09:15:33.291431+00:00
DB Navigator,de.hafas.android.db,7e79dc44-9163-4ef8-a15d-edce3ac95145,2026-09-16T12:07:20,1,Die App funktioniert genau so gut wie der Rest bei der Bahn. Liebe Steuergeldverschwender einfach die App mal selber benutzen.,Google Play Store,2026-09-25T09:15:33.291431+00:00
DB Navigator,de.hafas.android.db,15fcff53-a683-4fd0-b16c-f766d5a4ff75,2026-09-16T10:17:14,5,"Ein unverzichtbarer Helfer,wenn man Bahn ÖPNV nutzt.",Google Play Store,2026-09-25T09:15:33.291431+00:00
DB Navigator,de.hafas.android.db,b4a19269-5b86-4a65-a53a-57a7736d2458,2026-09-16T09:36:04,1,Zeigt Verbindungen an die auf Grund von Verspätungen gar nicht funktionieren können! Was soll das? So ist die App völlig nutzlos!,Google Play Store,2026-09-25T09:15:33.291431+00:00
DB Navigator,de.hafas.android.db,d868d11b-9ed8-44de-b9ef-0ed0eef1033f,2026-09-16T09:32:08,5,Mittlerweile richtig gut 👍,Google Play Store,2026-09-25T09:15:33.291431+00:00
DB Navigator,de.hafas.android.db,62e93b79-954f-4648-8f4b-c3bada8ca509,2026-09-16T08:57:03,5,Super schnelle Buchung danke,Google Play Store,2026-09-25T09:15:33.291431+00:00
DB Navigator,de.hafas.android.db,0bd7443b-c8f3-4308-8052-08bff1ec8984,2026-09-16T07:31:28,1,die größten Abzocker EUW,Google Play Store,2026-09-25T09:15:33.291431+00:00
DB Navigator,de.hafas.android.db,b0a2d610-d7b3-4cb1-9028-3764a4a53c98,2026-09-16T05:47:32,4,"die App an sich nicht schlecht. allerdings werden Verbindungen nicht optimal angezeigt. ständig muss man Optionen und zwischenhalte überprüfen, was an den Verspätungen liegt",Google Play Store,2026-09-25T09:15:33.291431+00:00
DB Navigator,de.hafas.android.db,3e8cf92b-73a2-4cef-8a6a-ffd74178390a,2026-09-15T21:14:29,5,"Finde die App tut, was sie soll. Updates zur Fahrauskunft sind schnell. Macht die Verspätung nicht besser, aber zumindest weiß ich als Erste, wo das neue Gleis ist. Gemerkte Reisen sind etwas umständlich zu löschen, sonst top",Google Play Store,2026-09-25T09:15:33.291431+00:00
DB Navigator,de.hafas.android.db,4895d889-9029-45e5-a531-fe446603f47e,2026-09-15T21:01:01,5,"Einige praktische Verbesserungen gegenüber älterer Version, z.B. Prämien Auswahl während der Buchung",Google Play Store,2026-09-25T09:15:33.291431+00:00
DB Navigator,de.hafas.android.db,283c4551-e6b9-42e3-ad3b-33b4617b6810,2026-09-15T20:19:08,2,Gestern bei der Preisrecherche 6.99 heute beim Buchen 12.99 unverschämt,Google Play Store,2026-09-25T09:15:33.291431+00:00
DB Navigator,de.hafas.android.db,037810f2-fd9e-417a-a357-989f5eac1a44,2026-09-15T19:24:33,1,Kundenkonten lassen sich sehr schlecht ändern verwalten. Alt Benutzernamen also keine E-Adressen lassen sich nicht löschen. insgesamt sehr bedienerunfreundlich!,Google Play Store,2026-09-25T09:15:33.291431+00:00
DB Navigator,de.hafas.android.db,53444599-591c-4572-9dec-7b4f9d2a760c,2026-09-15T19:18:26,5,"super app, geil!",Google Play Store,2026-09-25T09:15:33.291431+00:00
DB Navigator,de.hafas.android.db,ab2d3015-b45c-40ae-8183-eaf0756973b8,2026-09-15T19:04:20,1,"Eine Fahrplanänderung der gebuchten Fahrt führt zur Stornierung der Reservierungen. Das ist für Fahrradreservierungen fatal, da man nicht einfach mit dem nächsten ICE fahren kann. Dass die Änderung nur der gestrichene Halt am Einstiegsbahnhof ist, wird nicht anzeigt. Stunden später sind die Reservierungen wieder verfügbar.",Google Play Store,2026-09-25T09:15:33.291431+00:00
DB Navigator,de.hafas.android.db,c38b09ca-5e7d-4df3-a604-b69c8fc1c65d,2026-09-15T18:36:15,1,3 Gutscheine im Bezahlvorgang gefressen...großartig,Google Play Store,2026-09-25T09:15:33.291431+00:00
DB Navigator,de.hafas.android.db,f8449b39-aa3b-40d9-b2c0-ea504e92fac7,2026-09-15T18:20:51,5,Super,Google Play Store,2026-09-25T09:15:33.291431+00:00
DB Navigator,de.hafas.android.db,2947e475-28f4-4832-a08e-c13f2503fe94,2026-09-15T18:09:53,2,06/2024 - 08/2026 (!!!!) Updateinfos bitte hier im App-Store. 09/2026 - Informationen zu den erfolgten Änderungen. 👍,Google Play Store,2026-09-25T09:15:33.291431+00:00
DB Navigator,de.hafas.android.db,49aa3942-0d4f-4dda-9fa9-5cdc909c98af,2026-09-15T17:08:01,4,"die Anbindung an Bahn Bonus könnte besser, aber sonst wirklich einfach und auch preistransparent.",Google Play Store,2026-09-25T09:15:33.291431+00:00
DB Navigator,de.hafas.android.db,d5777990-87a3-42a3-891e-0e16eb67b066,2026-09-15T16:47:44,1,"Online Kauf... eines Deutschlandtickets... Zahlungsoptionen sind lausig.... Planung mit dem DB Navigator ist überflüssig. Ca. 50 % der Verbindungen verspätet sich derart, dass die App anzeigt, die gewählte Verbindung ist nicht mehr befahrbar. Der Anschluss wird verpasst. Geduld, Zeit und der Hang zum Glücksspiel sind nötig aber keine App...leider.",Google Play Store,2026-09-25T09:15:33.291431+00:00
DB Navigator,de.hafas.android.db,eb5711a8-9fb3-4060-a33f-16e64c2fd49f,2026-09-15T15:06:04,1,"Stürzt ab, wenn es dann geht ist die Fahrt teurer!",Google Play Store,2026-09-25T09:15:33.291431+00:00
DB Navigator,de.hafas.android.db,84f8b9cb-c8a1-4ff7-99ab-5b3eb09e403d,2026-09-15T14:57:41,1,"update. geht nicht, ist absoluter Schrott. Ich habe schnellste Verbindung ausgeschaltet. Nur werden mir trotzdem etliche Verbindungen nicht angezeigt, obwohl die Fahrzeit zum Teil nocch nicht mal 5 Minuten länger ist. Ich muss das immer mit Zwischenhalten überprüfen, das ist umständlich hoch zehn! Start Weilburg Ziel Frankfurt via Mal Eschhofen, Niederbrechen, Gießen, Wetzlar, Grävenwiesbach. Abruftag ist egal, passiert jeden Wochentag",Google Play Store,2026-09-25T09:15:33.291431+00:00
DB Navigator,de.hafas.android.db,4d3b687d-910d-4147-9c9d-1fc6436b6080,2026-09-15T14:30:31,5,"Für meine unregelmäßigen Fahrten kann ich mich seit 1,5 Jahren nicht beschweren.",Google Play Store,2026-09-25T09:15:33.291431+00:00
DB Navigator,de.hafas.android.db,13cea948-2ae1-4200-87ee-f33f164b447d,2026-09-15T13:56:49,1,Ich kann jeden schwarz Fahrer verstehen. online banking einzurichten funktioniert garnicht. baut mehr Automaten wenn ihr wollt das leute tickets ziehen,Google Play Store,2026-09-25T09:15:33.291431+00:00
DB Navigator,de.hafas.android.db,b96f706f-68a0-43bf-b72c-02b78260cbd7,2026-09-15T13:37:30,5,"Toll, gut gestaltet!",Google Play Store,2026-09-25T09:15:33.291431+00:00
DB Navigator,de.hafas.android.db,2167b574-ec55-42cf-9ab8-e3e782964df1,2026-09-15T12:00:47,5,Top,Google Play Store,2026-09-25T09:15:33.291431+00:00
DB Navigator,de.hafas.android.db,dc18988c-4402-4ee3-a8c4-3b9252e661f5,2026-09-15T11:45:06,5,Sehr praktisch,Google Play Store,2026-09-25T09:15:33.291431+00:00
DB Navigator,de.hafas.android.db,c4a76396-ad84-49fa-bf1b-92482e6dbd01,2026-09-15T10:07:19,5,hervorragend,Google Play Store,2026-09-25T09:15:33.291431+00:00
DB Navigator,de.hafas.android.db,22dd3f13-c893-4238-af11-b9402d878d57,2026-09-15T09:58:09,1,Zahlung meines tickets für 49€ hat nicht geklappt. beim 2. Versuch hat es dann 59€ gekostet. diese Zahlung ging sofort.,Google Play Store,2026-09-25T09:15:33.291431+00:00
DB Navigator,de.hafas.android.db,4018d473-ebf8-44d7-b665-a9cccff187ec,2026-09-15T09:30:01,1,"Die neue App ist jetzt besser als am Anfang. Aber den Sparpreis-Finder gibt es nicht mehr. Diese neue Bestpreissuche ist nicht so gut. Die wollen nicht, dass man billige Tickets einfach findet. Die Angaben in der App über Verspätungen stimmen oft nicht mit dem Bahnhof überein. In München habe ich deswegen schon Züge verpasst.",Google Play Store,2026-09-25T09:15:33.291431+00:00
DB Navigator,de.hafas.android.db,64dc9f28-dabe-49bb-9604-ab2e06d57d5e,2026-09-15T09:08:04,1,"Beim Erstellen des benutzerlogins wird gefragt, ob Einstellungen speichern. Die App wartet meine Antwort nicht ab sondern geht gleich weiter. In der App gibt es keinen Punkt, wo ich das nachholen kann",Google Play Store,2026-09-25T09:15:33.291431+00:00
DB Navigator,de.hafas.android.db,f604f1ad-fec0-47d7-a2bf-2f4a76ddfe6b,2026-09-15T08:27:59,1,"Für diese App das Wort ""Echtzeit"" zu benutzen, ist einfach nur lächerlich! Oft steht der Zug als am vorigen Bahnhof abgefahren (mit Zeit) drin. Paar Minuten später ist er plötzlich nach nicht an dem Vorvorletzen Bahnhof angekommen. Es müsste doch im Zeitalter der Digitalisuerung möglich sein, jederzeit zu wissen, wo sich ein Zug gerade befindet!!!",Google Play Store,2026-09-25T09:15:33.291431+00:00
DB Navigator,de.hafas.android.db,a778064b-9993-4a0b-9b3d-ab9700aeac4e,2026-09-15T08:18:24,1,Die S6 (S-Bahn Hannover) wird im DB Navigator nicht angezeigt. Beim Mitbewerber schon.,Google Play Store,2026-09-25T09:15:33.291431+00:00
DB Navigator,de.hafas.android.db,bd924b25-1580-449f-af82-9e2dd5ed0e31,2026-09-15T07:58:08,2,das Hinzufügen einer U-Bahn Anschlussverbindung zu einer ICE-Buchung führt dazu dass bestimmte Eis gar nicht mehr angezeigt werden Punkt da U-Bahn auf dem 5 bis 10 Minuten Takt fahren ist es völlig inakzeptabel.,Google Play Store,2026-09-25T09:15:33.291431+00:00
DB Navigator,de.hafas.android.db,575504e9-879b-4d3f-902d-d99f35f6c302,2026-09-15T06:43:04,5,hat super geklappt,Google Play Store,2026-09-25T09:15:33.291431+00:00
DB Navigator,de.hafas.android.db,8a2213d1-2747-494b-bee5-3325fd30a35d,2026-09-15T05:58:48,5,"Ich bin nach langer Zeit mal wieder mit der Bahn gefahren und bin wirklich positiv überrascht. Der Service war toll, der Zug war pünktlich und sauber, umsteigen war kein Problem. Der Preis unschlagbar! Gerne wieder!",Google Play Store,2026-09-25T09:15:33.291431+00:00
DB Navigator,de.hafas.android.db,80c29098-e925-4fc1-bd92-c99fafd6038a,2026-09-15T04:01:05,5,Bahnfahren ist Abenteuerurlaub. Ich fahre gerne mit der Bahn,Google Play Store,2026-09-25T09:15:33.291431+00:00
DB Navigator,de.hafas.android.db,3f50573d-b1f5-49a5-b3bd-32852e9493ea,2026-09-14T22:49:58,2,"Es werden jetzt die Hinweistexte zur Verbindung (Hindernisse, Bauarbeiten etc.) scheinbar nurnoch in der Übersicht angeigt. Allerdings nur gekürzt, z.B: ""Zwischen Karlsruhe und Mannheim wird b..."" - da hat sich sicher jemand einen tollen Text überlegt, und auf dem 32""-Display des Entwicklers sieht das auch super aus. Die Zielgruppe, Menschen mit Smartphones wird dabei verfehlt. Da kann man den ungekürzten Text nicht finden.",Google Play Store,2026-09-25T09:15:33.291431+00:00
DB Navigator,de.hafas.android.db,e16a767a-39bb-426c-8794-f3219e92fd1c,2026-09-14T19:49:35,5,Sehr zu empfehlen!,Google Play Store,2026-09-25T09:15:33.291431+00:00
DB Navigator,de.hafas.android.db,256cdec6-5a63-4943-9da3-dde15046e6c4,2026-09-14T18:20:25,1,Frustrierend gepaart mit kompletter Intransparenz. Z.B. kann trotz deklarierter Option der Spar Preis 2 Tage vor Abfahrt nicht storniert werden.,Google Play Store,2026-09-25T09:15:33.291431+00:00
DB Navigator,de.hafas.android.db,7e599265-46e6-41c2-91b2-1f74a4ab30cf,2026-09-14T17:54:45,5,"Gute App, einfach zu handeln.",Google Play Store,2026-09-25T09:15:33.291431+00:00
DB Navigator,de.hafas.android.db,884e2bfe-ead0-4cc7-af67-a4b98fbbbba0,2026-09-14T17:11:41,2,"Lief bis jetzt eigentlich gut, nur jetzt komme ich nicht mehr in meine Gebuchten Tickets rein, weil ich ständig auf die Seite komme wo ich mich anmelden soll, nur wenn ich mich dann anmelde lädt die Seite neu und ich soll mich nochmals anmelden das geht die ganze Zeit so. Bitte Fixen dann geh ich wieder hoch mit den Sternen",Google Play Store,2026-09-25T09:15:33.291431+00:00
DB Navigator,de.hafas.android.db,a9c7c5ee-2ce4-4a1f-a92d-06cea76545ce,2026-09-14T16:00:51,5,sehr gut 👍 zufrieden,Google Play Store,2026-09-25T09:15:33.291431+00:00
DB Navigator,de.hafas.android.db,d22b9e62-32bb-49bb-8e94-fbf2cab9b225,2026-09-14T15:31:47,1,"Wie kann es sein, dass die app so unfähig ist und es nichtmal hinbekommt, dass die aktuellen Verspätungen anzeigt werden? ich kann doch nicht in der app eine pünktliche Abfahrt anzeigen, und dann am gleis eine verspätung von 30 minuten 🤦‍♂️",Google Play Store,2026-09-25T09:15:33.291431+00:00
DB Navigator,de.hafas.android.db,aaffd0f6-bd17-47fd-ac28-308ff9c04d8f,2026-09-14T15:05:31,3,"Bisher viele gute Erfahrungen, doch aktuell mehr Ärger. Passende Streckenoptionen teilweise nur mit eigener Kenntnis von Alternativen zu finden. Ansonsten verschwendet man viel Zeit mit Fahrten / Warten. Neuerdings werden Warnungen für Strecken angezeigt, aber ich finde keine Details. Warnungen zu Verspätungen / Änderungen abonnierter Routen können max 120min im Voraus angegeben werden. Viel zu spät, um Alternativen z.Bsp. für den Arbeitsweg oder Termine zu finden. Ausbaufähig.",Google Play Store,2026-09-25T09:15:33.291431+00:00
DB Navigator,de.hafas.android.db,8093296e-8d88-4296-ae79-eae9411cbea2,2026-09-14T14:44:58,1,"Seit Wochen gibt es Nachmittags keine Aktualisierung im Nahverkehr, speziell bei S-Bahnen im Rhein-Main Raum. Es macht den Eindruck als ob man Verspätungen in den Statistiken verschleiern will. App unzuverlässig und stark eingeschränkt nutzbar.",Google Play Store,2026-09-25T09:15:33.291431+00:00
DB Navigator,de.hafas.android.db,c394e9d5-d71c-47a8-8cac-379601b88e45,2026-09-14T14:36:44,4,"Die App kann erstaunlich viel. Okay, heute hat sie den Bahnsteigwechsel erst genannt, als ich schon am richtigen Bahnsteig im Zug saß. Kommt aber normalerweise selten vor. Heute habe ich entdeckt, dass man auch jede Menge Infos zu den Bahnhöfen bekommt. Toiletten, Lifts, Shoppingmöglichkeiten.",Google Play Store,2026-09-25T09:15:33.291431+00:00
DB Navigator,de.hafas.android.db,cbdc7d87-7f59-4c80-baeb-0abf03c97d5e,2026-09-14T14:26:33,1,"Langsam frage ich mich wirklich, für wie dumm die Deutsche Bahn ihre Kunden eigentlich hält. Mein Freund und ich wollen die gleiche Fahrt buchen sitzen nebeneinander und haben die gleichen Einstellungen und trotzdem ist sein Ticket deutlich günstiger. Wie kann es sein, dass für dieselbe Strecke völlig unterschiedliche Preise verlangt werden? Das ist weder transparent noch kundenfreundlich. Ich erwarte eine klare Erklärung.",Google Play Store,2026-09-25T09:15:33.291431+00:00
DB Navigator,de.hafas.android.db,d3c8d9cb-b698-4de9-b55e-5a00b64dcca1,2026-09-14T13:51:56,1,Ich würde lieber null Sterne geben. ist alles viel zu kompliziert.,Google Play Store,2026-09-25T09:15:33.291431+00:00
DB Navigator,de.hafas.android.db,09c37cef-23bb-40ae-9444-5eb4e8ece510,2026-09-14T13:45:35,5,"Funktioniert, einfach und schnell!",Google Play Store,2026-09-25T09:15:33.291431+00:00
DB Navigator,de.hafas.android.db,5a953163-7f9a-4b06-b5ba-24c89b6940ea,2026-09-14T12:47:47,1,"absolut ungeeignete App um ein Deutschland Ticket zu bestellen ! ich musste dort mein bankkonto verifizieren mit Benutzername und Passwort ! und was ist dabei rausgekommen ? eine abofalle von clarity Check !!! zuerst wurden zu Verifizierung nur 50 Cent abgebucht und 10 Tage später Bucht der Verein 30 € von meinem Konto ab, für nichts und wieder nichts ! und als Krönung konnte ich über diese App noch nicht mal vernünftig ein Deutschland Ticket kaufen !!! Anzeige bei der Polizei läuft !!!",Google Play Store,2026-09-25T09:15:33.291431+00:00
DB Navigator,de.hafas.android.db,28891072-ee38-4ce1-9711-d8f81d72e836,2026-09-14T12:03:26,3,"Sehr gute App. Nur Verspätung werden zu spät oder gar nicht angezeigt was wirklich stört. Gleis wechsel werden auch sehr kurzfristig angezeigt was sehr viel stress verursacht. ich musste mich sehr oft ""neu"" anmelden was sehr störend ist. teilweise werden auch viel zu komplizierte Verbindungen angezeigt obwohl es viel leichtere gibt. Ansonsten eine sehr gute App und das D Ticket funktioniert auch sehr gut. Nur bitte die Probleme mit der Verspätung ändern",Google Play Store,2026-09-25T09:15:33.291431+00:00
DB Navigator,de.hafas.android.db,7485851d-d2e8-41a2-8ac4-f2a7ea8873e7,2026-09-14T11:50:32,1,"Größtes Problem der App ist: Verspätungen werden nicht direkt von Anfang an ehrlich angezeigt, sondern man beginnt mit 5 Fake-Minuten, dann 10, 15, 20 min usw. und steigert sich dann langsam immer weiter. Das macht es auf einer größeren Reise gerade auch für eingeschränkte Menschen absolut unmöglich, rechtzeitig alle Anschlusszüge zu erreichen und weiter zu planen. Es wäre schon viel gewonnen, Verspätungen von Anfang an ehrlich anzugeben und nicht nach und nach immer weiter zu erhöhen!",Google Play Store,2026-09-25T09:15:33.291431+00:00
DB Navigator,de.hafas.android.db,39f74059-5beb-4250-9594-d3c8cb053e21,2026-09-14T11:04:03,5,Alles super,Google Play Store,2026-09-25T09:15:33.291431+00:00
DB Navigator,de.hafas.android.db,208f95c3-e922-4042-b11c-22531ba794b8,2026-09-14T11:02:09,1,ivh habe für die Buchung 30 min gebraucht weil der Zahlungsprozess am Bahnhof Pforzheim mit der App nicht funktionierte unterwegs im RE klappte es nach 30 Versuchen.,Google Play Store,2026-09-25T09:15:33.291431+00:00
DB Navigator,de.hafas.android.db,55dc0470-aab5-472e-a7c3-7b5ef7fe1555,2026-09-14T09:46:06,5,absolut super,Google Play Store,2026-09-25T09:15:33.291431+00:00
DB Navigator,de.hafas.android.db,f8524c06-5e86-4efb-b277-96b96fb88998,2026-09-14T09:17:01,1,"Um bei der DB App ein D-Ticket zu kaufen, braucht man ein NFC fähiges Handy. Ist mein Handy nicht. Vielleicht wäre es nett, die Nutzer darauf VORHER hinzuweisen? Auch dass die DB nur EINE EINZIGE ID-App (BUND) akzeptiert, obwohl man eine fertige ID auf dem Handy hat, ist vom Service her unterirdisch. Die Identifikation erfolgt erst NACHDEM man auf JETZT KAUFEN gedrückt hat und schon alle Bankdaten und Einverständniserklärungen abgegeben hat. Danach erfährt man nicht ob der Kauf gilt. Schlimm!",Google Play Store,2026-09-25T09:15:33.291431+00:00
DB Navigator,de.hafas.android.db,ba797539-b767-4d62-bc5c-83e85f0f1ed6,2026-09-14T07:54:12,5,super Service danke,Google Play Store,2026-09-25T09:15:33.291431+00:00
DB Navigator,de.hafas.android.db,c9b652c3-706c-40dd-8e69-834b3f63f3da,2026-09-13T22:33:39,1,"Aktualisierungen der Reise passieren teilweise erst nach Fahrtantritt, Preise innerhalb der App vollkommen überteuert, Performance im allgemeinen sehr fraglich. Am liebsten -20/10 Sterne für das kaputt gesparte Unternehmen",Google Play Store,2026-09-25T09:15:33.291431+00:00
DB Navigator,de.hafas.android.db,21aa2cf5-5291-4c9c-950c-6c026ab83e43,2026-09-13T21:43:58,1,Zu Komplizierte Handhabung und unübersichtliche Reisepläne.,Google Play Store,2026-09-25T09:15:33.291431+00:00
DB Navigator,de.hafas.android.db,7ad17570-6cd0-4cc0-bdd8-06fcf500cd62,2026-09-13T20:26:12,1,Genauso langsam wie die Bahn selbst. Nach Eingabe der Zugangsdaten endloser Kreisel ohne dass es weiter geht. Qualität wie man sie von der DB kennt,Google Play Store,2026-09-25T09:15:33.291431+00:00
DB Navigator,de.hafas.android.db,f3986605-ca89-4f46-9a40-6c194708fa98,2026-09-13T19:12:15,2,Seit ein paar Tagen werden keine busverbindungen mehr angezeigt im vgn Bereich...obwohl die Busse durch unser Dorf durchfahren,Google Play Store,2026-09-25T09:15:33.291431+00:00
DB Navigator,de.hafas.android.db,11fc6d54-9fb1-4b68-90ee-9ad472472dd5,2026-09-13T18:27:38,1,warum ist hier auf einmal Bonvoyo eingestellt als Default???,Google Play Store,2026-09-25T09:15:33.291431+00:00
DB Navigator,de.hafas.android.db,282a982d-5ed8-4f9d-9f95-8406c0b4abaa,2026-09-13T17:18:57,5,"Eigentlich bin ich mit der App sehr zufrieden. Vom Ticketkauf bis zu Informationen klappt alles wunderbar. Nur leider wird aktuell in der Suche die Klasse nicht mehr gespeichert. Sie ändert sich immer von der gewünschten 1.Klasse nach Neustart der App auf die 2.Klasse. Das war bis vor kurzem nicht so, da auch alle anderen Suchkriterien gespeichert bleiben.",Google Play Store,2026-09-25T09:15:33.291431+00:00
DB Navigator,de.hafas.android.db,5ada368c-1066-4282-b789-e9f5390c9e6d,2026-09-13T17:15:26,1,"Nutze die App viel und finde sie eigentlich erstaunlich gut, intuitiv und sxhneller als so manche Bahndurchsage. 2 Sterne Abzug für einen Fehler in App: eine neue KK lässt sich nicht anlegen, die Screen lässt sich nicht mehr scrollen zur Eingabe der Daten (Samsung S25). Damit kann ich gerade nichts mehr darüber buchen. bitte schnellstmöglich beheben! UPDATE: Auch nach meiner Meldung an das Technik Team vor über 1 Woche kein Update. SEPA geht jetzt auch nicht. Kann die App komplett vergessen.",Google Play Store,2026-09-25T09:15:33.291431+00:00
DB Navigator,de.hafas.android.db,6915172c-6cbd-43d3-9fa3-05f723682a48,2026-09-13T16:16:01,5,Hat bis jetzt alles sehr gut geklappt .,Google Play Store,2026-09-25T09:15:33.291431+00:00
DB Navigator,de.hafas.android.db,9284e60f-010d-480a-9bd1-2cafa26b01f4,2026-09-13T14:27:43,5,sehr gut DB,Google Play Store,2026-09-25T09:15:33.291431+00:00
DB Navigator,de.hafas.android.db,b7d37697-08dc-4885-be41-d17321566088,2026-09-13T13:08:23,3,Eine mühsame Reservierung. Ich weiß es immer noch nicht ob ich Platz habe. Unzufrieden!,Google Play Store,2026-09-25T09:15:33.291431+00:00
DB Navigator,de.hafas.android.db,651536ee-950d-4231-b8b9-e4d6d1df10b4,2026-09-13T11:40:31,3,Kann meine neue Kreditkarte nicht ḥochladen. Fragt immer sofort nach der Zahl auf der Rückseite.,Google Play Store,2026-09-25T09:15:33.291431+00:00
DB Navigator,de.hafas.android.db,0717e5e3-178a-40cd-901d-bdfcd4101fb8,2026-09-13T11:19:16,5,mittlerweile funktioniert die App super,Google Play Store,2026-09-25T09:15:33.291431+00:00
DB Navigator,de.hafas.android.db,b2ed9b3d-9805-42e1-8d36-e6073a69b97b,2026-09-13T10:57:30,5,Top App!,Google Play Store,2026-09-25T09:15:33.291431+00:00
DB Navigator,de.hafas.android.db,0a08acd7-fa0b-4a9c-94ec-fb520e8dd5b0,2026-09-13T10:08:20,5,Es war heute sehr schnell. Danke dafür 👍,Google Play Store,2026-09-25T09:15:33.291431+00:00
DB Navigator,de.hafas.android.db,a9806b7a-9955-45a0-bd42-1a947e6c14a3,2026-09-13T09:51:44,1,"Die schlechteste App auf dem gesamten App markt. Jede Buchung muss man mehrfach durchführen. Bei jeder Buchungsdurchführung treten Fehler auf und man darf den kompletten Vorgang wiederholen. Das schlimmste allerdings ist, dass dabei mein Gutschein mit der Storck Kooperation ungültig wurde, da ich ihn beim 1. Buchungsvorgang bereits eingegeben habe, dieser abgebrochen ist und bei der 2. Buchung nicht mehr verwendet werden konnte. Eine unglaubliche Frechheit.",Google Play Store,2026-09-25T09:15:33.291431+00:00
DB Navigator,de.hafas.android.db,2bf7eac8-c103-4866-b1b1-4aa5760c868d,2026-09-13T08:46:51,5,like all DB apps I have used this works extremely well.,Google Play Store,2026-09-25T09:15:33.291431+00:00
DB Navigator,de.hafas.android.db,00230a6d-7b36-467d-be7a-5075f33aaa44,2026-09-13T08:37:00,1,"mann kann sich keine Tickets kaufen weil die app verbugged ist und man immer zu einer Server error weiter kommt, top db was ne schlechte Kompany",Google Play Store,2026-09-25T09:15:33.291431+00:00
DB Navigator,de.hafas.android.db,9dcc55b7-fdde-4036-a0c3-aa06fbb06270,2026-09-13T08:28:32,5,gut,Google Play Store,2026-09-25T09:15:33.291431+00:00
DB Navigator,de.hafas.android.db,16864593-f40a-4533-9ef4-cae71186040f,2026-09-13T07:44:15,2,der System soll noch viel verbessert werden,Google Play Store,2026-09-25T09:15:33.291431+00:00
DB Navigator,de.hafas.android.db,ba78a1cb-fb67-4444-a069-2fe69ef17210,2026-09-13T07:25:08,5,Kann ich nur empfehlen,Google Play Store,2026-09-25T09:15:33.291431+00:00
DB Navigator,de.hafas.android.db,ffa87bdf-ff54-4307-9985-2ccd32583667,2026-09-13T06:33:19,5,"schnell, günstig und komfortabel",Google Play Store,2026-09-25T09:15:33.291431+00:00
DB Navigator,de.hafas.android.db,b7fa7ccf-3482-4acd-8b66-a67c8c643adb,2026-09-13T06:28:06,5,gut,Google Play Store,2026-09-25T09:15:33.291431+00:00
DB Navigator,de.hafas.android.db,539742ab-8c3c-4d3a-97a5-5ed6768add64,2026-09-12T22:19:37,1,"Es war leider nicht möglich, die zuvor für die Hinfahrt gekaufte Probebahncard für die Rückfahrt zu verwenden",Google Play Store,2026-09-25T09:15:33.291431+00:00
DB Navigator,de.hafas.android.db,34cc19f8-0fc2-4e9f-8ea3-3272a4a38e85,2026-09-12T21:44:19,5,Zufrieden,Google Play Store,2026-09-25T09:15:33.291431+00:00
DB Navigator,de.hafas.android.db,fa1eab24-4d3f-4f85-ba92-5b150156066b,2026-09-12T18:14:20,4,Die Buchung ist einfach und übersichtlich.,Google Play Store,2026-09-25T09:15:33.291431+00:00
DB Navigator,de.hafas.android.db,4e431fe6-7fea-4ebb-85b2-8f6ad45a5064,2026-09-12T17:19:21,4,war nicht pünktlich,Google Play Store,2026-09-25T09:15:33.291431+00:00
DB Navigator,de.hafas.android.db,d946d3b2-c16b-4bc4-a9ea-0e80d6a749c3,2026-09-12T16:31:45,5,Buchung prima geklappt,Google Play Store,2026-09-25T09:15:33.291431+00:00
DB Navigator,de.hafas.android.db,4571fec6-6c6d-4b5a-afe3-a5f87c0e3614,2026-09-12T16:15:32,3,"zu unübersichtlich und Kauf per Lastschrift nicht möglich, obwohl das in der Vergangenheit immer möglich war. Das geht definitiv kundenfreundlicher!",Google Play Store,2026-09-25T09:15:33.291431+00:00
DB Navigator,de.hafas.android.db,e71e9977-2b3a-4187-8e6e-67e322b9888a,2026-09-12T14:51:11,5,Buchung im Navigator und Zahlungsabwicklung problemlos. Ticket auf Smartphone gut lesbar mit Anschluß Verbindungen und Gleisen.,Google Play Store,2026-09-25T09:15:33.291431+00:00
DB Navigator,de.hafas.android.db,b5375ec8-7fe4-4bcb-b430-7cbf24bb0b04,2026-09-12T14:24:48,1,Die deutsche Bahn ist das unzuverlässigste Unternehmen Deutschlands.,Google Play Store,2026-09-25T09:15:33.291431+00:00
DB Navigator,de.hafas.android.db,7245d571-fe79-4ba9-83d0-36bc679211c7,2026-09-12T13:24:55,5,ich finde den DB Navigator richtig cool. für mich funktioniert der astrein. verspätungen werden angezeigt. Erinnerungen werden angezeigt. Bahnkarte direkt am Handy. Fahrkarte direkt über das Handy. PERFEKT 😃👍,Google Play Store,2026-09-25T09:15:33.291431+00:00
DB Navigator,de.hafas.android.db,df532053-5029-4ac3-a19f-0a08339ed3a9,2026-09-12T13:14:39,4,"Die App wäre perfekt, wenn man das Ticket auch im Google Wallet aufbewahren könnte...",Google Play Store,2026-09-25T09:15:33.291431+00:00
DB Navigator,de.hafas.android.db,903abe74-2cd1-4d80-8dc2-c0e2ddffcce2,2026-09-12T13:06:12,2,Ich kann leider die App nicht voll nutzen da Zahlungsmittel nicht akzeptiert werden,Google Play Store,2026-09-25T09:15:33.291431+00:00
DB Navigator,de.hafas.android.db,7044aea0-f874-4b43-a610-3ed0d1a49978,2026-09-12T12:17:11,1,momentan kann ich keine Tickets in der App kaufen.,Google Play Store,2026-09-25T09:15:33.291431+00:00
DB Navigator,de.hafas.android.db,7710cab2-5c97-4930-b7a0-042c06ac16a3,2026-09-12T11:39:50,1,"Ankunftszeit wird im DB Navigator schon seit fast einer Stunde anders angezeigt, als im Zug selbst (knapp 30 Minuten Unterschied!). Nach Auskunft des Zugbegleiters ist die im Zug angezeigte Ankunftszeit die richtige. Wie idiotisch ist das denn bitte?",Google Play Store,2026-09-25T09:15:33.291431+00:00
DB Navigator,de.hafas.android.db,5db31c3f-e9b0-42cc-aad7-866d748fa7b3,2026-09-12T10:21:40,5,"Man kann über die Bahn schimpfen, wie man will, aber die App ist wirklich gut. Hatte noch nie technische Probleme, sie ist übersichtlich, intuitiv und funktional. Komfort-Checkin ist auch eine nette Funktion. Bitte nicht verschlimmbessern!",Google Play Store,2026-09-25T09:15:33.291431+00:00
DB Navigator,de.hafas.android.db,3d38da34-24cf-44a4-851c-559babfe02d4,2026-09-12T09:15:37,2,Keine aktuellen Meldungen über Zug Ausfälle,Google Play Store,2026-09-25T09:15:33.291431+00:00
DB Navigator,de.hafas.android.db,6b7dd060-50b7-4533-8e24-85a14aa1ea29,2026-09-12T08:14:11,5,danke,Google Play Store,2026-09-25T09:15:33.291431+00:00
DB Navigator,de.hafas.android.db,1bf98211-99ab-4d5f-9ce2-92631ee9dd29,2026-09-12T07:46:37,4,eigentlich ganz gut,Google Play Store,2026-09-25T09:15:33.291431+00:00
DB Navigator,de.hafas.android.db,623bc860-c4af-4598-b886-a583776384ad,2026-09-12T06:20:42,5,"Einwandfrei, Top",Google Play Store,2026-09-25T09:15:33.291431+00:00
DB Navigator,de.hafas.android.db,2a7bec4d-b0e5-4138-b16d-08b16edaacf3,2026-09-12T06:06:52,1,wenn das auch immer funktionieren würde mit dem Ticketkauf...!!!!!,Google Play Store,2026-09-25T09:15:33.291431+00:00
DB Navigator,de.hafas.android.db,e06ef77f-17d1-49db-9532-9bbc4e6f4406,2026-09-12T05:25:45,4,"Manchmal wird unvorbereitet nach dem Passwort gefragt, das kann unterwegs zur Schwierigkeit werden",Google Play Store,2026-09-25T09:15:33.291431+00:00
DB Navigator,de.hafas.android.db,231e9eea-bb28-4c4c-9418-2b7cad52ca1b,2026-09-11T19:28:33,5,"mega, ich liebe die App",Google Play Store,2026-09-25T09:15:33.291431+00:00
DB Navigator,de.hafas.android.db,15c8df32-0053-4d49-9026-8929eec72ec0,2026-09-11T19:13:38,4,"zeigt die Reisedauer der gespeicherten Reisen nicht an. Teilt man die Reise oder lädt sie in einen Kalender, dann steht die Reisedauer in der Info.",Google Play Store,2026-09-25T09:15:33.291431+00:00
DB Navigator,de.hafas.android.db,7005a305-f981-4cf9-97e1-59cac193f2bb,2026-09-11T18:44:52,5,einwandfreie Buchung,Google Play Store,2026-09-25T09:15:33.291431+00:00
DB Navigator,de.hafas.android.db,8d94ede1-3198-426c-8132-1d98260ced94,2026-09-11T18:38:57,1,"Anmeldung nicht mehr möglich, davor konnte ich keine Käufe in der App mehr tätigen und die Bonuscard wurde auch nicht mehr aktualisiert, seit Monaten. Zusatz: Die Desfunktion der App hat die Bahnmitarbeiter nicht interessiert, musste draufzahlen, kein Verständnis. Ich fahre keine Deutsche Bahn mehr. Man bezahlt das Ticket mit der Bahncard zusätzlich, die App spinnt nur rum und die BahnCard wird nicht angezeigt. Dann wird man automatisch abgemeldet und die Anmelden geht über App auch nicht mehr.",Google Play Store,2026-09-25T09:15:33.291431+00:00
DB Navigator,de.hafas.android.db,532aeb91-0ed8-4364-abd1-275e88ede55f,2026-09-11T18:03:06,5,Alles bestens,Google Play Store,2026-09-25T09:15:33.291431+00:00
DB Navigator,de.hafas.android.db,6fd7977a-b95a-4279-8983-fbbd4d7ae8ab,2026-09-11T17:43:29,5,lief diesmal gut 👍,Google Play Store,2026-09-25T09:15:33.291431+00:00
DB Navigator,de.hafas.android.db,c057e83f-84d9-4a9e-b65b-2f33baa90caf,2026-09-11T17:41:25,1,app zwar ok aber bahn komplett daneben,Google Play Store,2026-09-25T09:15:33.291431+00:00
DB Navigator,de.hafas.android.db,252b7685-af7a-4425-a090-6499fee135cb,2026-09-11T16:38:22,2,konnte keine KreditKarte hinterlegen und nicht damit zahlen und die Rückfahrt muss ich auch separat kaufen; aber immerhin ging's,Google Play Store,2026-09-25T09:15:33.291431+00:00
DB Navigator,de.hafas.android.db,d80ece02-39bb-43b5-815e-033042888c54,2026-09-11T16:25:59,2,"Es wäre schön, wenn die App auch mal alle möglichen Verbindungen anzeigen würde, und nicht nur die gängigsten. Habe jetzt 2h länger fahren müssen als geplant, weil die App die verfügbaren Alternativen einfach erst nach dessen Abfahrt angezeigt hat.",Google Play Store,2026-09-25T09:15:33.291431+00:00
DB Navigator,de.hafas.android.db,94b93763-8a09-4f4f-9694-88d2ece9564f,2026-09-11T15:52:29,2,"Das Schlimme ist, die App als solche funktioniert wahrscheinlich. Und wenn ein angeblich pünktlicher Zug sich regelmäßig mehrere Stationen zurück teleportiert und urplötzlich eine Stunde Verspätung hat, liegt das wahrscheinlich eher am gnadenlosen Versagen der Fahrdienstleitung. Was leider fast täglich vorkommt. Wenn man die irgendwann gegen eine KI ersetzt, wird auch diese App deutlich zuverlässiger arbeiten. Da bin ich sicher.",Google Play Store,2026-09-25T09:15:33.291431+00:00
DB Navigator,de.hafas.android.db,24f5acf2-b95a-4491-a2e6-37610dff0d8f,2026-09-11T15:32:23,3,"Hunde in der Bahn müssen Maulkorb tragen.... Zweibeiner auch, finde ich",Google Play Store,2026-09-25T09:15:33.291431+00:00
DB Navigator,de.hafas.android.db,d08e0e22-f1e8-4996-8f33-aa48c1c6a477,2026-09-11T15:29:18,1,The app does not sync with the realtime schedule. It shows wrong information on departures and tracks. If you rely on it you risk missing your train or catching a slower than necessary connection.,Google Play Store,2026-09-25T09:15:33.291431+00:00
DB Navigator,de.hafas.android.db,cb8dc27f-81f1-4f30-b94e-4c11aec7970e,2026-09-11T15:21:40,1,Sehr kompliziert,Google Play Store,2026-09-25T09:15:33.291431+00:00
DB Navigator,de.hafas.android.db,0d651670-a439-45e2-a372-9ab4f2d40f6d,2026-09-11T14:32:28,1,man kann keine neue Kreditkarte hinzufügen.,Google Play Store,2026-09-25T09:15:33.291431+00:00
DB Navigator,de.hafas.android.db,41b1c237-4457-497c-b885-555a279e8d63,2026-09-11T14:10:55,1,"ich werde es ändern, wenn ihr es schafft störungen oder Bauarbeiten die längere Zeiten andauern und dadurch bestimmte Haltestellen entfallen richtig in der App zu zeigen. Anstatt das man wie gewohnt eine Route nimmt und dann vor Ort feststellen muss das es doch nicht klappt.",Google Play Store,2026-09-25T09:15:33.291431+00:00
DB Navigator,de.hafas.android.db,cdfaea7e-6511-4246-b92e-1078ffb5d833,2026-09-11T12:59:22,4,ohne,Google Play Store,2026-09-25T09:15:33.291431+00:00
DB Navigator,de.hafas.android.db,c50046c6-4c13-416f-ba97-49e55a6b59fe,2026-09-11T11:56:20,1,"AUF DER VERBINDUNGSÜBERSICHT WERDEN IN ROTER SCHRIFT HINWEISE EINGEBLENDET. DIESE SIND ALLERDINGS NICHT VOLLSTÄNDIG LESBAR / EINFACH ABGESCHNITTEN! TIPPT MAN DARAUF ÖFFNET SICH DIREKT DIE VERBINDUNG. VON DEM HINWEIS FEHLT DORT ALLERDINGS JEDE SPUR!!! WIE WÄRE ES, WENN MAN DIREKT IN DER ÜBERSICHT AUF DEN HINWEIS TIPPEN KANN UND DIESEN DANN VOLLSTÄNDIG LESEN KANN?! ZU VIEL VERLANGT?!",Google Play Store,2026-09-25T09:15:33.291431+00:00
DB Navigator,de.hafas.android.db,9f8b4e2c-7f27-4607-926b-117dd437bbd5,2026-09-11T11:29:46,2,"Sehr überschaubar die App. Sehr leicht zu bedienen. Der Informationsfluss wann Züge kommen bzw ob überhaupt, ohne Beachtung das kein Zug mehr pünktlich ist, ist richtig schlecht. Als Fahrgast merkt man leider zu oft noch vor der DB bzw der App das wieder die unpünktlich siegt.",Google Play Store,2026-09-25T09:15:33.291431+00:00
DB Navigator,de.hafas.android.db,0dacd2b7-4874-4bab-b314-00dba2ae28fc,2026-09-11T11:26:50,5,ich fahre diese Strecke schon seit vielen Jahren. Mit Ruhe und Gelassenheit kommt man sicher ans Ziel. Keine Hektik wenn mal ein Zug ausfällt oder so. DER NÄCHSTE ZUG KOMMT BESTIMMT BIN EINE RENTNERIN VON 78 JAHREN. ich wünsche allen eine gute Fahrt!,Google Play Store,2026-09-25T09:15:33.291431+00:00
DB Navigator,de.hafas.android.db,9af36659-158c-4e72-a505-99af1a2e0832,2026-09-11T10:52:48,2,"WARUM kann man bei der Platzbuchung nicht sehen in welcher Richtung der Zug fährt? ANTWORT auf die Reaktion: dann könnte man aber wenigstens eine Vorhersage treffen oder anzeigen, wann sich die Wagenrichtung vorraussichtlich ändern wird.",Google Play Store,2026-09-25T09:15:33.291431+00:00
DB Navigator,de.hafas.android.db,2c467eb8-c636-4596-b20b-cc2f24f3be56,2026-09-11T09:36:21,4,"Ich nutze die App seit heute und bin begeistert. Fahrten speichern. Einfache Suche für das Deutschlandticket. Pop-Ups zum Umstieg oder andere Meldungen. Ich wollte die App nach meiner Reise eigentlich wieder löschen, nix da. 😉",Google Play Store,2026-09-25T09:15:33.291431+00:00
DB Navigator,de.hafas.android.db,2038c224-0119-484a-8e2e-ee07e52d0a02,2026-09-11T09:11:42,1,"Das Grauen! Ich würde am liebsten -5 Sterne geben. Ich glaube ich fahre ab jetzt nur noch Auto, da kann der Sprit auch 5€ kosten. Immer zu spät und wenn man ein Ticket online kauft bekommt man es nicht und muss noch zahlen für schwarz fahren.",Google Play Store,2026-09-25T09:15:33.291431+00:00
DB Navigator,de.hafas.android.db,a97874de-0650-4a2e-b46a-3628149aa720,2026-09-11T07:47:53,1,Ich mag keine Apps!,Google Play Store,2026-09-25T09:15:33.291431+00:00
DB Navigator,de.hafas.android.db,bdceb7e5-3416-4fca-97bb-d0b8d723c928,2026-09-11T06:40:47,5,funktioniert wie er soll,Google Play Store,2026-09-25T09:15:33.291431+00:00
DB Navigator,de.hafas.android.db,886c38fa-7f66-4da5-b37a-952fc0f0764a,2026-09-11T06:33:12,5,"Mittlerweile funktioniert die App hervorragend! Die Buchungen sind jetzt einfacher als am Automaten. So, wie ich es mir vorstelle.",Google Play Store,2026-09-25T09:15:33.291431+00:00
DB Navigator,de.hafas.android.db,2ec52874-8eb8-48aa-bd32-de194b21b523,2026-09-11T04:54:55,1,Die App ist leider genau so unzuverlässig wie die Züge selbst.,Google Play Store,2026-09-25T09:15:33.291431+00:00
DB Navigator,de.hafas.android.db,9ea7ab9f-9840-431f-94b5-118c3455caa2,2026-09-11T03:45:08,3,"Die roten Störungsmeldungen bei Zugasufällen und co sind seit dem Update nur noch in der Übersicht sichtbar (und dort nicht vollständig) klicke ich auf meine geplante Verbindung, ist die Meldung weg, dann kann man nur noch die geplanten Bauarbeitenstörungen sehen aber nicht die akuten Störungen",Google Play Store,2026-09-25T09:15:33.291431+00:00
DB Navigator,de.hafas.android.db,2b9214db-f05a-4bf6-b934-9684d11b87a8,2026-09-10T20:35:57,5,einfache Art Fahrkarten zu kaufen,Google Play Store,2026-09-25T09:15:33.291431+00:00
DB Navigator,de.hafas.android.db,a1957411-0445-490c-a9e2-ecc5bcfd5fb1,2026-09-10T19:59:48,1,"undurchsichtig, man muss zwingend rückfahrt auswählen , auch wenn man nicht weiß welchen zug man nehmen, unklar, ob man nach der buchung diesen nehmen muss. teils krass unterschiedliche preise, ohne Erklärung. ich wollte heute nur hin/rück nach Erfurt buchen, hat mich mehrere Stunden gekostet, weil kein Kombiticket mit freier Rückfahrt buchbar war. man laptop gar keine chance, mit ausländischen PC gibts immer fehlermeldungen. bin massiv genervt.",Google Play Store,2026-09-25T09:15:33.291431+00:00
DB Navigator,de.hafas.android.db,9d83c83c-02ac-4567-bb79-450e4b93c47b,2026-09-10T19:39:29,2,aber bis auf das man belogen wird alles was stimmt ist das die Bahn bei der App schummelt kann nicht sein dass eine Bahn 20 Minuten vorher fährt und ich schaue nochmal 5 Minuten vorher und dann fährt sie nicht mehr an 5 Minuten später da hat man sich schon dran gewöhnt aber es Nervt und ich kann nur sagen nicht nur Mich 🥺,Google Play Store,2026-09-25T09:15:33.291431+00:00
DB Navigator,de.hafas.android.db,272272df-3099-4655-801a-582f6a2ae03e,2026-09-10T19:13:28,5,flott 😀,Google Play Store,2026-09-25T09:15:33.291431+00:00
DB Navigator,de.hafas.android.db,bc180c10-9cd6-4e43-9944-643db45f947e,2026-09-10T18:24:11,3,nicht jeder Schritt im Menü ist selbst erklärend,Google Play Store,2026-09-25T09:15:33.291431+00:00
DB Navigator,de.hafas.android.db,4cb23826-abca-4770-a619-aa6a595bc87f,2026-09-10T18:13:01,1,"Nachdem ""Feedback"" in der App nun 3x abgestürzt ist . . . nun auf diesem Wege: Auf die DB-App sollte man sich nicht verlassen. Mein heutiger ICE wurde bis zum Fahrtende am Frankfurter Flughafen in der App mit lediglich 5 Min. Verspätung angezeigt. Angekommen ist er mit 50 Min. Verspätung. Bei der Deutschen Bahn ist Verspätung NORMAL geworden. Pünktlichkeit die Ausnahme. Und die DB App ist keine Hilfe. Mir geht viel Lebenszeit verloren. Mein Auto habe ich vor 30 Jahren abgeschafft. Leider!",Google Play Store,2026-09-25T09:15:33.291431+00:00
DB Navigator,de.hafas.android.db,782f965a-92d2-4804-8b87-2d9b806a3cb3,2026-09-10T18:05:10,5,Keine Probleme bisher gehabt,Google Play Store,2026-09-25T09:15:33.291431+00:00
DB Navigator,de.hafas.android.db,073ab7c4-c39e-4ea6-8ea7-42828c68e8a8,2026-09-10T17:46:15,1,ständig neu einloggen und das aktuelle Passwort funktioniert nicht... ihr bekommt auch nichts auf die Reihe,Google Play Store,2026-09-25T09:15:33.291431+00:00
DB Navigator,de.hafas.android.db,8a86b3bf-4881-40f8-a5eb-947f8bd5f04a,2026-09-10T17:20:30,1,Ich habe zweimal versucht eine Reise zu buchen. Es gab zweimal technische Probleme. Also habe ich es drittes Mal probiert und der Preis war plötzlich doppelt so hoch. Wollt ihr so Kunden gewinnen? Ich komme mir echt für blöd verkauft vor.,Google Play Store,2026-09-25T09:15:33.291431+00:00
DB Navigator,de.hafas.android.db,92c31735-2da1-42ff-91a9-10a83b3343f5,2026-09-10T15:53:30,5,Bin sehr zufrieden,Google Play Store,2026-09-25T09:15:33.291431+00:00
DB Navigator,de.hafas.android.db,5699740d-2184-4123-97e0-c8373973ace6,2026-09-10T15:04:17,4,Sehr hilfreich bei öfterer Fahrt mit der Bahn mit Bonusprogrammen. Manchmal leider mit technischen Problemen.,Google Play Store,2026-09-25T09:15:33.291431+00:00
DB Navigator,de.hafas.android.db,347b1896-2288-4926-8a6a-34edf4bcb8dd,2026-09-10T14:23:02,5,Hat alles Super funktionert,Google Play Store,2026-09-25T09:15:33.291431+00:00
DB Navigator,de.hafas.android.db,cdc55439-8a9e-410f-9af4-c7201b7e53a1,2026-09-10T13:39:04,4,Umstiegszeit am Hbhf Wiesbaden Bussteig B zu Bussteig 3 ist mit 4 Minuten nur durch rennen erreichbar?,Google Play Store,2026-09-25T09:15:33.291431+00:00
DB Navigator,de.hafas.android.db,0dc90e29-4577-4808-babd-60ee4fb0cb52,2026-09-10T13:38:38,1,Katastrophal,Google Play Store,2026-09-25T09:15:33.291431+00:00
DB Navigator,de.hafas.android.db,0dc456d3-fc90-41e9-895e-53c5dce0e1cb,2026-09-10T10:07:11,5,ziemlich gut und verlässlich,Google Play Store,2026-09-25T09:15:33.291431+00:00
DB Navigator,de.hafas.android.db,630dc9a3-2dee-41c6-bbdb-18cb90858355,2026-09-10T08:35:24,1,Fahrradtagesticket NRW wird nicht zum Kauf auf der App angeboten.,Google Play Store,2026-09-25T09:15:33.291431+00:00
DB Navigator,de.hafas.android.db,81998e5e-cf7d-43ba-99c8-94c734fa82db,2026-09-10T07:41:25,2,Fahrradkarte ist kaum zu finden 😞,Google Play Store,2026-09-25T09:15:33.291431+00:00
DB Navigator,de.hafas.android.db,62c44578-790c-44a3-8134-932c04a03257,2026-09-10T07:14:51,5,"Bisher alles super! Funktioniert, macht was es soll und da mir aktuell keine Verbesserung einfällt, gibt's die vollen 5.",Google Play Store,2026-09-25T09:15:33.291431+00:00
DB Navigator,de.hafas.android.db,ee2eb298-833b-4b4c-b200-47cb469ac90a,2026-09-10T06:11:03,5,Super schnell,Google Play Store,2026-09-25T09:15:33.291431+00:00
DB Navigator,de.hafas.android.db,4c482754-5e91-4598-95fa-d81c3565c8f0,2026-09-10T05:36:59,1,ich habe diese app eigentlich nur für das Deutschland ticket (welches vom Preis jetzt auch wieder angehoben wird). Um Zugverbindungen und Verspätungrn anzuzeigen ist die app jedoch völlig nutzlos. während ich das hier schreibe zeigt mein Zug an das er nach einer vier minütigen Verspätung angefahren ist. Fakt ist jedoch das ich hier nach 15 Minuten immernoch warte und nicht weiß ob er nun überhaupt noch kommt oder wann... sehr enttäuschend,Google Play Store,2026-09-25T09:15:33.291431+00:00
DB Navigator,de.hafas.android.db,5c3388f2-f5b1-40a4-9c79-f640caa6817d,2026-09-09T23:25:50,1,"Zahlung abgebrochen, aber KK dennoch belastet.",Google Play Store,2026-09-25T09:15:33.291431+00:00
DB Navigator,de.hafas.android.db,050d5d98-e849-4165-8c84-c153e5766e22,2026-09-09T22:14:08,5,👍🏽,Google Play Store,2026-09-25T09:15:33.291431+00:00
DB Navigator,de.hafas.android.db,4ac895e2-075b-431d-a87c-ec3ea9c95421,2026-09-09T19:54:36,4,Gefühlt nach jedem Öffnen der App bzw. speichern einer Verbindung muss man sich erneut anmelden...,Google Play Store,2026-09-25T09:15:33.291431+00:00
DB Navigator,de.hafas.android.db,c23bb6d3-acfc-4eab-a936-f05d20e25bd4,2026-09-09T18:24:59,4,Absolut solide! Gut gemacht,Google Play Store,2026-09-25T09:15:33.291431+00:00
DB Navigator,de.hafas.android.db,9db63716-b637-4ec7-aae5-6b052cd90444,2026-09-09T15:58:56,1,Ticket Buchungen sind häufig nicht möglich. Umbuchung des Zuges bei ausfällen auch nicht.,Google Play Store,2026-09-25T09:15:33.291431+00:00
DB Navigator,de.hafas.android.db,c084918f-ec7a-43ec-8e1e-c3034d931436,2026-09-09T15:41:48,5,selbstverständliche Erklärung,Google Play Store,2026-09-25T09:15:33.291431+00:00
DB Navigator,de.hafas.android.db,c1c69c3f-9b07-4930-b440-b3080e55618c,2026-09-09T15:24:41,5,top,Google Play Store,2026-09-25T09:15:33.291431+00:00
DB Navigator,de.hafas.android.db,e9cbfcfd-6290-4c1d-8d7b-c1f7a2de5fc4,2026-09-09T15:10:58,5,Buchung war einfach.,Google Play Store,2026-09-25T09:15:33.291431+00:00
DB Navigator,de.hafas.android.db,2600e427-5d69-4809-a8ad-4838198dd01c,2026-09-09T14:22:51,1,"Die App könnte ja was taugen um eine günstige Verbindung zu finden und zu kaufen, wenn bei der Bestpreis-Suche nicht alle günstigen Ergebnisse Teilstrecken-Tickets wären, die man ja nicht haben möchte und nur ausversehen kauft und dann plötzlich im FLX mit dem Schaffner diskutierten darf, warum man kein gültiges Ticket hat. Leider gibt es keine Option Teilstrecken-Tickets auszublenden, somit finde ich in der Unordnung keine Option die günstiger ist als mit dem Auto zu fahren, schade.",Google Play Store,2026-09-25T09:15:33.291431+00:00
DB Navigator,de.hafas.android.db,be4aaa8b-fc8a-4c39-9053-67776bf384e7,2026-09-09T10:54:26,4,"Der Zug hat zwar ab und zu etwas Verspätung, ist jedoch meistens pünktlich um von A nach B zu kommen.",Google Play Store,2026-09-25T09:15:33.291431+00:00
DB Navigator,de.hafas.android.db,c19133b2-8d01-4cf2-9e94-8308a43c0c1a,2026-09-09T09:27:03,5,"Sehr gut, das vorhandene Deutschlandticket wird bei der Preisberechnung eingespeist.",Google Play Store,2026-09-25T09:15:33.291431+00:00
DB Navigator,de.hafas.android.db,73bf91a0-1bb9-4863-80fb-17053e13e506,2026-09-09T09:08:03,1,"Der DB Navigator hat den Busstreik in Lübeck gestern und heute nicht vermerkt. Da erwartet der Kunde VIEL MEHR Transparenz. Nichts Allgemeines, Sondern: Fährt mein Bus? Die Rohdaten sind doch abrufbar. Wo hakt es wieder?",Google Play Store,2026-09-25T09:15:33.291431+00:00
DB Navigator,de.hafas.android.db,1805126e-6039-40f2-9bcf-f5c7b57ce9f4,2026-09-09T07:48:01,2,"Bin Neukunde und frage mich, warum man in der App keine Kreditkarte einfügen kann. Nach mühseligen Recherchen habe ich erfahren, dass das nur bei einem konkreten Ticketkauf oder über die DB-Website geht. Ob es nun Gründe dafür gibt oder nicht, wäre es doch nett, wenn man diese Information von der App selbst bekäme. Unter ""Kreditkarte hinzufügen"" bekommt man momentan nur Infos, wo man die Prüfnummer findet🤪. Da ich jetzt dadurch den Zug vetpasst habe, der übrigens ausnahmsweise pünktlich fuhr, h",Google Play Store,2026-09-25T09:15:33.291431+00:00
DB Navigator,de.hafas.android.db,0d9e353d-b60c-4126-9be7-055c256bf75e,2026-09-09T07:29:40,1,seit dem Update keine Zahlung mehr möglich . Nimmt Karte nicht. Sepa nicht angeboten .. . Ergänzung: hatte 3secure eingerichtet. Über die DB homepage dann gebucht ... Fazit für mich: nächstes mal gleich so .... übrigens: das Ticket is dann gleich in der App erschienen .... das scheint zu gehen .... Ergänzung2: Es handelte ich um eine ganz normale Reisebuchung von A nach B .... wie gesagt: über die Homepage ging es .. Danke für alle Antworten des Navigator-Teams...,Google Play Store,2026-09-25T09:15:33.291431+00:00
DB Navigator,de.hafas.android.db,30ee03fc-6970-436e-8a48-9e1b20b07c55,2026-09-09T07:24:21,5,"Übersichtlich, einfach zu bedienen, läuft zuverlässig, Informationen zu Verspätungen etc. erscheinen schnell. Bin zufrieden mit der App.",Google Play Store,2026-09-25T09:15:33.291431+00:00
DB Navigator,de.hafas.android.db,3e4db46d-85c4-4b72-b12c-6ff0bd8d542f,2026-09-09T06:28:21,1,"einloggen ist immer ein Problem, mit Passworterkennung und ebenso bevorzugte Bezahlung, die plötzlich nicht akzeptiert wird",Google Play Store,2026-09-25T09:15:33.291431+00:00
DB Navigator,de.hafas.android.db,1938e5f8-3194-44b5-a242-46005a16f183,2026-09-09T06:03:12,5,"Obwohl ich nicht technikaffin bin, komme ich mir der DB App sehr gut klar - rasche, übersichtliche Informationen mit Alternativen Verbindungen machen das Reisen und ihre Planung 😁 zum Vergnügen.",Google Play Store,2026-09-25T09:15:33.291431+00:00
DB Navigator,de.hafas.android.db,487b792e-6adf-418e-b763-87edbcec99cf,2026-09-09T05:46:02,1,"Die App ist ganz in Ordnung, ein bisschen schade dass wenn die eigentliche Verbindung (mal wieder!) Verspätung hat keine Alternative angeboten wird und die Informationen teilweise erst stark verspätet im Vergleich zu Durchsagen etc bereitgestellt werden. 1 Stern aufgrund der des Desolaten Zustandes der Deutschen Bahn generell (Pünktlichkeit!).",Google Play Store,2026-09-25T09:15:33.291431+00:00
DB Navigator,de.hafas.android.db,d1f9df49-4d56-42a8-9c05-3c0801541f47,2026-09-09T05:26:57,1,"Db app funktioniert nicht, bekomme nur einen schwarzen Bildschirm. Website gibt auch nur eine Fehlermeldung aus. Wie soll ich herauszufinden wann meine Züge fahren wenn ich daheim bin. @_@",Google Play Store,2026-09-25T09:15:33.291431+00:00
DB Navigator,de.hafas.android.db,9c2dc4c3-b503-4e27-8118-bc9c2bbb2275,2026-09-09T05:19:05,5,Bahnfahrten ohne App kaum noch nutzbar,Google Play Store,2026-09-25T09:15:33.291431+00:00
DB Navigator,de.hafas.android.db,0dced907-7b1d-4aac-9193-057d16dac33c,2026-09-09T04:42:36,1,"Die App ist absolut nichts wert, ebenso die Informationspolitik der Bahn! Die App zeigt an Bahn kommt, aber die Anzeige am Bahnhof selbst zeigt Verspätung oder Ausfall an!!! Mit Verspätung oder Ausfall kann ich umgehen, wenn die Info in der App korrekt wären. Auch werden bei Verspätung keine neue Infos zu den Anschlußverbindungen gezeigt,sondern die wenn die Bahn pünktlich gewesen wäre. Selbst ein Stern ist bei dieser App viel zu viel!",Google Play Store,2026-09-25T09:15:33.291431+00:00
DB Navigator,de.hafas.android.db,255e6c73-53e7-4c17-896f-a14df2f4477a,2026-09-08T21:03:34,1,Buchungen sind sehr kompliziert und funktionieren oft nicht,Google Play Store,2026-09-25T09:15:33.291431+00:00
DB Navigator,de.hafas.android.db,33670746-2cb4-45cf-a557-df0bdeebe55b,2026-09-08T20:11:43,2,"Deutsche Bahn ist meiner Erfahrung nach eines der unzuverlässigsten öffentlichen Verkehrssysteme Europas. Verspätungen und Ausfälle gehören fast zum Alltag, pünktliches Planen ist kaum möglich. Für Deutschland ist das einfach peinlich. Hohe Preise, schlechte Zuverlässigkeit und ständig wechselnde Informationen – das Preis-Leistungs-Verhältnis ist katastrophal. Der DB Navigator ist grundsätzlich okay, aber auch dort stimmen Verspätungen manchmal nicht oder werden zu spät angezeigt.",Google Play Store,2026-09-25T09:15:33.291431+00:00
DB Navigator,de.hafas.android.db,2cc34c39-08d4-4524-be3c-00f9ea431db4,2026-09-08T18:58:04,3,"etwas überladen und verwirrend, wäre schön das ganze einfacher zu gestalten",Google Play Store,2026-09-25T09:15:33.291431+00:00
DB Navigator,de.hafas.android.db,cb5d06d1-dc26-42fe-9f8f-6cebc48fb53d,2026-09-08T18:51:31,4,"Bug: Ohne Anmeldung mit BC50, 1.Klasse, kostet die Fahrt 86,- (Reservierung 0,00 €) Mit Anmeldung in der App muss ich bei identischer Fahrt die Reservierung extra bezahlen, kostet 92,90. why??",Google Play Store,2026-09-25T09:15:33.291431+00:00
DB Navigator,de.hafas.android.db,867e159a-dca2-4969-a37b-315f5f424be8,2026-09-08T17:41:22,4,"Bisher bin ich sehr zufrieden. Ärgerlich ist aber, seit dem letzten Update sind keine Screenshots erlaubt. Die habe ich sehr gerne fürs Umsteigen gespeichert und hatte so einen Überblick in der Gallery, ganz ohne Wischen und mühselige Sucherei. Nun muß ich meine Planung bei einem anderen Anbieter machen oder wie zu Dampflokzeiten wieder Zettel schreiben. Finde ich garnicht gut🫨 Bereits bei der Übersicht ein Fenster: ""Diese App läßt keine Screenshots zu"". Kameraberechtigung ist erteilt",Google Play Store,2026-09-25T09:15:33.291431+00:00
DB Navigator,de.hafas.android.db,cc6b05b1-7fe9-4e7d-9872-44c2e25ff719,2026-09-08T16:41:20,5,"Die vergangenen Updates für die App erleichtern sehr die intuitive Nutzung. Ein vor und zurück ""Springen"" ist möglich, die voher ausgewählte Route bleibt. Tatsächlich hatte ich vorher immer am PC gebucht. Ich bin sehr positiv überrascht, dass die Buchung in der App völlig störungsfrei möglich war.",Google Play Store,2026-09-25T09:15:33.291431+00:00
DB Navigator,de.hafas.android.db,1259db57-f9ec-4542-9194-7ec804f8600c,2026-09-08T16:34:57,5,Super good,Google Play Store,2026-09-25T09:15:33.291431+00:00
DB Navigator,de.hafas.android.db,1dfeadf2-1769-45ab-82ac-790d84bb1a1d,2026-09-08T14:47:47,5,Passt soweit kann alles gemacht werden was ich benötige.,Google Play Store,2026-09-25T09:15:33.291431+00:00
DB Navigator,de.hafas.android.db,c0e67a90-6cbd-4638-b352-b7ef8b61c27e,2026-09-08T14:12:57,1,Bonuspunkte einlösen finde ich schwierig und zeitaufwendig,Google Play Store,2026-09-25T09:15:33.291431+00:00
DB Navigator,de.hafas.android.db,721cc5be-4414-4f7d-8a28-9d48abdef9f6,2026-09-08T13:56:04,4,"Läuft gut mit den Infos zur Bahn ,recht zu verlässig.",Google Play Store,2026-09-25T09:15:33.291431+00:00
DB Navigator,de.hafas.android.db,64787a80-6458-413d-977a-cb36ba829f89,2026-09-08T13:15:07,1,"Laut Plan sollte der Bus SEV um 11.39 Uhr abfahren. Wir waren um 11.38 Uhr am Bahnhof, kein Bus. Der nächste sollte um 11.56 Uhr kommen - kein Bus. Dann kam einer um 12.24 Uhr, welcher war das jetzt? Keine Ahnung. Also, der Fahrplan passt mit den tatsächlichen Fahrten nicht überein. Liegt es am Plan oder Busfahrern? Das sollte mal geklärt werden!",Google Play Store,2026-09-25T09:15:33.291431+00:00
DB Navigator,de.hafas.android.db,2287b09f-a37e-4908-9907-99a0ea09f224,2026-09-08T12:27:19,1,"Eigentlich gut. Nur dass Züge die ausfallen, weiterhin als aktiv angezeigt werden, ist eine absolute Frechheit",Google Play Store,2026-09-25T09:15:33.291431+00:00
DB Navigator,de.hafas.android.db,0897057b-cc75-44c6-ab2e-03dbcb8cb200,2026-09-08T12:17:12,1,Kreditkarte lässt sich nicht hinzufügen. alte Karte lässt sich nicht aktualisieren,Google Play Store,2026-09-25T09:15:33.291431+00:00
DB Navigator,de.hafas.android.db,93970d4a-ff40-4a93-a1a8-7beeeb02386c,2026-09-08T12:00:45,5,Super schnelles und bequemes Buchen.,Google Play Store,2026-09-25T09:15:33.291431+00:00
DB Navigator,de.hafas.android.db,67506ed0-1759-4aff-9a04-93383c616560,2026-09-08T10:05:21,3,langsam und umständlich- aber funktioniert mit etwas Geduld,Google Play Store,2026-09-25T09:15:33.291431+00:00
DB Navigator,de.hafas.android.db,262131f3-f8ad-4100-a732-8e1d14b0f7a0,2026-09-08T09:43:24,1,"War mit der App lange Zeit ganz zufrieden. Aber der Service lässt sehr zu wünschen übrig. Kontakt per Email ist erfolglos. Telefon in ewiger Warteschleife. Anlass war der Entfall der bisherigen Mailadresse. Änderung der Mailadresse ist nur möglich nach Einloggen mit der nicht mehr vorhandenen Mailadresse. Also App nicht mehr nutzbar, Konto nicht zu löschen. Problem ist bei meiner Partnerin vorhanden und ungelöst.",Google Play Store,2026-09-25T09:15:33.291431+00:00
DB Navigator,de.hafas.android.db,691a47e9-59a1-4733-bae1-28db7c3a4195,2026-09-08T09:35:17,4,Gut und kompakt,Google Play Store,2026-09-25T09:15:33.291431+00:00
DB Navigator,de.hafas.android.db,e36dd634-21e8-44b3-8e25-07f31afd88f3,2026-09-08T07:32:36,5,Funktioniert prima,Google Play Store,2026-09-25T09:15:33.291431+00:00
DB Navigator,de.hafas.android.db,df7a71c6-f87c-4744-b754-cfd39c9fbc89,2026-09-08T05:43:06,1,ich wollte eine Fahrradkarte dazu buchen. unmöglich. schlecht programmierte App. Ich Versuche es zu vermeiden mit der deutschen Bundesbahn zu fahren. geht manchmal leider nicht.,Google Play Store,2026-09-25T09:15:33.291431+00:00
DB Navigator,de.hafas.android.db,e0974de3-b55e-4db4-8a69-e8a2fc392ade,2026-09-08T05:36:02,5,Da ich eigentlich keine Bahnfahrerin bin ist es echt schwer für mich aber wenn man sich damit beschäftigt geht es Recht gut .,Google Play Store,2026-09-25T09:15:33.291431+00:00
DB Navigator,de.hafas.android.db,469b739f-7636-4f6b-b203-94e294b3516c,2026-09-08T05:23:19,1,"ansonsten jede Verbindung, mit Anschlusszug, bei der die erste Verbindung Verspätung hat. hat bisher kein mal funktioniert. Aber wenigstens fährt auch der Schienenersatzverkehr der in der App angegeben wird nicht ab... falls Datum benötigt wird: 8.9.2026 S4 um 6:50 und S5 um 7:05. stehe immer noch am Bahnhof, aber erst der zweite Tag der Woche mit Verspätung, also noch in der DB-Norm... Die beste Werbung für ein eigenes Auto, die man sich vorstellen kann, weiter so, und wir retten VW 🤣🤣🤣",Google Play Store,2026-09-25T09:15:33.291431+00:00
DB Navigator,de.hafas.android.db,968e8549-3de5-40a5-8360-17cbcab9b7f7,2026-09-08T05:19:46,1,"Die Daten der App stimmen nicht mit der Realität überein. An eine Echtzeit Information, wie beworben, ist nicht zu denken. Geschweige denn irgendwelche Informationen, wenn mal wieder eine Störung oder ähnliches vorliegt.",Google Play Store,2026-09-25T09:15:33.291431+00:00
DB Navigator,de.hafas.android.db,4061cea9-8037-4308-a993-9f3652ce7b20,2026-09-08T03:38:53,1,Fast immer zu spät informiert züge immer unpünklich und die Verspätung wird erst 20 Minuten später angezeigt,Google Play Store,2026-09-25T09:15:33.291431+00:00
DB Navigator,de.hafas.android.db,3b8083e3-078a-4d27-9517-bfb4e57d0339,2026-09-07T17:46:31,1,mit der Änderung auf Winterfahrplan werden viele Verbindungen nicht richtig angezeigt es ist sehr auffällig das die Verbindung wo die DB zu nutzen sind die bevorzugten Verbindung sind regionale Apps sind der DB app vorzuziehen,Google Play Store,2026-09-25T09:15:33.291431+00:00
DB Navigator,de.hafas.android.db,558c356a-5bbb-4500-9f29-9d494d057158,2026-09-07T15:21:35,1,Zahlung in der App ist auf so vielen Ebenen einfach unfassbar kaputt,Google Play Store,2026-09-25T09:15:33.291431+00:00
DB Navigator,de.hafas.android.db,794fc455-3216-454b-bd46-69a25db1d527,2026-09-07T14:11:23,5,optimal,Google Play Store,2026-09-25T09:15:33.291431+00:00
DB Navigator,de.hafas.android.db,94be3550-8ec9-432c-9536-fe2448a8f178,2026-09-07T13:40:19,5,einfach zu handhaben,Google Play Store,2026-09-25T09:15:33.291431+00:00
DB Navigator,de.hafas.android.db,c4ed5e23-6a05-4d4f-9794-ca1bad02a165,2026-09-07T12:58:11,1,umständlich,Google Play Store,2026-09-25T09:15:33.291431+00:00
DB Navigator,de.hafas.android.db,07e6bb22-cbee-4db5-9900-4491e995f09d,2026-09-07T10:59:16,5,Traveling with the flow 👍,Google Play Store,2026-09-25T09:15:33.291431+00:00
DB Navigator,de.hafas.android.db,8e6c417f-ec96-4aca-baa0-5aa66843d079,2026-09-07T09:52:36,5,Perfekter Ablauf !!!,Google Play Store,2026-09-25T09:15:33.291431+00:00
DB Navigator,de.hafas.android.db,fe6811f2-390a-44b0-b95b-a061bc0a355b,2026-09-07T08:44:54,4,meistens richtig gut!,Google Play Store,2026-09-25T09:15:33.291431+00:00
DB Navigator,de.hafas.android.db,e36e5e7f-a938-4b40-9c37-9b52fe4e46b1,2026-09-07T08:06:43,4,funktioniert,Google Play Store,2026-09-25T09:15:33.291431+00:00
DB Navigator,de.hafas.android.db,46d538df-12a6-4bf0-a288-720649d9fbb5,2026-09-07T06:21:53,2,Wenn es darum geht zu kucken ob der Zug zuspät ist oder ausfällt is die App super. Aber alles andere is nicht gut Tickets für andere Verkehrsunternehmen mitkaufen geht nicht gut und die Zugstandort Karten sind nur fake wo er sein müsste. Das is kein echter Standort und meistens 10 Stationen falsch. Und wenn Ersatzbuse bei anderen Unternehmen fahren checkt die App das nicht. Wir haben momenthan 3 Linien die nicht bedient werden laut der App fahren die.,Google Play Store,2026-09-25T09:15:33.291431+00:00
DB Navigator,de.hafas.android.db,c1203376-26dd-4f21-acd6-0901de07d8af,2026-09-07T05:50:41,2,"Also mal ehrlich, die App ist für gewöhnliche Infos super geil, aber ob ein Zug zu spät kommt oder ausfällt, ist mit dieser App streng zu bewerten.",Google Play Store,2026-09-25T09:15:33.291431+00:00
DB Navigator,de.hafas.android.db,5e5ac070-9ae3-4863-83e1-178db391724a,2026-09-07T05:13:11,5,Super 👍,Google Play Store,2026-09-25T09:15:33.291431+00:00
DB Navigator,de.hafas.android.db,594fbf67-e395-4572-b7d6-12efdf37658e,2026-09-06T21:55:02,1,"Echtzeitdaten findet man hier ebensowenig, wie zuverlässige Zugauskünfte. Die App ist so katastrophal unzuverlässig, wie die Pünktlichkeit der Deutschen Bahn. Geisterzüge, falsche Abfahrtszeiten und auch falsche Gleisangaben gibt es dafür fast täglich. Der ausgehängte Fahrplan ist tatsächlich oft zutreffender als die Angaben in dieser App. Thank u for travelling with Deutsch Bahn!",Google Play Store,2026-09-25T09:15:33.291431+00:00
DB Navigator,de.hafas.android.db,9e32fd86-e84f-40bb-a0ab-b6953fa1961e,2026-09-06T20:37:58,5,Dankeschön!!,Google Play Store,2026-09-25T09:15:33.291431+00:00
DB Navigator,de.hafas.android.db,803c810f-1097-4b0f-969b-8494eb667de6,2026-09-06T19:31:56,1,"Die schlechteste und überflüssigste App im Einzugsgebiet der Deutschen Bahn. Der ausgehängte Papierplan auf den Bahnsteigen, ist informativer, richtiger und pünktlicher, als diese gottlose App.",Google Play Store,2026-09-25T09:15:33.291431+00:00
DB Navigator,de.hafas.android.db,b6ab1b14-158a-43d3-91d6-f4f302ca77b3,2026-09-06T17:56:27,1,viele Probleme machen Juan traurig 😔,Google Play Store,2026-09-25T09:15:33.291431+00:00
Lufthansa,com.lufthansa.android.lufthansa,2a3dc1e5-7e4b-4c51-a2f2-a06aba4fada2,2026-09-24T07:34:56,5,Alles super organisiert,Google Play Store,2026-09-25T09:15:33.291431+00:00
Lufthansa,com.lufthansa.android.lufthansa,567e8ce0-b0df-4cd3-969a-678a157f0f2c,2026-09-23T18:43:37,1,"Heute schon den ganzen Tag kein Login möglich, auch nicht nach Neuinstallation der App. Einfach nur noch peinlich: Es ist ein technisches Problem aufgetreten. Bitte versuchen Sie es später erneut.",Google Play Store,2026-09-25T09:15:33.291431+00:00
Lufthansa,com.lufthansa.android.lufthansa,a7c1cb10-ab8b-4fa3-bc54-9d930ee64458,2026-09-23T11:31:14,5,Super top perfekt,Google Play Store,2026-09-25T09:15:33.291431+00:00
Lufthansa,com.lufthansa.android.lufthansa,2dceaecc-42a0-4c85-96e0-02a260fb9147,2026-09-20T09:13:20,3,"Man kann seine Buchungen einfach einsehen und bekommt zeitige Updates. Die Performance der App selbst ist allerdings grauenhaft. In den Untermenüs geht mein Handy teils komplett in die Knie obwohl es sich um ein High-end-Gerät handelt, was zeitweilen die Sitzplatzwahl unmöglich macht, da die App auch nicht selten komplett abstürzt. Es kam bei mir auch vor, dass falsche Kontaktdaten übernommen wurden, und ich erst nach tel. Kontakt mit dem Support meine Buchung bearbeiten konnte.",Google Play Store,2026-09-25T09:15:33.291431+00:00
Lufthansa,com.lufthansa.android.lufthansa,ffb0115e-c92a-4a88-9872-55d5a1f25f9c,2026-09-19T07:41:29,5,"Sehr gute und übersichtliche App. Buchungen, Check in und Bordkarte sind schnell und unkompliziert erreichbar. Besonders praktisch sind die aktuellen Informationen zum Flug, Gate Änderungen und die Benachrichtigungen. Auch die Gepäckinformationen sind sehr hilfreich.",Google Play Store,2026-09-25T09:15:33.291431+00:00
Lufthansa,com.lufthansa.android.lufthansa,887ab41b-9aa2-4dbb-8499-8583ee73fbcc,2026-09-19T04:50:58,5,"zeitgerechte und relevante updates, alle Dokumente in einer app aufrufbar, updates über Gepäck location . Alles top",Google Play Store,2026-09-25T09:15:33.291431+00:00
Lufthansa,com.lufthansa.android.lufthansa,499b965c-6271-4037-80dd-33cf5e611fc2,2026-09-19T02:34:39,5,tolle App,Google Play Store,2026-09-25T09:15:33.291431+00:00
Lufthansa,com.lufthansa.android.lufthansa,ac9251f9-7721-4c8f-8a51-993f691b62c1,2026-09-18T17:22:31,1,"Schlechtes Update -Sitzplatzansicht ist plötzlich weg. Swiss hat sie zum Glück noch. Zudem gibt es auch beim Buchen Probleme: angebotene Flüge kann ich nicht buchen, es kommt die Meldung, es wurde nicht hinzugefügt. Dann buche ich halt mit einer anderen Airline.",Google Play Store,2026-09-25T09:15:33.291431+00:00
Lufthansa,com.lufthansa.android.lufthansa,0fc4aa09-9bf2-4188-b79e-8185716b6ced,2026-09-18T06:36:52,1,Kein Log-in möglich. Es gibt noch andere Smartphones außer Samsung. Bei einem Samsung funktioniert das Log-in.,Google Play Store,2026-09-25T09:15:33.291431+00:00
Lufthansa,com.lufthansa.android.lufthansa,2e7fdbe3-5f9e-4fdd-ba42-1148c0ea9269,2026-09-17T07:45:33,1,"Das neue Design bei der Buchung ist eine extreme Verschlechterung: Du kannst die Flüge nicht mehr sortieren, siehst die Preise zwischen Economy, Premium Economy etc. nicht mehr auf einen Blick, sondern nur umständlich beim auswählen und dann Sliden, und du siehst die Sitzplätze nicht mehr – erst beim Buchvorgang. Ernsthaft, es ist eine komplette Verschlechterung ohne eine einzige Verbesserung. Bitte macht es wieder Rückgängig!!!!",Google Play Store,2026-09-25T09:15:33.291431+00:00
Lufthansa,com.lufthansa.android.lufthansa,f74ef80e-782c-4ba1-9fd7-04967770d96a,2026-09-17T05:25:05,3,"kurioser Weise ist der Login jetzt möglich. Mein Workaround: wenn man auf die Logout Page weitergeleitet wird habe ich mein Handy gesperrt und wieder entsperrt, dann war auf einmal die Loginmaske da und funktionierte auch.",Google Play Store,2026-09-25T09:15:33.291431+00:00
Lufthansa,com.lufthansa.android.lufthansa,2f2f58bf-4259-4f5e-9a4a-961a3a521bb0,2026-09-16T15:12:48,1,"Sehr schlecht, kein Zugang, immer wieder wird auf einen Fehler verwiesen den es nicht gibt. Habe die App deinstalliert, neu aus dem Store geladen,und mehrfach das Passwort ändern lassen.",Google Play Store,2026-09-25T09:15:33.291431+00:00
Lufthansa,com.lufthansa.android.lufthansa,8475758c-0a36-44f2-a2e6-63811f64de8d,2026-09-15T16:28:04,1,"Bei mir ist seit Tagen keine Anmeldung möglich. Somit macht die App für mich keinen Sinn. ""Es ist ein technisches Problem aufgetreten. Bitte versuchen Sie es später erneut."".",Google Play Store,2026-09-25T09:15:33.291431+00:00
Lufthansa,com.lufthansa.android.lufthansa,984f9ded-6d59-469b-9930-2572c9aec84f,2026-09-15T07:29:44,5,sehr Gut!,Google Play Store,2026-09-25T09:15:33.291431+00:00
Lufthansa,com.lufthansa.android.lufthansa,2b78f0a9-5bb5-4acb-8b9d-a16889f2d4c1,2026-09-15T06:03:23,5,Sehr angenehmer Flug nettes Personal,Google Play Store,2026-09-25T09:15:33.291431+00:00
Lufthansa,com.lufthansa.android.lufthansa,3be59bf5-ace4-41eb-8fb5-b7b742a92ef3,2026-09-15T05:16:44,5,alles super,Google Play Store,2026-09-25T09:15:33.291431+00:00
Lufthansa,com.lufthansa.android.lufthansa,64eff6b5-f467-4421-862c-07ed6a5f8935,2026-09-14T11:39:57,5,Gute Informationen,Google Play Store,2026-09-25T09:15:33.291431+00:00
Lufthansa,com.lufthansa.android.lufthansa,e1fa53fb-843f-4f58-9e7e-a3d5c780cbd2,2026-09-14T07:07:34,5,Tatsächlich ist auch das Backend (also sie entsprechenden Lufthansa Daten) sehr gut eingebunden. Top - passt einfach die App!,Google Play Store,2026-09-25T09:15:33.291431+00:00
Lufthansa,com.lufthansa.android.lufthansa,6fa875e7-3f74-4924-b141-60568cdf9173,2026-09-13T04:03:09,5,Alles bestens,Google Play Store,2026-09-25T09:15:33.291431+00:00
Lufthansa,com.lufthansa.android.lufthansa,eca3c78a-644b-4f65-8fb6-78798209cba0,2026-09-12T15:34:06,1,"Die Freunde mal mit der Lufthansa zu fliegen hat sich nach dem Dritten Versuch die App zum ""laufen"" zu bringen in Luft aufgelöst. Die Anmeldung zur Travel ID funktioniert noch, aber spätestens, wenn diese bestätigt werden soll, läuft gar nichts mehr. Ständig wird die Email Adresse und das Passwort angefordert um dann in der Meldung zu enden, dass ein Fehler aufgetreten ist. Auch nach der Dritten Neuinstallation ist es das Gleiche!!!! Wer programmiert den so etwas???",Google Play Store,2026-09-25T09:15:33.291431+00:00
Lufthansa,com.lufthansa.android.lufthansa,eda60f20-b571-41ca-afd3-53284c123c56,2026-09-12T10:49:14,5,"Gut, praktisch und immer auf der neuste Stand. Downloaden ist ein MUST",Google Play Store,2026-09-25T09:15:33.291431+00:00
Lufthansa,com.lufthansa.android.lufthansa,50945ef1-a9a9-48a6-9e51-c4bf6410bf7f,2026-09-12T06:31:14,5,toller Service,Google Play Store,2026-09-25T09:15:33.291431+00:00
Lufthansa,com.lufthansa.android.lufthansa,02c8d5ae-f395-48ef-8f02-afdd732a506c,2026-09-11T22:23:04,1,Ich kann mich bei der App mit meinen Pixel 10 pro xl nicht mehr einloggen. Damit ist diese App für mich unbrauchbar geworden. Ich habe schon das Cache gelöscht und auch die App neu installiert. Nichts hat funktioniert. Über den Webbrowser ist ein einloggen möglich.,Google Play Store,2026-09-25T09:15:33.291431+00:00
Lufthansa,com.lufthansa.android.lufthansa,a3bd4db4-b50f-4fd6-8aa9-faa406b901e4,2026-09-11T09:45:06,5,"toll und übersichtlich die APP, die auch meistens funktioniert...",Google Play Store,2026-09-25T09:15:33.291431+00:00
Lufthansa,com.lufthansa.android.lufthansa,c88ce394-00c5-4f7f-9891-22554c3aa0ee,2026-09-11T07:46:46,5,ist perfekt alles 👍 ❤️,Google Play Store,2026-09-25T09:15:33.291431+00:00
Lufthansa,com.lufthansa.android.lufthansa,eb31f067-151d-47b4-81a7-b0e87e4c904c,2026-09-11T06:53:30,5,Alles super,Google Play Store,2026-09-25T09:15:33.291431+00:00
Lufthansa,com.lufthansa.android.lufthansa,119ded36-d040-4d79-9c83-0411f0d1c545,2026-09-10T14:36:40,5,Sehr gute Führung durch die App,Google Play Store,2026-09-25T09:15:33.291431+00:00
Lufthansa,com.lufthansa.android.lufthansa,b26c48fe-85e1-4415-8eb4-93075c25b5ed,2026-09-10T12:04:59,3,"Mir fehlt die Angabe über den Vorabend-Checkin des Gepäcks; warum muss ich mir das umständlich über die LH Webseite raussuchen? Die Fast lane wird doch auch beschrieben, sogar mit Link zum Buchen...",Google Play Store,2026-09-25T09:15:33.291431+00:00
Lufthansa,com.lufthansa.android.lufthansa,45eedb0f-0d20-4b7d-9f08-f248e8342339,2026-09-10T10:23:20,1,"Die App ist nicht mehr zu gebrauchen, weil ich mich seit Wochen nicht mehr einloggen kann. ""Ein technischer Fehler ist aufgetreten."" Davor war ich immer sehr zufrieden.",Google Play Store,2026-09-25T09:15:33.291431+00:00
Lufthansa,com.lufthansa.android.lufthansa,07d33bec-8699-4dcf-86be-2c44ee1f6d94,2026-09-09T19:45:51,5,Super tolle und hilfreiche aktuelle Informationen,Google Play Store,2026-09-25T09:15:33.291431+00:00
Lufthansa,com.lufthansa.android.lufthansa,3a83f285-5311-4d09-be57-e2955149982b,2026-09-09T15:33:25,1,sehr unzufrieden,Google Play Store,2026-09-25T09:15:33.291431+00:00
Lufthansa,com.lufthansa.android.lufthansa,392d83b5-eda0-42ed-8a21-f7c39bb18ee8,2026-09-09T13:10:05,5,Sehr zufrieden!,Google Play Store,2026-09-25T09:15:33.291431+00:00
Lufthansa,com.lufthansa.android.lufthansa,04a3b3ba-d2a9-4c4b-9c45-404f18aec525,2026-09-09T13:02:05,5,Cool,Google Play Store,2026-09-25T09:15:33.291431+00:00
Lufthansa,com.lufthansa.android.lufthansa,5f3e49ed-73ae-4d84-8a6f-56f4769ddbea,2026-09-09T09:40:24,5,Alles zur Zufriedenheit.,Google Play Store,2026-09-25T09:15:33.291431+00:00
Lufthansa,com.lufthansa.android.lufthansa,5f61b0c4-3664-4c5f-a148-c447e8174e6b,2026-09-09T07:24:03,5,Ich habe Internet bezahlt und nicht bekommen,Google Play Store,2026-09-25T09:15:33.291431+00:00
Lufthansa,com.lufthansa.android.lufthansa,d12872dc-7a79-4790-9736-4cb97606b6f4,2026-09-08T12:19:37,3,"Nichts ist so kompliziert wie das Buchen: Nach der Eingabe von Strecke und Datum geht es nicht weiter. Das ist nicht wertvolle Informationen, sondern Unfug. Derart Bucht man nicht.",Google Play Store,2026-09-25T09:15:33.291431+00:00
Lufthansa,com.lufthansa.android.lufthansa,6e906f78-8fb6-419d-8505-e9a67d3779dd,2026-09-08T09:32:14,2,"Die neue Buchungsübersicht lässt keine Sortierung mehr zu, kein schnelles Wechseln zwischen Buchungsklassen. Das alte Design beim Flüge buchen war deutlich besser. Wieder einmal verschlimmbessert...",Google Play Store,2026-09-25T09:15:33.291431+00:00
Lufthansa,com.lufthansa.android.lufthansa,6d36f704-2781-47fa-b1d0-53dce433b7fc,2026-09-07T18:15:15,5,"geht alles ruhig, wir waren pünktlich, sehr freundliche Mitarbeiter, Herz was will man mehr",Google Play Store,2026-09-25T09:15:33.291431+00:00
Lufthansa,com.lufthansa.android.lufthansa,f5685568-ab94-477e-8bff-9097394d61fc,2026-09-06T14:22:10,1,"Update 2026: Zahlung funktioniert nicht, sobald man Meilen einlösen will. Bitte Bitte lasst eure IT von einer nicht-deutschen externen Firma entwickeln, IHR KÖNNT ES NICHT, SEIT 15 JAHREN! - Ursprüngliche Bewertung: Buchung und Zahlung geht mal wieder nicht. Sind wir ja schon gewohnt. Chat-Assistent in der Hilfe ist absolut nutzlos und kann nur und ausschließlich Buchungen überprüfen. Sonst NICHTS.",Google Play Store,2026-09-25T09:15:33.291431+00:00
Lufthansa,com.lufthansa.android.lufthansa,f7b53358-dcce-4f29-b658-e6dabc9d8758,2026-09-06T12:53:38,5,Alles ersichtlich und einfach einzusehen,Google Play Store,2026-09-25T09:15:33.291431+00:00
Lufthansa,com.lufthansa.android.lufthansa,b0401fd5-b902-4ed6-83e0-a3f8963a7a9e,2026-09-06T11:59:52,5,"Ohne zusätzliches Konto nutzbar, funktioniert problemlos",Google Play Store,2026-09-25T09:15:33.291431+00:00
Lufthansa,com.lufthansa.android.lufthansa,1b3093c4-9498-4ebe-b031-a2eaef3d7f6c,2026-09-06T06:24:59,2,"Von der ""besten Airline-App der Welt"" erwarte ich u.a. einen Dark Mode. Zudem fliege ich lieber mit der besten Airline der Welt als mit einer, die die beste App hat. Aktuelles Trip-Management: Auf Reisen weder übersichtlich noch intuitiv. Benachrichtigungen: Erscheinen meist doppelt oder gar nicht. Angaben zur Verladung des Gepäcks: Leider nicht immer richtig. Widget: Keine erkennbare Funktion. Buchungen in der App: Nutzerunfreundlich, da neuerdings ohne Sortier- und Filteroption.",Google Play Store,2026-09-25T09:15:33.291431+00:00
Lufthansa,com.lufthansa.android.lufthansa,752a3727-9e6f-42e9-addb-170b6e900316,2026-09-05T12:27:55,5,brfakt,Google Play Store,2026-09-25T09:15:33.291431+00:00
Lufthansa,com.lufthansa.android.lufthansa,b445bda7-8b42-4757-8bc7-5886ee19a67c,2026-09-04T07:13:51,2,"Die App war mal übersichtlich und optisch ansprechend. Mit jedem ""Design"" Update wird es schlimmer. Riesige Box Flächen für Infomationen, die man kompakter, besser lesbar darstellen könnte. In den bestehenden Buchungen hat man das noch recht ansprechende, aber riesige quadratische Design, bei der Flugbuchung rundere Boxen mit schlecht abgestimmter Schrift und die Tarifauswahl ist auch wieder ein völlig anderes überdimensioniertes Design. Kalenderübertragung der Buchung fehlt weiterhin.",Google Play Store,2026-09-25T09:15:33.291431+00:00
Lufthansa,com.lufthansa.android.lufthansa,1e117b02-65f5-4e53-808d-792f0ff643b4,2026-09-04T04:53:48,2,"Update: Das letzte Update der Buchungsmaske ist eine Katastrophe mit der Flugauwahl. Es fehlen mal wieder die Optionen der Sitzplatzansicht, die Buchungsklassen des Tarifs und űbersichtlich ist das ganze nun auch nicht mehr. Da die LH Group bei ihren Tarifen zu einem Gemischtwarenladen mutiert, müssen die halt dargestellt und abgebildet werden, für den Kunden ist das eine Zumutung.",Google Play Store,2026-09-25T09:15:33.291431+00:00
Lufthansa,com.lufthansa.android.lufthansa,17a883b0-4506-4a24-ba91-207bb89a6046,2026-09-03T06:26:47,5,"wirklich alles Übersicht, und Infos immer ohne Verzögerung bereit",Google Play Store,2026-09-25T09:15:33.291431+00:00
Lufthansa,com.lufthansa.android.lufthansa,13ffb8cf-a6d1-49ab-ae88-59a94e0b5179,2026-09-02T19:15:59,1,"Lufthansa legt keinen Wert mehr auf Qualität, jede andere Airline bekommt Ihren Internetauftritt mittlerweile besser hin. Beim letzten Flug kam der Koffer nicht in Berlin an sondern wurde nach London geschickt, der Koffer kam dann per DHL und war total zerstört. Heute, ein Tag vor Abflug funktioniert der Online Check-In nicht, ständig meckert der check in rum das Daten nicht stimmen. 10 x alles geprüft und immer das selbe Ergebnis. Am Ende versaute Lebenszeit die ein niemand wiedergibt. Traurig.",Google Play Store,2026-09-25T09:15:33.291431+00:00
Lufthansa,com.lufthansa.android.lufthansa,e8459a5e-ffea-4cc8-9704-aeb32470310a,2026-09-02T17:46:27,5,Hat alles was man braucht.,Google Play Store,2026-09-25T09:15:33.291431+00:00
Lufthansa,com.lufthansa.android.lufthansa,94a032f8-51f5-4081-be54-84efae1b2c25,2026-09-01T09:39:47,1,App funktioniert nicht Kein login möglich. webrowser geht,Google Play Store,2026-09-25T09:15:33.291431+00:00
Lufthansa,com.lufthansa.android.lufthansa,dc323758-13d9-44ab-9425-5f7ce2bc01cb,2026-09-01T07:32:22,5,Sehr gut,Google Play Store,2026-09-25T09:15:33.291431+00:00
Lufthansa,com.lufthansa.android.lufthansa,0d66bc90-fe9e-49b0-82ab-5c1d758c28d5,2026-08-31T23:08:20,1,leider funktioniert sie auf meinem Tablet gar nicht. Sie bleibt auf der Willkommen Seite hängen.,Google Play Store,2026-09-25T09:15:33.291431+00:00
Lufthansa,com.lufthansa.android.lufthansa,316df4e9-24ea-4087-a5a3-e7e0092f7404,2026-08-31T20:52:03,1,"Es funktioniert gar nichts Ich habe meine Flugdaten, Geburtstag und alles eingegeben, anfangs ging es schnell wie bei anderen Airlines auch aber dann... hat er meinen Ausweis nicht gescannt. Ich habe meine Ausweisnummer mehrfach eingetippt aber er nimmt diese nicht an. Eine halbe Stunde verschenkte Zeit und jetzt darf ich noch morgen am Flughafen in die Schlange stellen. Danke für nichts!!!",Google Play Store,2026-09-25T09:15:33.291431+00:00
Lufthansa,com.lufthansa.android.lufthansa,3df99f7f-eb30-4551-98ce-221ed26a5b6b,2026-08-31T14:53:52,1,keine Sortierung der Ergebnisse mehr möglich,Google Play Store,2026-09-25T09:15:33.291431+00:00
Lufthansa,com.lufthansa.android.lufthansa,15e0ee72-e56d-4b41-b2be-bcb8deeffa38,2026-08-31T11:10:50,5,Super easy! Service aufm höchsten Niveau!,Google Play Store,2026-09-25T09:15:33.291431+00:00
Lufthansa,com.lufthansa.android.lufthansa,e6263d84-34ee-4746-bc88-cc7a26b93fd3,2026-08-31T09:41:02,1,Nach meinen persönlichen Erfahrungen mit der App und meinen beiden katastrophalen Lufthansa-Flügen steht für mich fest: Das waren meine ersten und zugleich meine letzten Flüge mit Lufthansa. Ich bin von dieser Reise und dem gesamten Ablauf maßlos enttäuscht und kann Lufthansa persönlich nicht weiterempfehlen. Von einer Fluggesellschaft dieser Größe und Preisklasse hatte ich deutlich mehr erwartet.,Google Play Store,2026-09-25T09:15:33.291431+00:00
Lufthansa,com.lufthansa.android.lufthansa,8860c154-fc36-49be-94b7-26ce489aabad,2026-08-31T08:17:22,5,Top,Google Play Store,2026-09-25T09:15:33.291431+00:00
Lufthansa,com.lufthansa.android.lufthansa,dee34bd2-47de-4177-9860-bd5c0aef7856,2026-08-31T04:56:12,3,Für den Login werde ich auf eine Website der Lufthansa weitergeleitet die Logout heißt. Diese ist komplett leer und hat keinerlei Eingabemasken. Ich kann mich somit wieder mit meinem Account anmelden noch einen erstellen,Google Play Store,2026-09-25T09:15:33.291431+00:00
Lufthansa,com.lufthansa.android.lufthansa,0c2c4f99-46a2-4f25-a736-8ff74b31810d,2026-08-30T11:01:52,5,Die Vorgänge am Gate wurden verbessert.,Google Play Store,2026-09-25T09:15:33.291431+00:00
Lufthansa,com.lufthansa.android.lufthansa,e6ec9140-90d2-49fa-b666-92b25de629fa,2026-08-30T05:25:02,4,Der Direktflug nach Porto fliegt vom neben Gate. Uns wurde der mit Zwischenstop in Zürich als beste Option angeboten. Schade für die Umwelt.,Google Play Store,2026-09-25T09:15:33.291431+00:00
Lufthansa,com.lufthansa.android.lufthansa,abe66267-9906-4507-8e03-39ede8336acb,2026-08-29T13:35:03,5,Alles super,Google Play Store,2026-09-25T09:15:33.291431+00:00
Lufthansa,com.lufthansa.android.lufthansa,b0de2673-aabe-479f-833d-44ef1bc73439,2026-08-28T08:10:33,3,"Ich habe elf (11) mal versucht, einen gebuchten Flug umzubuchen, und beim letzten Schritt des Chats die Umbuchung nicht geklappt. Um Flüge zu buchen und einzuchecken klappt gut. Sonst was nicht...",Google Play Store,2026-09-25T09:15:33.291431+00:00
Lufthansa,com.lufthansa.android.lufthansa,3764bbc2-0053-4626-858d-09d85b52aaf6,2026-08-28T08:06:29,2,"Achtung Werbung als Benachrichtigung. Ansich ist die App gut, aber seit neustem werden Aktionen/Werbung als Benachrichtigung versendet. Und dass dann nicht in einer eigenen Benachrichtigungskategorie sodass man sie abschalten könnte. Also entweder Flugstatus und Werbung oder garnichts. Das finde ich extrem ärgerlich.",Google Play Store,2026-09-25T09:15:33.291431+00:00
Lufthansa,com.lufthansa.android.lufthansa,eb3d8dca-ae01-4466-a53f-06aea8493e4a,2026-08-26T14:34:48,5,lufthansa Express Bus😄😄😄,Google Play Store,2026-09-25T09:15:33.291431+00:00
Lufthansa,com.lufthansa.android.lufthansa,96ea9375-aa70-4d72-9afd-89c46cffb909,2026-08-26T09:46:35,5,Abwicklung lief reibungslos,Google Play Store,2026-09-25T09:15:33.291431+00:00
Lufthansa,com.lufthansa.android.lufthansa,00ae559b-0de7-407d-9db7-ffcb18e5b8db,2026-08-26T03:45:23,5,top,Google Play Store,2026-09-25T09:15:33.291431+00:00
Lufthansa,com.lufthansa.android.lufthansa,979dc795-d10a-4e0a-96b4-c32e3c9aadd0,2026-08-25T18:42:52,5,Immer Aktuell und ohne Störungen,Google Play Store,2026-09-25T09:15:33.291431+00:00
Lufthansa,com.lufthansa.android.lufthansa,464faf38-c199-4b0f-8341-0ac9cd9706f0,2026-08-25T09:00:30,5,"passt alles 👍, zuverlässig und schnell",Google Play Store,2026-09-25T09:15:33.291431+00:00
Lufthansa,com.lufthansa.android.lufthansa,198e4e73-5ff2-4994-a515-64f6c7050ecc,2026-08-22T08:30:18,2,"Sehr gute Informationen, immer aktualisiert. 👍",Google Play Store,2026-09-25T09:15:33.291431+00:00
Lufthansa,com.lufthansa.android.lufthansa,6dc5e602-7e4c-4321-8747-a72f5dad38df,2026-08-21T20:56:41,1,"Allerletzter Schrott !!! Die gleichen Angaben müssen immer wieder eingegeben werden. Sitzplatzänderungen beim Online Checkin sind nicht möglich, statt dessen kommt immer wieder die Meldung, dass ein Fehler von Lufthansa Seite her vorliegt, statt andessen zu sagenn, dass dies nicht möglich ist. Schlampig programmiert!!!! im",Google Play Store,2026-09-25T09:15:33.291431+00:00
Lufthansa,com.lufthansa.android.lufthansa,fad15bb9-6c24-4491-825c-b298cc0aeeee,2026-08-21T20:04:55,5,Alles wunderbar,Google Play Store,2026-09-25T09:15:33.291431+00:00
Lufthansa,com.lufthansa.android.lufthansa,c0652f0b-834c-4e6c-abf1-73210c46b7a1,2026-08-21T10:50:48,5,informativ,Google Play Store,2026-09-25T09:15:33.291431+00:00
Lufthansa,com.lufthansa.android.lufthansa,df6148cc-4116-46e3-a83d-71b5f6dcc733,2026-08-21T10:10:04,1,update 21.8.26 leider keine möglichkeit die Boardkarte als pdf herunterzuladen. da die ganzen piktogramme nicht eingebettet wurden konnte das ticket nicht ins wallet eingefügt werden. Was soll der Sche... mit Miles and More. Ich möchte mich einfach in der App anmelden und nicht noch zwangsläufig bei Miles and More Registrieren. Ich fliege viel zu selten als das sich diese Passwort merkerei mit sinnfreien App Passwörtern noch aufblasen will. Leider kann man nicht weniger als einen Stern geben.,Google Play Store,2026-09-25T09:15:33.291431+00:00
Lufthansa,com.lufthansa.android.lufthansa,8fc9fb3b-a6bb-4d9c-a2e4-efba86a8966d,2026-08-21T09:52:44,1,Seit September 2025 kein login über die App mehr möglich. Login Daten eingeben und schwups ist man im logout. Wann wird das endlich repariert? Und darüber hinaus bis heute keine Reaktion der Lufthansa.,Google Play Store,2026-09-25T09:15:33.291431+00:00
Lufthansa,com.lufthansa.android.lufthansa,9a976ab7-72ee-4eb4-a4ca-9834a6348e7c,2026-08-21T08:29:16,5,Das Mobilität Service beim Wegflug GOT ist ausgezeichnet,Google Play Store,2026-09-25T09:15:33.291431+00:00
Lufthansa,com.lufthansa.android.lufthansa,7554909d-6d6c-4e56-a16d-f9d113a9fe3b,2026-08-20T07:04:44,2,"Login zeigt nur eine weiße Seite, Flug manuell suchen ging.",Google Play Store,2026-09-25T09:15:33.291431+00:00
Lufthansa,com.lufthansa.android.lufthansa,6b31dde2-71c6-48c6-b25f-ecdb99dcc867,2026-08-19T19:03:18,1,"Die App hat mich völlig im Stich gelassen: Flug BAR-MUC für 2 Pers. wurde annulliert, daraufhin per KI-Assi einen Alternativflug mit Eurowings nach Köln gebucht, dann mit LH nach MUC. Von 4 Bordkarten wurden nur 3 erstellt. Diese wurden in der App aber nicht angezeigt! Die Eurowings-App verwies immer auf LH. Völlig verwirrt waren wir froh, dass uns eine menschliche CheckIn-Dame in BAR weiterhalf, indem sie die fehlerhaften Aussage, eines menschlichen Chatpartners falsifizierte.",Google Play Store,2026-09-25T09:15:33.291431+00:00
Lufthansa,com.lufthansa.android.lufthansa,48674944-d2e9-466a-aeb9-9cb724442811,2026-08-19T07:53:19,4,"Etwas übung braucht es um die Boardkarten zu finden, funktioniert aber gut.",Google Play Store,2026-09-25T09:15:33.291431+00:00
Lufthansa,com.lufthansa.android.lufthansa,1f5c9530-6fcb-48fd-aa51-6b4135b9d43c,2026-08-19T04:58:13,5,einfach zu bedienen und übersichtlich,Google Play Store,2026-09-25T09:15:33.291431+00:00
Lufthansa,com.lufthansa.android.lufthansa,b13e0603-64e2-4b05-8576-b1cf8b0a8ad9,2026-08-18T18:31:15,5,der bestens Service apsolut,Google Play Store,2026-09-25T09:15:33.291431+00:00
Lufthansa,com.lufthansa.android.lufthansa,e3a88048-ac4f-4267-b3b0-732d156ef35c,2026-08-18T08:18:15,1,"Man wird plötzlich abgemeldet und kann sich dann nicht mehr anmelden. Wenn man auf Login klickt, erscheint eine leere Seite ohne Eingabemaske. Wäre ich schon am Flughafen, hätte ich ein Problem. Selbst Ryanair hat eine bessere App!!!",Google Play Store,2026-09-25T09:15:33.291431+00:00
Lufthansa,com.lufthansa.android.lufthansa,6f713a5b-3804-48ac-b9f8-1bd93465c2c4,2026-08-18T04:31:47,5,Die App ist o.k. Mit Lufthansa selbst ist es so ähnlich wie mit der Bahn. Ich vermeide die Airline wenn immer es geht.,Google Play Store,2026-09-25T09:15:33.291431+00:00
Lufthansa,com.lufthansa.android.lufthansa,8b3f472e-0d45-4c13-a143-e832fcb144b0,2026-08-17T19:33:21,1,"Ein Armutszeugnis für die Lufthansa. Wollte Flug für den nächsten Tag umbuchen, aber bei ""auswählen"" kam immer eine Fehlermeldung, auch bei anderen Verbindungen. Habe versucht es im Live-Chat zu lösen - erfolglos. Die Antwortzeiten waren mehrere Minuten und obwohl ich die Informationen zum Flug schon geschrieben habe, wurde ich wieder danach gefragt. Die Tastatur hat mein Textausgabefeld verdeckt. Musste 45 Minuten telefonieren und habe dann noch einen schlechteren Preis bekommen als in der App.",Google Play Store,2026-09-25T09:15:33.291431+00:00
Lufthansa,com.lufthansa.android.lufthansa,52a12a34-e947-4f80-ab21-04d3d7e49223,2026-08-17T08:48:45,5,Sehr zufrieden. Bisher null Probleme und ausreichend Informationen. Danke.,Google Play Store,2026-09-25T09:15:33.291431+00:00
Lufthansa,com.lufthansa.android.lufthansa,40458531-07d4-428c-ae57-8a17bb265499,2026-08-16T12:14:30,5,"Für mich funktioniert die App jedesmal hervorragend. Bordkarten, Gate Informationen, Bereich Aufgabegepäck, die Informationen zum Flug werde pünktlich und sicher Aktualisiert. Ich hatte bislang immer und alle Informationen erhalten. 👍",Google Play Store,2026-09-25T09:15:33.291431+00:00
Lufthansa,com.lufthansa.android.lufthansa,49205df6-2928-4a45-9bef-5497879a68da,2026-08-16T11:32:45,5,tiptop,Google Play Store,2026-09-25T09:15:33.291431+00:00
Lufthansa,com.lufthansa.android.lufthansa,3225ee75-a3f5-43ce-b8d6-604f45e8b9ea,2026-08-16T08:39:15,1,"ich kann mich nicht mehr in der App anmelden, weil der Link der App auf die travel ID LOGOUT Seite führt, anstatt auf login. app neu installiert, keine Verbesserung. bisher keine Antwort nach Mail an den Support",Google Play Store,2026-09-25T09:15:33.291431+00:00
Lufthansa,com.lufthansa.android.lufthansa,a38447a8-6b13-4784-809a-45b31bdb6f6e,2026-08-16T07:11:31,5,Zufrieden,Google Play Store,2026-09-25T09:15:33.291431+00:00
Lufthansa,com.lufthansa.android.lufthansa,6fee925f-a352-4bbb-b33d-ad72c0bfb3db,2026-08-15T21:33:12,1,"Extrem langsam und keine Möglichkeit die Buchung abzuschließen. ok, wenn man keinen Umsatz machen möchte.",Google Play Store,2026-09-25T09:15:33.291431+00:00
Lufthansa,com.lufthansa.android.lufthansa,adabc1ce-07c0-4958-b5cd-55e9700b0cd4,2026-08-15T14:30:15,1,"unmöglich mit der App und der Webseite Flüge zu buchen. Die verschiedenen Schritten dauern ewig bis die geladen haben. Und das Schlimmste, man klickt auf weiter zur Bezahlung und passiert nichts. Es ist unmöglich, dass so eine bekannte Airline, so ein lächerliches System hat. Skyscanner, Kayak und auch anderen Airlines arbeiten viel schneller.",Google Play Store,2026-09-25T09:15:33.291431+00:00
Lufthansa,com.lufthansa.android.lufthansa,1de2a087-3593-40dc-a69f-7fbea23c12e6,2026-08-15T07:52:21,5,Hilft immer!,Google Play Store,2026-09-25T09:15:33.291431+00:00
Lufthansa,com.lufthansa.android.lufthansa,69e83619-af4c-4464-8cda-9b1979faf138,2026-08-15T06:52:06,5,... einfach LUFTHANSA!,Google Play Store,2026-09-25T09:15:33.291431+00:00
Lufthansa,com.lufthansa.android.lufthansa,db032800-94e6-4f79-8f58-2e918c991d3d,2026-08-15T00:55:39,1,"Für zwei Lufthansaflüge wurde mir von LH nahegelegt diese App zu nutzen. Also App installiert, registriert und die Buchungen übertragen. Am Vortag des 1. Fluges war ich zwar noch angemeldet, die Buchungen aber verschwunden. Also die Buchungen nocheinmal übertragen. Der Hinflug ging so lalala. Mir bleibt es jedoch ein Rätsel, warum man (bei beiden Flügen eine elektronischen Check in macht, wenn man bei der Gepäckaufgabe eh nochmal einen Check in macht. Der Rückflug war die Katastrophe. Während mi",Google Play Store,2026-09-25T09:15:33.291431+00:00
Lufthansa,com.lufthansa.android.lufthansa,d2dd5b8d-c650-48d9-9026-529f896c87b7,2026-08-15T00:18:24,5,beste,Google Play Store,2026-09-25T09:15:33.291431+00:00
Lufthansa,com.lufthansa.android.lufthansa,c43728e5-b12c-4178-8eea-ffa40d93547f,2026-08-14T18:03:50,5,Super App,Google Play Store,2026-09-25T09:15:33.291431+00:00
Lufthansa,com.lufthansa.android.lufthansa,116f14ad-b8d6-4c95-ae4e-df3ad9b7ab3d,2026-08-14T08:31:16,5,Einfach in der Handhabung und great für Updates zum aktuellen Flug.,Google Play Store,2026-09-25T09:15:33.291431+00:00
Lufthansa,com.lufthansa.android.lufthansa,28f3881e-af59-4a9e-a63d-7cb10287d6b6,2026-08-13T11:17:51,5,"Übersicht, leicht verständlich",Google Play Store,2026-09-25T09:15:33.291431+00:00
Lufthansa,com.lufthansa.android.lufthansa,2a0059ba-c909-437b-a090-b57c2bfc8c1c,2026-08-13T04:55:11,5,"einfach, schnell und übersichtlich",Google Play Store,2026-09-25T09:15:33.291431+00:00
Lufthansa,com.lufthansa.android.lufthansa,a3c02262-c4c4-494d-aafa-22222ca58a6b,2026-08-12T18:39:26,1,"Warum ist es so unfassbar kompliziert, einen Flug umzubuchen mit langsamem Live-Cht und allem?",Google Play Store,2026-09-25T09:15:33.291431+00:00
Lufthansa,com.lufthansa.android.lufthansa,95b34ec1-b740-4303-8f49-53bd3a54151a,2026-08-12T14:31:30,5,einfach meeegaaa 😊,Google Play Store,2026-09-25T09:15:33.291431+00:00
Lufthansa,com.lufthansa.android.lufthansa,18148e9e-a370-42e8-a9ba-846630ec3702,2026-08-12T11:26:16,1,einloggen über die App geht micht da die weiterleitung zu chrome nicht lädt,Google Play Store,2026-09-25T09:15:33.291431+00:00
Lufthansa,com.lufthansa.android.lufthansa,e04ee109-c46a-4a10-beaa-90135057cb2a,2026-08-12T09:23:12,5,Bis jetzt super,Google Play Store,2026-09-25T09:15:33.291431+00:00
Lufthansa,com.lufthansa.android.lufthansa,e2275f37-6e26-43c2-b501-186d19993ef6,2026-08-12T07:32:50,1,"Zur Info an alle mitleidenden App-Nutzer: Anscheinend ist die App nur auf die jeweils ""aktuellste"" Browser-Version von Firefox, Opera & Co. programmiert, darum bei diesem LH-App-LogIn-Fehler mal die Browser-App aktualisieren ... //// Noch immer beim LogIn: ""1Fehler - Es ist ein technischer Fehler aufgetreten""! Diese LHApp (MM genauso) ist wie die Airline - leider alternativlos aufgrund der Monopolstellung - auf beides würde ich (ehem. Vielflieger) gerne verzichten wenn ich eine Wahl hätte ...",Google Play Store,2026-09-25T09:15:33.291431+00:00
Lufthansa,com.lufthansa.android.lufthansa,566b1051-8c51-4eb0-a96c-f8fa54ac9ccc,2026-08-11T10:06:57,5,Super Sehr Informationen reich,Google Play Store,2026-09-25T09:15:33.291431+00:00
Lufthansa,com.lufthansa.android.lufthansa,ffa21c2a-95d3-413e-a6da-8e93ee0a205e,2026-08-11T08:25:48,5,Wenn nd diese App dann könnte ich weniger schlafen da die App einen später geplanten Flug angezeigt hatte,Google Play Store,2026-09-25T09:15:33.291431+00:00
Lufthansa,com.lufthansa.android.lufthansa,6945cf4e-9dfb-499d-b086-991968e69bf2,2026-08-10T11:07:59,5,Sehr zufrieden,Google Play Store,2026-09-25T09:15:33.291431+00:00
Lufthansa,com.lufthansa.android.lufthansa,f49d3e07-69a4-47e8-92ac-73ea3f542766,2026-08-10T07:44:39,2,"Anmeldung geht nicht. Versuche seit Freitag mich anzumelden in der App, komme immer nur auf eine weiße Seite wo oben Logout steht.",Google Play Store,2026-09-25T09:15:33.291431+00:00
Lufthansa,com.lufthansa.android.lufthansa,be0b4ac7-8b11-49cd-bdf3-236472f0f04e,2026-08-09T16:50:53,5,Hat alles super geklappt!!!😊,Google Play Store,2026-09-25T09:15:33.291431+00:00
Lufthansa,com.lufthansa.android.lufthansa,54abd0ad-545c-45c0-ab9c-9a768f9a7f83,2026-08-09T13:01:44,1,"Vergangene Flüge nicht mehr verfügbar. Miles&More lässt sich nicht im Profil hinterlegen, da Link ins nichts führt. Wie bekomme ich die vorherige App Version wieder hergestellt? Edit 08.26:Sicherung mit 2-Faktor-Authentifizierung funktioniert nicht, da Code nicht akzeptiert wird.",Google Play Store,2026-09-25T09:15:33.291431+00:00
Lufthansa,com.lufthansa.android.lufthansa,58643447-872e-4ebc-b973-4cb79ed19e3d,2026-08-09T12:17:14,1,dauernd Fehlermeldungen. Einloggen geht nicht. flüge können nicht verwaltet werden.,Google Play Store,2026-09-25T09:15:33.291431+00:00
Lufthansa,com.lufthansa.android.lufthansa,84a86b25-a0ac-48df-9b04-e2df266176bc,2026-08-09T09:36:28,5,"funktioniert super, grosse Hilfe. Perfekt!",Google Play Store,2026-09-25T09:15:33.291431+00:00
Lufthansa,com.lufthansa.android.lufthansa,6f446556-ca6b-4cbb-8e5a-157df95b1450,2026-08-09T08:35:13,1,kaum Angebote,Google Play Store,2026-09-25T09:15:33.291431+00:00
Lufthansa,com.lufthansa.android.lufthansa,ed16c39e-8bc4-4ce2-9a61-2e42a7d36824,2026-08-08T18:11:46,1,Eine Komplette Katastrophe. Lufthansa hat meinen Flug annulliert. Ich stand am Flughafen mit 2 klein Kindern ich wollte dann meine geld zurückerstattet bekommen. die App hat ein Ersatz flug für mich genehmigt obwohl ich das nicht wollte. 2 Tage von meinem Urlauber verloren. Und die Mitarbeiter waren dann noch sehr unfreundlich. Im Endeffekt hätte ich bei 700 Euro bloß 200 Euro Steuern zurückerstattet bekommen. Obwohl ich nichts akzeptiert habe in der App.,Google Play Store,2026-09-25T09:15:33.291431+00:00
Lufthansa,com.lufthansa.android.lufthansa,4f6ad7f3-df05-4c79-a4ba-1f9bc1947e56,2026-08-08T14:11:57,2,"Ich kann mich nicht in der App anmelden. Es heißt, ""technischer Fehler, versuchen Sie es später noch einmal"". Ich versuche es seit über zwei Wochen und es klappt nicht. Ich habe die App auch schon neu installiert, keine Veränderung. Wann ist denn wohl später? Und wenn ich in der App nicht meine Flüge auf einen Blick habe, dann nutzt sie mir auch nichts.",Google Play Store,2026-09-25T09:15:33.291431+00:00
Lufthansa,com.lufthansa.android.lufthansa,79545629-488a-4460-b601-d24d28cd6760,2026-08-08T04:05:00,5,Mit Lufthansa zu fliegen ist einfach angenehm und unkompliziert. Immer wieder gerne🫶,Google Play Store,2026-09-25T09:15:33.291431+00:00
Lufthansa,com.lufthansa.android.lufthansa,d9d1c2c5-ccc2-4de2-abe3-f2ddc5aa57b6,2026-08-06T11:27:16,1,"kein login mehr möglich. Geräte Neustart, Deinstallation, nichts hilft. entweder erscheint eine Fehlermeldung oder man landet bei Logout",Google Play Store,2026-09-25T09:15:33.291431+00:00
Lufthansa,com.lufthansa.android.lufthansa,68345dc3-d99e-417c-8716-d4fb06b448ee,2026-08-06T08:38:03,2,Extrem umständlich und verschachtelt. Wo ist das wichtigste Feature nach dem Checkin und der Bordkarte: Der Kalenderexport?,Google Play Store,2026-09-25T09:15:33.291431+00:00
Lufthansa,com.lufthansa.android.lufthansa,651fbd6e-0597-4661-b0de-c5aa3ae3286a,2026-08-05T05:18:17,1,Keine Möglichkeit die notwendigen Daten einzugeben.,Google Play Store,2026-09-25T09:15:33.291431+00:00
Lufthansa,com.lufthansa.android.lufthansa,b43987e2-cdad-4042-9d5b-313a7a4c757d,2026-08-03T18:51:09,2,"Wenn man versucht, die Daten der reisenden Person zu ändern, muss man den 6 stelligen Code RÜCKWÄRTS eingeben, damit er akzeptiert wird. Außerdem sieht man die Code Eingabemaske während des Eingebens nicht. Erst nach Bestätigen sieht man den eingegebenen Code, dann ist es aber schon zu spät sofern man ihn nicht rückwärts eingetragen hat. Absolut verrückt.",Google Play Store,2026-09-25T09:15:33.291431+00:00
Lufthansa,com.lufthansa.android.lufthansa,368a478c-5988-44fa-8fa3-8ccd22797a6c,2026-08-03T14:54:32,4,Alles gut,Google Play Store,2026-09-25T09:15:33.291431+00:00
Lufthansa,com.lufthansa.android.lufthansa,9cac2af3-0513-440c-b173-9ae173230573,2026-08-03T07:57:46,4,reliable,Google Play Store,2026-09-25T09:15:33.291431+00:00
Lufthansa,com.lufthansa.android.lufthansa,a8fa386a-2266-4bcc-99a4-c1df483d6e98,2026-08-03T07:00:30,1,"die App macht einem zu Ware. Sitzplätze werden einfach zugeteilt, änderung nur mit Zahlung möglich.",Google Play Store,2026-09-25T09:15:33.291431+00:00
Lufthansa,com.lufthansa.android.lufthansa,65c8e6da-644b-46b5-9025-b4abba77eb0f,2026-08-03T04:03:58,5,Sehr gute und übersichtliche App.,Google Play Store,2026-09-25T09:15:33.291431+00:00
Lufthansa,com.lufthansa.android.lufthansa,f8b8032e-020e-4cd7-bb9a-23b95da6eb15,2026-08-02T15:04:48,1,"Login mit TravelId seit Wochen nicht möglich. Ticket vor 10 Tagen erstellt, bisher keine Reaktion. Müll. Inzwischen geht der Login auch in der M&M-App nicht mehr. Erreichbar? Niemand. Glückwunsch zu dieser Qualität. Wenn ich als dev ebenso arbeitete hätte ich nach einem Tag die Fristlose.",Google Play Store,2026-09-25T09:15:33.291431+00:00
Lufthansa,com.lufthansa.android.lufthansa,a411e493-3fc5-4aa1-9c1b-7e77660b9809,2026-08-01T13:11:39,5,Super einfach und schnell.,Google Play Store,2026-09-25T09:15:33.291431+00:00
Lufthansa,com.lufthansa.android.lufthansa,61495a75-fed7-4f4a-a2aa-5f8e0d528e29,2026-08-01T06:30:52,5,Super,Google Play Store,2026-09-25T09:15:33.291431+00:00
Lufthansa,com.lufthansa.android.lufthansa,2b705a69-8932-4f16-bdff-26f247895625,2026-07-31T15:06:37,1,seit Tagen ist ein Login in der Lufthansa App nicht möglich...,Google Play Store,2026-09-25T09:15:33.291431+00:00
Lufthansa,com.lufthansa.android.lufthansa,3a9365dd-ec1a-4187-bae2-431beea4b1f2,2026-07-31T11:11:48,5,Bis jetzt alles okay,Google Play Store,2026-09-25T09:15:33.291431+00:00
Lufthansa,com.lufthansa.android.lufthansa,f53c888f-05ad-4c3a-a579-51b1232838a5,2026-07-31T08:13:04,5,ist wirklich besser geworden,Google Play Store,2026-09-25T09:15:33.291431+00:00
Lufthansa,com.lufthansa.android.lufthansa,87852b24-c003-4140-8850-1c3628c78959,2026-07-30T16:20:14,5,Perfekte Benachrichtigung 👍,Google Play Store,2026-09-25T09:15:33.291431+00:00
Lufthansa,com.lufthansa.android.lufthansa,3425cc40-c7f2-485c-86c7-603f432d2747,2026-07-30T15:47:13,5,"nicht einfach, sonst geht.",Google Play Store,2026-09-25T09:15:33.291431+00:00
Lufthansa,com.lufthansa.android.lufthansa,afe387fa-cdc3-4f23-a945-20a88fcf7f6e,2026-07-29T09:23:40,1,"Alles neu, nichts funktioniert mehr",Google Play Store,2026-09-25T09:15:33.291431+00:00
Lufthansa,com.lufthansa.android.lufthansa,0542437f-c1d0-4d07-bc29-8e3a612d39bc,2026-07-28T09:53:27,1,Nehmt dem Praktikanten die Tastatur weg. Die App meldet einen ständig ab und dann treten dauernd Fehler auf wenn man sich wieder anmelden möchte. Ich bin zurück zum Papierticket. Beschämend.,Google Play Store,2026-09-25T09:15:33.291431+00:00
Lufthansa,com.lufthansa.android.lufthansa,874af5f4-0f28-408c-9476-963ac682b957,2026-07-28T09:14:52,5,sehr gut,Google Play Store,2026-09-25T09:15:33.291431+00:00
Lufthansa,com.lufthansa.android.lufthansa,6a37a490-bb3e-4c48-b16c-cebf56a1e9de,2026-07-27T15:51:16,1,"Dieses Unternehmen 7st leider nicht mehr zu empfehlen. Machen Fehler und stehen nicht dazu . Keine Einsicht. habe Fenster 8A gebucht, und soll dann 22 B sitzen ,und wollen mir erzählen Sri gleiche Kategorie. Und zicken jetzt herum, total unfähig.",Google Play Store,2026-09-25T09:15:33.291431+00:00
Lufthansa,com.lufthansa.android.lufthansa,6ac04cc8-778d-4986-a646-90e4cc828866,2026-07-26T21:12:51,2,"Wie es hier ja schon mehrfach steht: eigentlich gut, aber die login Probleme treiben einen in den Wahnsinn!!",Google Play Store,2026-09-25T09:15:33.291431+00:00
Lufthansa,com.lufthansa.android.lufthansa,0ff59f78-fc9d-4a87-a24a-99a6c8145277,2026-07-26T07:28:27,1,Nutze die App seit Jahren und war immer sehr zufrieden. Seit den letzten Updates funktioniert leider gar nichts mehr. Login geht nicht mehr. Technischer Fehler wird gemeldet. Neu installieren hat nichts gebracht. PIN wird auch nicht mehr akzeptier. Alles zurückgesetzt und neu gemacht bringt auch kein Erfolg. Was ist denn bitte bei euch los! Die LH App wurde mal ausgezeichnet als beste App und jetzt seit Monaten diese Vollkatastrophe!,Google Play Store,2026-09-25T09:15:33.291431+00:00
Lufthansa,com.lufthansa.android.lufthansa,721efdf8-d230-49da-bc17-31658217b9b6,2026-07-25T15:15:39,5,Sehr gut..,Google Play Store,2026-09-25T09:15:33.291431+00:00
Lufthansa,com.lufthansa.android.lufthansa,d3f6b4e5-79be-4c4a-ad54-3245cddaa0a3,2026-07-25T12:41:36,3,"Besonders wenn man nach multi-stopp Flügen schauen will, gibt es fast immer nur eine Fehlermeldung. da bringt auch ein Neustart nichts. Außerdem findet es die Flüge nicht, die sonst immer für den Zeitraum angezeigt wurden und eigentlich auch da wären.",Google Play Store,2026-09-25T09:15:33.291431+00:00
Lufthansa,com.lufthansa.android.lufthansa,615076a2-9e64-4a4e-93ca-1c8b9e590d56,2026-07-24T11:13:36,1,"Einloggen mit Zugangsdaten seit Wochen nicht mehr möglich. App gelöscht und neu installiert, trotzdem nicht erfolgreich. Samsung Galaxy S24+",Google Play Store,2026-09-25T09:15:33.291431+00:00
Lufthansa,com.lufthansa.android.lufthansa,2cee1881-e716-499c-a3df-14175d55e6c6,2026-07-24T03:53:38,5,Wie immer alles Perfekt. Kann die App jedem Empfehlen der mit der Lufthansa fliegen möchte...,Google Play Store,2026-09-25T09:15:33.291431+00:00
Lufthansa,com.lufthansa.android.lufthansa,7ed78e59-6d99-4d0c-b821-65b809fb3e61,2026-07-23T21:03:14,1,eigentlich geht überhaupt nichts was man möchte. nicht Mal ne Bordkarte vom vergangenen Flug kann man anzeigen,Google Play Store,2026-09-25T09:15:33.291431+00:00
Lufthansa,com.lufthansa.android.lufthansa,304e302a-3e8b-4d12-becb-3d387c10a16c,2026-07-23T10:19:40,4,Beste Zufriedenheit,Google Play Store,2026-09-25T09:15:33.291431+00:00
Lufthansa,com.lufthansa.android.lufthansa,f475c484-fca2-45a3-ac4b-6e52972454c9,2026-07-22T13:12:00,5,Sehr einfach und vor allem sehr hilfreich beim Fliegen!,Google Play Store,2026-09-25T09:15:33.291431+00:00
Lufthansa,com.lufthansa.android.lufthansa,1a9380a5-a19a-4209-974e-9894fa16247b,2026-07-22T11:01:46,5,"großartige App! Man bekommt alle aktuellen Nachrichten z.b. Gepäck ist aufgegeben, Boarding Time etc. sofort auf das Handy!",Google Play Store,2026-09-25T09:15:33.291431+00:00
Lufthansa,com.lufthansa.android.lufthansa,55ab2dfb-c009-4e93-99cd-a53fc4107fd6,2026-07-22T10:07:47,5,Sehr zuvorkommende und Freundliche Servicecrew bei Bodenpersonal und Flugbegleiter vielen Dank,Google Play Store,2026-09-25T09:15:33.291431+00:00
Lufthansa,com.lufthansa.android.lufthansa,3f9e4754-7574-4db2-8d27-6adc776dfd63,2026-07-22T07:32:54,1,"Hat mein Mobiltelefon, Samsung A36, zum Absturz gebracht.. da ist selbst ein Stern noch zuviel..",Google Play Store,2026-09-25T09:15:33.291431+00:00
Lufthansa,com.lufthansa.android.lufthansa,14507f77-61f1-4a4b-8774-6103623ba063,2026-07-22T06:17:32,5,Bislang alles ohne Probleme. Einziger Kritikpunkt ist das sporadische und nicht vorhersehbare Ausloggen aus der App.,Google Play Store,2026-09-25T09:15:33.291431+00:00
Lufthansa,com.lufthansa.android.lufthansa,1a0edcd1-d0a5-4d08-9be3-bcbd601111cf,2026-07-21T09:14:42,1,Kein login mehr möglich. Bei Click auf Einloggen öffnet sich nur ein leeres Browserfenster und das bei verschiedenen Browsern.,Google Play Store,2026-09-25T09:15:33.291431+00:00
Lufthansa,com.lufthansa.android.lufthansa,a8b9640b-e896-4d02-ad9b-0ececf70dca1,2026-07-20T16:46:08,5,Alles nur Super 😀,Google Play Store,2026-09-25T09:15:33.291431+00:00
Lufthansa,com.lufthansa.android.lufthansa,c8153f02-9627-4d98-9403-47db2a361fec,2026-07-20T10:31:58,5,Gut,Google Play Store,2026-09-25T09:15:33.291431+00:00
Lufthansa,com.lufthansa.android.lufthansa,d1254027-4e37-494a-ad1d-3db92cf3ae4f,2026-07-20T03:43:54,5,"Pre-CheckIn am Vorabend sehr gut und problemlos, nette Mitarbeiter!",Google Play Store,2026-09-25T09:15:33.291431+00:00
Lufthansa,com.lufthansa.android.lufthansa,bc917bfb-81c0-47bc-9168-a2d05b42ffbf,2026-07-19T07:50:52,5,Top!,Google Play Store,2026-09-25T09:15:33.291431+00:00
Lufthansa,com.lufthansa.android.lufthansa,9e961103-974b-4d1e-9f07-cc631bf2121b,2026-07-19T02:55:55,5,Super!,Google Play Store,2026-09-25T09:15:33.291431+00:00
Lufthansa,com.lufthansa.android.lufthansa,48d53f94-5f51-4a09-bbed-876482f9029c,2026-07-18T14:01:54,5,es passt!,Google Play Store,2026-09-25T09:15:33.291431+00:00
Lufthansa,com.lufthansa.android.lufthansa,ac0cb87d-b687-49ed-be34-73d29a70603f,2026-07-18T13:18:56,5,Alle Infos zum Flug stehen zeitnah und zuverlässig zur Verfügung. Die Bedienung ist ein Kinderspiel,Google Play Store,2026-09-25T09:15:33.291431+00:00
Lufthansa,com.lufthansa.android.lufthansa,a73d9e31-11f2-4213-af27-09f4ce03b656,2026-07-18T13:02:35,5,"top Begleitung während der Reise, immer aktuelle Änderungen und wichtige Informationen , Bordkarten immer schnell zur Hand. Klasse Service Lufthansa 👍👍👍✈️",Google Play Store,2026-09-25T09:15:33.291431+00:00
Lufthansa,com.lufthansa.android.lufthansa,44f8bb6d-d753-47ed-ab36-371e07ab7ab7,2026-07-18T09:35:00,2,"Grundsätzlich sehr nützlich, aber es gibt immer wieder neue Probleme. Aktuelles Beispiel: trotz hinterlegter Angabe zum bevorzugen Sitzplatz (Gang) bekomme ich IMMER Fenster, auch dann wenn dutzende Gangplätze noch frei sind. Da glaubt man schon, dass dies extra so läuft, um einen zu zwingen, de gewünschten Platz zu kaufen... doch der Versuch in der App den gewünschten Platz zu kaufen scheiert kontinuierlich. Noch bevor es zum Bezahlvorgang kommt.",Google Play Store,2026-09-25T09:15:33.291431+00:00
Lufthansa,com.lufthansa.android.lufthansa,0d756eaa-a063-4b77-a25e-21a07b833767,2026-07-18T08:37:26,3,Seit einer Weile wird man jedes Mal rausgeworfen und muss sich neu anmelden wenn man die App aufruft.....,Google Play Store,2026-09-25T09:15:33.291431+00:00
Lufthansa,com.lufthansa.android.lufthansa,72c3b232-b8cd-41f2-8bbd-018b40f24c84,2026-07-18T05:34:16,5,immer gut aktuell informiert,Google Play Store,2026-09-25T09:15:33.291431+00:00
Lufthansa,com.lufthansa.android.lufthansa,6a2babe8-e3df-4faf-873f-26c9a39b0b22,2026-07-18T03:02:02,5,"Gute einfache Bedienung, übersichtliche Optionen und Funktionen",Google Play Store,2026-09-25T09:15:33.291431+00:00
Lufthansa,com.lufthansa.android.lufthansa,cd5ee86c-938d-4d46-8cea-e76008124cd6,2026-07-17T18:22:53,5,"Always works and saves time across entire travel time, including preparation and upgrades.",Google Play Store,2026-09-25T09:15:33.291431+00:00
Lufthansa,com.lufthansa.android.lufthansa,105605b7-083c-4586-be05-947ab9e9c007,2026-07-16T08:48:32,5,Einfach und für die Reise alles zur Hand.,Google Play Store,2026-09-25T09:15:33.291431+00:00
Lufthansa,com.lufthansa.android.lufthansa,97c8850a-69cf-434e-bf9f-d7f1ef015167,2026-07-16T07:36:32,5,Sehr hilfreich. Bin sehr zufrieden,Google Play Store,2026-09-25T09:15:33.291431+00:00
Lufthansa,com.lufthansa.android.lufthansa,c1f5d081-06d8-4f91-8131-098eb5d5dc48,2026-07-15T16:33:31,5,Super anwendungsfreundlich,Google Play Store,2026-09-25T09:15:33.291431+00:00
Lufthansa,com.lufthansa.android.lufthansa,cbfef540-0212-4602-914f-52cb81341c2e,2026-07-15T06:19:09,1,einloggen nach update Katastrophe,Google Play Store,2026-09-25T09:15:33.291431+00:00
Lufthansa,com.lufthansa.android.lufthansa,54e12829-d3ec-4930-8b4d-ee67c893e04b,2026-07-14T10:28:35,2,"Keine Möglichkeit Check in zum machen übers Handy Smatphon, da ich kein Laptop oder ähnliches besitze",Google Play Store,2026-09-25T09:15:33.291431+00:00
Lufthansa,com.lufthansa.android.lufthansa,3f934715-4c03-4101-a2c6-015ecb02addb,2026-07-13T13:18:30,5,Perfekt war total toll,Google Play Store,2026-09-25T09:15:33.291431+00:00
Lufthansa,com.lufthansa.android.lufthansa,72fd66d7-54bd-4d51-8cc7-9d7028ec3345,2026-07-13T03:43:08,5,super informative App,Google Play Store,2026-09-25T09:15:33.291431+00:00
Lufthansa,com.lufthansa.android.lufthansa,42e38e5c-d2e0-4065-80aa-ce31667ef300,2026-07-12T14:53:31,1,"schlecht,funktioniert nicht",Google Play Store,2026-09-25T09:15:33.291431+00:00
Lufthansa,com.lufthansa.android.lufthansa,0d072ff3-f515-4a8a-a9c1-48f7f21baf55,2026-07-12T12:32:29,1,Trotz Neuinstallation ständige Übertragungsfehler.,Google Play Store,2026-09-25T09:15:33.291431+00:00
Lufthansa,com.lufthansa.android.lufthansa,1c769d9b-47a1-4cae-ac3f-cdf06177ece4,2026-07-12T10:34:54,1,"Bitte die Nutzung per VPN zulassen! Die Lufthansa Group legt Wert auf IT-Sicherheit, ich möchte dies als LH-Passagier nicht verwehrt bekommen!",Google Play Store,2026-09-25T09:15:33.291431+00:00
Lufthansa,com.lufthansa.android.lufthansa,ae6b574d-180e-4acb-b592-26da3b858ae8,2026-07-11T13:08:56,1,login lädt einfach ewig ohne zu funktionieren und auch sonst einfach schwach gemacht,Google Play Store,2026-09-25T09:15:33.291431+00:00
Lufthansa,com.lufthansa.android.lufthansa,0ad6e9ba-e676-4fd8-9b5b-255d916a618b,2026-07-11T09:12:19,2,"Zahlung sind nicht möglich, werden dauernd Fehler angezeigt. Instabiles Bild, flackernder Bildschirm, chat Assientent nur begrenzt hilfreich. Telefonischer Kundenservice nicht erreichbar. Buchung ging gut, aber alles was danach gemacht werden muss funktioniert gar nicht. Sehr schlecht entwickelte App und sehr schlechter Kunden Service, kann da auch bei Ryan Air buchen, da läuft es sogar besser.",Google Play Store,2026-09-25T09:15:33.291431+00:00
Lufthansa,com.lufthansa.android.lufthansa,542f309e-9282-4286-b815-dde7e809987e,2026-07-10T12:53:48,1,"Ich habe in dieser App einen Flug für mein Ehemann gebucht, Daten wurden korrekt eingegeben und angezeigt. Abgebucht und das Gefühl es ist alles in Ordnung. Ein paar Tage später stellen wir fest, das die App einfach die Daten überschrieben hat, also alles auf meinen Namen (Inhaber der App)! Egal wenn wir angeschrieben oder mit wem wir telefoniert haben, KEINER hat uns geholfen. Der Entwickler dieser App hat nicht im Sinne der Kunden agiert, ich muss einen neuen Ticket kaufen.",Google Play Store,2026-09-25T09:15:33.291431+00:00
Lufthansa,com.lufthansa.android.lufthansa,7956c452-33dd-436d-9e4c-0c614da27f27,2026-07-08T19:50:30,3,"Die App ist langsam, wirft mich immer wieder raus, sodass ich mich erneut einloggen muss und wenn auf der Home Seite steht ""Check-in verfügbar"" und man dann draufklickt, ist dieser dann doch noch nicht möglich. Wer auch immer für das App-Design und die Performance verantwortlich ist - ich hoffe, man ersetzt diese Leute schnell durch eine hoffentlich fähige KI...",Google Play Store,2026-09-25T09:15:33.291431+00:00
Lufthansa,com.lufthansa.android.lufthansa,249d10ab-27ae-4aac-b8be-09e2fd6323a8,2026-07-08T14:48:45,5,Super,Google Play Store,2026-09-25T09:15:33.291431+00:00
Lufthansa,com.lufthansa.android.lufthansa,a4dfc693-ea04-4182-ac37-16b42a2e17d0,2026-07-08T11:34:16,1,"Adware ohne nutzen. Was funktioniert: Werbemüll in die Push-Benachrichtigungen spülen. Was nicht funktioniert: Reisepass einlesen, Sitzplatz auswählen, einfach nur benutzen. Spart euch die App, das geht am Schalter alles schneller und einfacher und ihr bekommt keine Werbung aufs Smartphone.",Google Play Store,2026-09-25T09:15:33.291431+00:00
Lufthansa,com.lufthansa.android.lufthansa,c70f9766-e3b2-4c94-8926-0c9285a4678e,2026-07-08T10:15:50,5,Sehr informativ und hilfreich,Google Play Store,2026-09-25T09:15:33.291431+00:00
Lufthansa,com.lufthansa.android.lufthansa,0d7f8f72-4336-461f-be86-5e2133625192,2026-07-07T20:09:15,1,Man kann sich nicht anmelden. Man kann keine Flüge hinzufügen. Schlecht!,Google Play Store,2026-09-25T09:15:33.291431+00:00
Lufthansa,com.lufthansa.android.lufthansa,cc887956-c8eb-41e2-a0cb-d1c7e29590f8,2026-07-07T16:24:23,2,"App ist nicht synchron zum Iststand. Sie zeigt nicht das an, was am Flughafenbildschirm steht. ""Go to Gate"" vs. ""Boarding hat begonnen"". Komisch, der Flieger ost noch gar nicht angekommen",Google Play Store,2026-09-25T09:15:33.291431+00:00
Lufthansa,com.lufthansa.android.lufthansa,ac50debc-822b-4b54-b5f1-8cdc7ab30a0e,2026-07-07T06:01:55,5,Super einfache Handhabung. Sehr gut durchdacht. 👍🏽,Google Play Store,2026-09-25T09:15:33.291431+00:00
Lufthansa,com.lufthansa.android.lufthansa,5ce37db8-9f77-488d-bac9-2302e9104334,2026-07-07T04:41:28,5,Super,Google Play Store,2026-09-25T09:15:33.291431+00:00
Lufthansa,com.lufthansa.android.lufthansa,27b9da76-a30d-4058-9099-5cd548786991,2026-07-06T06:34:07,1,Buchung kann in der App nicht verwaltet werden. Telefon-Support gibt's auch nicht. Jede chinesische Billig-Airline kann das besser.,Google Play Store,2026-09-25T09:15:33.291431+00:00
Lufthansa,com.lufthansa.android.lufthansa,341856ab-5935-48a8-a3c9-c50bc6b5216e,2026-07-05T18:09:26,1,"seit dem Update , nur Katastrophe, konnte mich 2 Std vor dem Flug nicht mehr einloggen",Google Play Store,2026-09-25T09:15:33.291431+00:00
Lufthansa,com.lufthansa.android.lufthansa,943b01f1-dae2-423e-9293-597b04e015f3,2026-07-05T17:22:49,1,"Nach letztem Update unbrauchbar Bei sämtlichen Einstellungen, Profildaten und Kontaktaufnahmemöglichkeiten landet man in einer Cloudflare Botprüf-Endlosschleife, sodass aufgrund des Problems nicht einmal eine Kontaktaufnahme zur Problembehandlung möglich ist. Damit ist die App leider nicht nutzbar...",Google Play Store,2026-09-25T09:15:33.291431+00:00
Lufthansa,com.lufthansa.android.lufthansa,ca2d8429-f5ea-43b2-aac8-bb3c92db7360,2026-07-03T17:41:41,5,"Sehr gute App, alle Infos und Bordkarten bei Unsteige Flügen Übersichtlich Angeordnet.",Google Play Store,2026-09-25T09:15:33.291431+00:00
Lufthansa,com.lufthansa.android.lufthansa,a4502bda-41c5-4a32-b0ed-8f30b413c75e,2026-07-03T11:01:03,5,Top!,Google Play Store,2026-09-25T09:15:33.291431+00:00
Lufthansa,com.lufthansa.android.lufthansa,b1724030-31ad-4ea2-9a38-dd71471a55bf,2026-07-03T10:15:42,2,Im Moment funktioniert kaum was. Man kann Miles & More nicht hinterlegen (technische issues) und einloggen geht auch nicht (logout-Seite ohne Login-Button),Google Play Store,2026-09-25T09:15:33.291431+00:00
Lufthansa,com.lufthansa.android.lufthansa,df69c004-a8b2-4df6-a025-ca8bceff4dc5,2026-07-03T06:55:26,1,"Anmeldung nicht möglich. Cache ist gelöscht, trotzdem kommt immer die Meldung, dass ein technisches Problem aufgetreten ist und man es später versuchen soll.",Google Play Store,2026-09-25T09:15:33.291431+00:00
Lufthansa,com.lufthansa.android.lufthansa,1871c741-dead-4598-923a-89f6194c3238,2026-06-30T21:59:21,1,"Wie viele bereits geschrieben haben ist eine Anmeldung in der App, seit dem letzten Update nicht mehr möglich. Vielleicht liegt es daran, dass ich seit Corona und ein Jahr davor keine Flüge mehr bei der Lufthansa gebucht habe. Dies betrifft auch die Miles & More App.",Google Play Store,2026-09-25T09:15:33.291431+00:00
Lufthansa,com.lufthansa.android.lufthansa,b8e922d8-7762-4a47-bcff-2665cd73b56b,2026-06-30T08:37:15,5,Macht was sie soll. Ist gut verständlich.,Google Play Store,2026-09-25T09:15:33.291431+00:00
Lufthansa,com.lufthansa.android.lufthansa,ad514ce1-e521-4556-a3af-eec6067d35dc,2026-06-30T08:36:48,5,"Die App funktioniert schnell und einwandfrei bei der Buchung beim Erstellen der Bordkarten bei der Gepäckaufgabe bei Betreten des Sicherheitsbereichs und beim Boarding. Man bekommt immer aktuelle Information, z.B. Gepäck ist verladen oder Gate hat sich geändert. Was will man mehr ?",Google Play Store,2026-09-25T09:15:33.291431+00:00
Lufthansa,com.lufthansa.android.lufthansa,0ad9e4c7-95de-4978-a8c3-c0530c6ffc1c,2026-06-30T01:06:58,1,funktioniert nicht Login stürzt 10x an oder lädt garnicht TravelID wird nicht erkannt oder App geht nicht auf,Google Play Store,2026-09-25T09:15:33.291431+00:00
Lufthansa,com.lufthansa.android.lufthansa,bed47ade-f0b0-4d4e-8ec1-f8bf00b7c4bb,2026-06-29T20:05:34,5,Alles bestens,Google Play Store,2026-09-25T09:15:33.291431+00:00
Lufthansa,com.lufthansa.android.lufthansa,0796e131-6dcb-4e7e-99f3-a9cd11a7ced2,2026-06-28T20:17:37,1,"Die App funktioniert seit dem neusten Update nicht mehr. Es ist keine Anmeldung im Konto mehr möglich, neu gebuchte Flüge werden nicht mehr angezeigt und buchen über die App funktioniert auch nicht mehr. Auch die Webseite funktioniert seit kurzem nicht mehr, man braucht einige versuche bis mal die Zeile zum buchen angezeigt wird.",Google Play Store,2026-09-25T09:15:33.291431+00:00
Lufthansa,com.lufthansa.android.lufthansa,87a26920-733c-4ec4-9a3c-7336fee91c8b,2026-06-27T16:20:23,5,Alles super gelaufen.,Google Play Store,2026-09-25T09:15:33.291431+00:00
Lufthansa,com.lufthansa.android.lufthansa,719ec0d8-cc24-4431-80ff-91378109fc53,2026-06-27T15:51:56,5,Lufthansa ist und bleibt ein Maßstab. 👍👍👍,Google Play Store,2026-09-25T09:15:33.291431+00:00
Lufthansa,com.lufthansa.android.lufthansa,f0e6a4c4-bcf8-45e3-9929-e23ed91bdd33,2026-06-27T15:01:14,1,"update 27.6.2026: App ist NICHT nutzbar. Keinerlei Anmeldungen möglich, Cache gelöscht, alles probiert. Keine Chance sich einzuloggen. Keine Gutschrift von Meilen möglich oder irgendeine Interaktion....",Google Play Store,2026-09-25T09:15:33.291431+00:00
Lufthansa,com.lufthansa.android.lufthansa,fd82d0c9-df36-470b-94e7-59a2f2fd1c20,2026-06-27T13:27:27,4,"Alles in Ordnung, gerne wieder!!",Google Play Store,2026-09-25T09:15:33.291431+00:00
Lufthansa,com.lufthansa.android.lufthansa,ad0cac01-44c2-42d1-8b4d-2c8043684ea6,2026-06-26T16:25:00,1,"Katastrophe Wahrscheinlich verschwinden in der App Buchungen, falls ein Flug storniert wird und man Geld zurück will. Passt zum derzeitigen Zustand der Lufthansa.",Google Play Store,2026-09-25T09:15:33.291431+00:00
Lufthansa,com.lufthansa.android.lufthansa,8a217391-0970-461d-a1e7-164e60e0dfab,2026-06-26T15:24:16,2,Läuft sehr instabil. Kann mich auch seit neuestem nicht mehr anmelden. Wieso muss man für den login in den Browser wechseln? Sind wir hier in 2010 ? Lieber alles sicherheitshalber ausdrucken,Google Play Store,2026-09-25T09:15:33.291431+00:00
Lufthansa,com.lufthansa.android.lufthansa,a340d8ac-eb6f-4bfe-ae24-26426408c432,2026-06-25T04:18:10,5,"top,wie immer!Grazie Tutti!",Google Play Store,2026-09-25T09:15:33.291431+00:00
Lufthansa,com.lufthansa.android.lufthansa,17c7ffdb-dbbc-404a-adc6-50ad5c16289b,2026-06-23T08:37:25,3,"App ist optisch gut.... das war's aber auch schon. LH gebucht-code share Flug bekommen, kein ONLINE CHECK IN möglich, keine digitale Bordkarte erlaubt am gate... Absturz in die Steinzeit... armer Kranich",Google Play Store,2026-09-25T09:15:33.291431+00:00
Lufthansa,com.lufthansa.android.lufthansa,f5b8b0f7-43cd-499d-b341-8821497711ed,2026-06-23T06:00:59,5,"Hannover Flughafen, alles perfekt",Google Play Store,2026-09-25T09:15:33.291431+00:00
Lufthansa,com.lufthansa.android.lufthansa,2a19a771-f8e4-43f6-acc4-21edf6a52e09,2026-06-20T21:29:54,5,perfekt danke,Google Play Store,2026-09-25T09:15:33.291431+00:00
Lufthansa,com.lufthansa.android.lufthansa,65631314-dff6-49c7-869b-9ed5b33c4352,2026-06-20T13:31:22,5,"Läuft alles prima mit dieser App. Bin begeistert! Finde auch toll, dass ich sogar das Menü sehen.",Google Play Store,2026-09-25T09:15:33.291431+00:00
Lufthansa,com.lufthansa.android.lufthansa,ee477f90-4f30-4418-b11d-114f25813caa,2026-06-20T09:06:58,5,Es ist toll,Google Play Store,2026-09-25T09:15:33.291431+00:00
Lufthansa,com.lufthansa.android.lufthansa,8ad6db69-e189-458e-9266-0fd6be23678d,2026-06-20T07:19:58,1,"Die App ist nicht sonderlich gut. Der Account wird regelmäßig rausgeschmissen, so dass man sich neu anmelden muss. Das ist eine Vollkatastrophe, wenn man die Bordkarten zwischen kurzen Umstiegen zwingend benötigt. Da hilft auch kein Handyneustart mehr. Irgendwann kommt eine Fehlermeldung wegen irgendeinem Cache und man kann sich wenigstens neu anmelden - aber davor kreiselt die Bordkarte ""stundenlang"" im Kreis und die App lässt den User im Trockenen sitzen. Ach ja - Reispassscan geht nicht.",Google Play Store,2026-09-25T09:15:33.291431+00:00
Lufthansa,com.lufthansa.android.lufthansa,01be5130-8898-46ed-b88d-faff6223b3dc,2026-06-20T04:53:33,5,Perfekt und sehr zuverlässig 👍,Google Play Store,2026-09-25T09:15:33.291431+00:00
Lufthansa,com.lufthansa.android.lufthansa,fff67106-bc34-487f-a03d-534e26666433,2026-06-19T12:32:02,3,"Warum diese App was wann macht - ich weiß es nicht, da hilft alles Probieren nichts. Immerhin kommen irgendwann Mails mit den Infos, die die App selbst so erfolgreich versteckt.",Google Play Store,2026-09-25T09:15:33.291431+00:00
Lufthansa,com.lufthansa.android.lufthansa,84787ea0-bc04-4c62-902b-df07f577b008,2026-06-15T15:23:31,1,"Schreckliche Menüführung. Ständig werden einfache Webviews angezeigt, da kann man auch einfach im Browser bleiben.",Google Play Store,2026-09-25T09:15:33.291431+00:00
Lufthansa,com.lufthansa.android.lufthansa,822c24bc-693b-4fb1-94dd-543645bb1785,2026-06-15T11:31:11,1,Einloggen nicht möglich,Google Play Store,2026-09-25T09:15:33.291431+00:00
Lufthansa,com.lufthansa.android.lufthansa,c7025a2d-e101-4922-9489-c6f9b4cdef24,2026-06-15T10:07:44,1,"kann seit einiger Zeit .ich nicht mehr Einloggen. als Fehlermeldung steht ""browser unterstützt login nicht."" als Lösung wird unter anderem empfohlen, Chrome zu installieren, welcher installiert ist. grausam aktuell",Google Play Store,2026-09-25T09:15:33.291431+00:00
Lufthansa,com.lufthansa.android.lufthansa,df4bc1fc-ca43-4b57-86cd-c9ca7a31730b,2026-06-15T07:27:12,5,klappt super,Google Play Store,2026-09-25T09:15:33.291431+00:00
Lufthansa,com.lufthansa.android.lufthansa,e71e4c2e-5ad9-4101-b957-d73ac75b725c,2026-06-14T12:36:15,1,Wer programmiert so etwas? Der Praktikant? Pass scannen geht aber dann kommt eine Fehlermeldung über den telweise korrekt übernommenen Namen. Kann dann manuell nicht korrigiert werden. Geht auch auf der Webseite nicht. typisch Lufthansa,Google Play Store,2026-09-25T09:15:33.291431+00:00
Lufthansa,com.lufthansa.android.lufthansa,9015a567-112e-4bf5-a5a0-925b163e84ec,2026-06-14T03:40:20,3,Stromfresser,Google Play Store,2026-09-25T09:15:33.291431+00:00
Lufthansa,com.lufthansa.android.lufthansa,a6634cea-bba4-496e-834b-8794eb30c0f2,2026-06-13T11:47:11,2,funktioniert leider nicht,Google Play Store,2026-09-25T09:15:33.291431+00:00
Lufthansa,com.lufthansa.android.lufthansa,fcfd0ad3-294c-47ae-bf8d-20eeac3a0a88,2026-06-13T10:52:47,5,Super alles übersichtlich,Google Play Store,2026-09-25T09:15:33.291431+00:00
Lufthansa,com.lufthansa.android.lufthansa,c741f283-7eea-4599-b906-d973d409a3e3,2026-06-13T09:10:53,1,"Die App ist an sich schön zu bedienen, die Stabilität ist eine Katastrophe: Bordkarten werden nicht angezeigt, obwohl runtergeladen, Miles und More ist nicht vernünftig verknüpfbar, leitet auf Fehlerseiten weiter, Daten gehen verloren. Ein schneller Patch wäre dringend erforderlich...",Google Play Store,2026-09-25T09:15:33.291431+00:00
Lufthansa,com.lufthansa.android.lufthansa,27b7fbfb-218e-4a32-a58f-818e460f511a,2026-06-13T06:25:58,5,sehr gut durchdacht,Google Play Store,2026-09-25T09:15:33.291431+00:00
Lufthansa,com.lufthansa.android.lufthansa,3220c827-ebbf-4635-ad32-f81decef0400,2026-06-13T02:32:45,5,All flight info at one's fingertips. Notifications to be up-to-date.,Google Play Store,2026-09-25T09:15:33.291431+00:00
Lufthansa,com.lufthansa.android.lufthansa,cc68abaf-b1d5-4978-92dc-def6a021a60d,2026-06-12T06:29:25,1,"Kann mich nach Update nicht mehr einloggen. ""Ein technisches Problem ist aufgetreten. Versuchen Sie es später."" Im Web funktioniert der Login, muss also an der App liegen. Das nennt man wohl ""verschlimmbessern"".",Google Play Store,2026-09-25T09:15:33.291431+00:00
Lufthansa,com.lufthansa.android.lufthansa,ad50d5f2-b42e-4d06-9f62-cfe33d56663f,2026-06-12T04:37:44,5,Sehr gut 👍,Google Play Store,2026-09-25T09:15:33.291431+00:00
Lufthansa,com.lufthansa.android.lufthansa,08154e64-56f7-4f96-bfc4-c81837b2ebe0,2026-06-11T15:40:45,1,Login ist nicht möglich,Google Play Store,2026-09-25T09:15:33.291431+00:00
Lufthansa,com.lufthansa.android.lufthansa,c26ed17e-8a16-495b-a195-0fa5839deb55,2026-06-11T12:03:02,1,"Diese App ist das reinste Chaos. Als ob es ein Anfänger programmiert hätte. Man Bucht, will zahlen, bestätigt die Zahlung bei der Bank, geht zurück und was passiert? Nichts, Geld wird abgebucht, keinerlei Bestätigung, keine Buchung und die Mitarbeiter stellen sich absolut dumm trotz mehrfacher Erklärung! Lufthansa hat sich extrem verschlechtert!",Google Play Store,2026-09-25T09:15:33.291431+00:00
Lufthansa,com.lufthansa.android.lufthansa,05056b6c-0c03-4d80-a93d-b63534d874ca,2026-06-11T10:50:35,5,"gut strukturiert, funktioniert alles",Google Play Store,2026-09-25T09:15:33.291431+00:00
Lufthansa,com.lufthansa.android.lufthansa,54e44788-1994-43d4-a201-7b8ac744f4f7,2026-06-11T03:37:41,5,alles problemlos danke,Google Play Store,2026-09-25T09:15:33.291431+00:00
Lufthansa,com.lufthansa.android.lufthansa,d18b0c07-267d-4646-bab7-1d0576f6de2c,2026-06-10T22:49:44,1,"Über eine halbe Stunde mit Abbrüchen und technischen Fehlern gekämpft. Sitzplatz aussuchen? Mehrfach nicht funktioniert. Pass scannen? Wäre ja cool, wenn nicht die Namen falsch erkennen würde. Und so weiter. Das was die schlechteste Erfahrung mit check-in, die ich je hatte.",Google Play Store,2026-09-25T09:15:33.291431+00:00
Lufthansa,com.lufthansa.android.lufthansa,cd6c7a95-07c4-47a5-b764-7deab3df7204,2026-06-10T08:47:48,1,"Werde bis zu 6 mal am Tag abgemeldet in der App, erneutes Einloggen nötig, es nervt - besonders wenn man am Flughafen ist und aktuelle Informationen benötigt!",Google Play Store,2026-09-25T09:15:33.291431+00:00
Lufthansa,com.lufthansa.android.lufthansa,aa555728-90a6-44f8-87e2-144e11897ef1,2026-06-09T11:13:21,3,In letzter Zeit muss ich mich in der App immer wieder neu Anmelden. Das nervt,Google Play Store,2026-09-25T09:15:33.291431+00:00
Lufthansa,com.lufthansa.android.lufthansa,b3f2c2b5-5a59-4325-a343-93ad1a18d64a,2026-06-08T17:47:14,1,"Seit einigen Tagen muss man sich ständig neu einloggen, da die Sitzung angeblich abgelaufen ist",Google Play Store,2026-09-25T09:15:33.291431+00:00
Lufthansa,com.lufthansa.android.lufthansa,3c9a7ee1-920a-4c64-b6e7-64fabc2acbb9,2026-06-08T15:12:36,5,alles in Ordnung. wie es sein sollte. gerne wieder!,Google Play Store,2026-09-25T09:15:33.291431+00:00
Lufthansa,com.lufthansa.android.lufthansa,10e78918-8728-46ba-b2b4-f9bc0384ab00,2026-06-08T13:29:13,5,"Die LH App, ist sehr nützlich und informativ. Alles in einem: Buchung, Bordkarten, Fluginformationen, Änderungen, usw.",Google Play Store,2026-09-25T09:15:33.291431+00:00
Lufthansa,com.lufthansa.android.lufthansa,4043d34c-b0fa-41bd-80ea-656461cd9454,2026-06-08T12:45:53,5,tippitoppi,Google Play Store,2026-09-25T09:15:33.291431+00:00
Lufthansa,com.lufthansa.android.lufthansa,2e685c36-9b40-4651-a5d0-c8ea3ee6b027,2026-06-08T06:41:37,5,Sehr angenehm und vor allem übersichtlich!,Google Play Store,2026-09-25T09:15:33.291431+00:00
Lufthansa,com.lufthansa.android.lufthansa,41aec1a7-5c4f-4b70-8495-7162a304108b,2026-06-08T04:18:33,1,"Die App ist viel zu langsam. Man wird ständig in ein Browser weitergeleitet. Am schlimmsten für einen Passagier ist es jedoch, wenn die Verfügbarkeit von Flügen in der App nicht konsistent zu den Flügen im Web Browser angezeigt werden.",Google Play Store,2026-09-25T09:15:33.291431+00:00
Lufthansa,com.lufthansa.android.lufthansa,71fb9a10-3385-4223-8d3c-aa4e332d5ced,2026-06-06T05:39:45,5,"Super einfach über Buchungen ,Check in, Bordkarte, Benachrichtigungen",Google Play Store,2026-09-25T09:15:33.291431+00:00
Lufthansa,com.lufthansa.android.lufthansa,56396c0b-d6e2-41eb-b4e9-67039f869f7b,2026-06-05T20:04:12,2,Funktioniert nur beim ersten Mal - schon bei der nächsten Flugsuche kommt immer die Meldung Keine Flüge verfügbar - wenn man dann über die Webseite als Gast bucht und alle Daten mühsam von vorn eingeben muss geht es - und wird nach Angabe der Miles&More Nummer auch richtig in der App angezeigt. Aber diesen Umstand versteht kein Mensch.,Google Play Store,2026-09-25T09:15:33.291431+00:00
Lufthansa,com.lufthansa.android.lufthansa,7cf6d6f3-5288-4ae7-b6cf-96a56228c43f,2026-06-05T17:29:54,1,Funktioniert nicht mehr auf s24+ Loggt sich immer wieder aus und teilt technische Probleme mit,Google Play Store,2026-09-25T09:15:33.291431+00:00
Lufthansa,com.lufthansa.android.lufthansa,3ec36d92-be82-42ed-8a7b-9a237bf80d88,2026-06-05T15:50:58,1,"Keine Anmeldung möglich. App prüft erst Browser. Warum? Wird einem nicht verraten. Anschließend Error. Anmeldung in Firefox versucht. Error. Wollte schon aufgeben. Habe extra anderen Browser installiert (brave). Anmeldung funktionierte, ich konnte Flüge endlich buchen. Weg zum check- in kompliziert. Geehrte Lufthansa, wenn Sie Flüge verkaufen wollen, sollten Sie dringend eine funktionierende App zur Verfügung stellen.",Google Play Store,2026-09-25T09:15:33.291431+00:00
Lufthansa,com.lufthansa.android.lufthansa,ca308865-c7b8-4e16-83ff-6108585520d5,2026-06-05T04:59:05,1,"update: leider läuft die App nicht stabil. Ich muss mich mehrmals täglich neu anmelden, da ich immer wieder ausgeloggt werde. Das ist mit Abstand die schlechteste Flugapp die ich kenne. Liebe Lufthansa Technik anstatt sinnlos nach Buchungscodes zufragen einfach mal schauen wie die Kollegen von LOT, United oder Miles&More das lösen!",Google Play Store,2026-09-25T09:15:33.291431+00:00
Lufthansa,com.lufthansa.android.lufthansa,f7a6bb9d-f1c4-4000-b3eb-de436611f297,2026-06-03T13:05:06,5,"Super Service, schöner Flug.",Google Play Store,2026-09-25T09:15:33.291431+00:00
Lufthansa,com.lufthansa.android.lufthansa,850ed64f-080a-41e4-a42c-a2ea7d1eab58,2026-06-03T08:25:42,5,Top App,Google Play Store,2026-09-25T09:15:33.291431+00:00
Lufthansa,com.lufthansa.android.lufthansa,e87da940-7be9-4593-a078-45ccd362d965,2026-06-02T17:46:58,1,"die APP verlangt, dass ich aus ""Sicherheitsgründen"" mein VPN abschalten soll. das ist leider sinnlos und nicht diakutabel, dann nutze ich die APP eben nicht.",Google Play Store,2026-09-25T09:15:33.291431+00:00
Lufthansa,com.lufthansa.android.lufthansa,06470b76-c2de-4536-b82f-937fba64322f,2026-06-02T13:27:20,1,Die App ist genau so schlecht wie der Kundenservice.,Google Play Store,2026-09-25T09:15:33.291431+00:00
Lufthansa,com.lufthansa.android.lufthansa,df9b39f2-41b7-4917-ada5-0f565ad9c4b4,2026-06-02T06:22:37,2,"Absolut träge app, super nervig. Alles lädt ewig und es kommen ständig Fehlermeldungen, weil man irgendwo abgemeldet wurde. Das Nutzererlebnis ist echt bescheiden.",Google Play Store,2026-09-25T09:15:33.291431+00:00
Lufthansa,com.lufthansa.android.lufthansa,0d74e65c-c32a-4d32-826c-4fa7b9377a45,2026-06-01T14:20:57,5,"immer gut informiert, allerdings heute 3 x Ausfall wg technischem Fehler, das erwarte ich eigentlich nicht am Tag des Fluges",Google Play Store,2026-09-25T09:15:33.291431+00:00
Lufthansa,com.lufthansa.android.lufthansa,bc131c5c-8845-43ad-a594-364817ab29c9,2026-06-01T10:23:10,1,Seit neuesten wird man immer Abgemeldet. Sehr nervig.,Google Play Store,2026-09-25T09:15:33.291431+00:00
Lufthansa,com.lufthansa.android.lufthansa,4cf0c1b6-8226-479f-8f5a-41ed560468b7,2026-05-31T22:04:12,1,"Ich musste den Check-In 5 Mal machen, bis es geklappt hat, weil es immer wieder abgebrochen hat mit der Meldung ""Da ist etwas schief gelaufen"". Jedes Mal musste ich die Daten neu eingeben. Das macht den Check-In komplizierter und deutlich unübersichtlicher als am Schalter.",Google Play Store,2026-09-25T09:15:33.291431+00:00
Lufthansa,com.lufthansa.android.lufthansa,1b59dc80-448e-48d3-ad87-9d9fec0e6c4f,2026-05-31T16:02:24,2,"Ich habe die App vor zwei Jahren installiert und hatte bisher keine Probleme. Heute zeigt die App nur die Bordkarte einer Person an, die andere wird nicht angezeigt. Es ist, als ob meine Buchung nur für eine Person gemacht worden wäre. Am Schalter konnte man nichts tun und wir sitzen schon seit Stunden im Kundenservice des Flughafens. schrecklich!",Google Play Store,2026-09-25T09:15:33.291431+00:00
Lufthansa,com.lufthansa.android.lufthansa,eda556cd-24bf-4bf2-98f0-18292bbd960f,2026-05-31T11:01:43,5,Die App hat auf jedenfall eine Aufwertung bekommen,Google Play Store,2026-09-25T09:15:33.291431+00:00
Lufthansa,com.lufthansa.android.lufthansa,3a400ffd-ebaf-476c-a335-b0cde3c56966,2026-05-31T05:48:52,1,"App startet absolut nicht mehr. Flüge können nicht mehr eingesehen werden, bzw. online check-ins durchgeführt. Verzögert erheblich die Zeit am Flughafen und reduziert den Komfort!!",Google Play Store,2026-09-25T09:15:33.291431+00:00
Lufthansa,com.lufthansa.android.lufthansa,340ee372-f095-490d-a006-5e4d70d496b1,2026-05-30T16:39:11,5,supper Personal,Google Play Store,2026-09-25T09:15:33.291431+00:00
Lufthansa,com.lufthansa.android.lufthansa,42e60bd7-85f7-4d82-b271-1bf1ab6f453d,2026-05-30T11:38:21,5,6 sterne,Google Play Store,2026-09-25T09:15:33.291431+00:00
Lufthansa,com.lufthansa.android.lufthansa,6820cc7d-fd2e-4375-bb77-0b6f1ef028fd,2026-05-30T10:07:14,5,Immer schnell auf dem Laufenden.,Google Play Store,2026-09-25T09:15:33.291431+00:00
Lufthansa,com.lufthansa.android.lufthansa,4941403c-a035-40fd-b932-5ae193518c71,2026-05-30T10:02:01,5,"guten Service, pünktlich, gute preisleistungsverhältnis",Google Play Store,2026-09-25T09:15:33.291431+00:00
Lufthansa,com.lufthansa.android.lufthansa,7542718a-6bf0-4105-b365-a425c227bb6b,2026-05-30T07:39:11,5,Top,Google Play Store,2026-09-25T09:15:33.291431+00:00
Lufthansa,com.lufthansa.android.lufthansa,b17ff0e8-dcb8-4e79-869e-d419b9dcd9d6,2026-05-30T04:41:49,5,fantastisch,Google Play Store,2026-09-25T09:15:33.291431+00:00
Lufthansa,com.lufthansa.android.lufthansa,4cb9a439-5415-4929-84b1-de5406780220,2026-05-29T11:26:08,1,"dauernd neuer Login nötig, und seit einer Woche überhaupt nicht mehr möglich",Google Play Store,2026-09-25T09:15:33.291431+00:00
Lufthansa,com.lufthansa.android.lufthansa,2b881cba-e3ec-4ca4-91ee-54d87af0b6f4,2026-05-28T21:41:26,5,super Service 👍,Google Play Store,2026-09-25T09:15:33.291431+00:00
Lufthansa,com.lufthansa.android.lufthansa,6c586cf8-fed1-4c2d-bd9a-637d7d3082ed,2026-05-28T18:00:02,5,Super,Google Play Store,2026-09-25T09:15:33.291431+00:00
Lufthansa,com.lufthansa.android.lufthansa,55383053-d37c-416c-8730-f289bdc990d8,2026-05-28T17:09:09,3,"Leider werde ich letzter Zeit immer wieder aus der App abgemeldet und muss mich neu anmelden. Oft funktioniert das nur nach mehrmaligem Versuch. Heute wurde ich mehrmals auf die Miles&More App weitergeleitet, was sehr merkwürdig ist,da ich dort einen anderen Login nutze.Das ist alles äußerst nervig. MG",Google Play Store,2026-09-25T09:15:33.291431+00:00
Lufthansa,com.lufthansa.android.lufthansa,f2d561ce-1946-4a77-a2a7-df5dbfddc7c4,2026-05-28T11:27:19,2,Die App ist gut und sauber Strukturiert. Aber wenn man sich bei jeder Nutzung neu einloggen muss dann ist es unbrauchbar. Deshalb 3 Sterne Abzug.,Google Play Store,2026-09-25T09:15:33.291431+00:00
Lufthansa,com.lufthansa.android.lufthansa,bd1a3426-a3f0-4c7e-b32c-69a8ee09a57d,2026-05-28T09:58:47,1,"currently get logged out every time closing the App, which is annoying while traveling. please change.",Google Play Store,2026-09-25T09:15:33.291431+00:00
Lufthansa,com.lufthansa.android.lufthansa,8c5abf43-971d-45bd-8f2f-e22477d82a62,2026-05-27T11:28:51,5,Sehr zuverlässig und schnell,Google Play Store,2026-09-25T09:15:33.291431+00:00
Lufthansa,com.lufthansa.android.lufthansa,62e47696-549f-4ffe-b9fa-1e0062f0f763,2026-05-27T10:40:30,5,Super Sache dass mit der App,Google Play Store,2026-09-25T09:15:33.291431+00:00
Lufthansa,com.lufthansa.android.lufthansa,72f31502-bb49-4ca1-8d41-5d4826abe55b,2026-05-26T19:10:15,1,"Funktioniert seit Wochen nicht mehr richtig. Anmeldung mit Travel ID nicht möglich (""technischer Fehler""), vergangene Buchung werden nicht angezeigt",Google Play Store,2026-09-25T09:15:33.291431+00:00
Lufthansa,com.lufthansa.android.lufthansa,34a80b7c-827d-49bf-8fd9-b41172684525,2026-05-26T12:13:12,5,Sehr übersichtlich mit zeitnahe Fluginfos,Google Play Store,2026-09-25T09:15:33.291431+00:00
Lufthansa,com.lufthansa.android.lufthansa,c9be508e-b531-4b92-974a-1cefff9e34ac,2026-05-26T07:24:02,5,"Ich benutze die App zum ersten Mal, aber für mich hat damit bisher alles gepasst.",Google Play Store,2026-09-25T09:15:33.291431+00:00
Lufthansa,com.lufthansa.android.lufthansa,d2d76198-d180-41d1-b4a7-583497ca0769,2026-05-25T20:00:59,5,"Reibungslos, Excelent!",Google Play Store,2026-09-25T09:15:33.291431+00:00
Lufthansa,com.lufthansa.android.lufthansa,b909468f-bc48-47a1-bd99-5f6997fb37f8,2026-05-25T19:50:37,1,Seit dem letzten Update nicht zu gebrauchen. ständig Verifizierung über Cloud fair ich kann mich nicht mehr einloggen völlig sinnlose App,Google Play Store,2026-09-25T09:15:33.291431+00:00
Lufthansa,com.lufthansa.android.lufthansa,eb7172e6-edcf-4da2-9f69-6efba0aafcd6,2026-05-25T16:34:28,1,"Schlechte App - unnötig, leitet für den Online CheckIn an eine andere Website weiter - In App wir CheckIn von anderer Website auch nicht erkannt",Google Play Store,2026-09-25T09:15:33.291431+00:00
Lufthansa,com.lufthansa.android.lufthansa,02b42d71-458d-4d1f-bc1a-b38c5490a40a,2026-05-25T15:23:35,1,"Nach dem aktuellen Update gab es erst Probleme mit dem Einloggen, wurde ausgeloggt und musste ein neues PW vergeben. Zudem lassen sich die Daten des Reisepartners nicht aktualisieren (ein unbekanntes technisches Problem ist aufgetreten...) Toll, nachdem die App langezeit gut funktioniert hat. Und warum das lay-out erneut ändern. Finde ich jetzt deutlich unübersichtlicher. Sinnfrei...",Google Play Store,2026-09-25T09:15:33.291431+00:00
Lufthansa,com.lufthansa.android.lufthansa,6cab2cbf-4091-4208-8fc5-0e6406fbc62d,2026-05-24T15:05:40,5,super gut Service,Google Play Store,2026-09-25T09:15:33.291431+00:00
Lufthansa,com.lufthansa.android.lufthansa,b243d356-db86-4dd9-ab82-b542e0e07ce6,2026-05-24T07:36:47,5,Tip top,Google Play Store,2026-09-25T09:15:33.291431+00:00
Lufthansa,com.lufthansa.android.lufthansa,0e53a4a3-7f97-44b0-8017-94c0f68ca551,2026-05-23T18:16:04,5,Ich bin voll zufrieden wie immer,Google Play Store,2026-09-25T09:15:33.291431+00:00
Lufthansa,com.lufthansa.android.lufthansa,4de89b0a-b433-494d-9b96-02101642b474,2026-05-23T06:35:32,1,Funktionierte anfangs super. Leider werden wir immer wieder sus der App geschmissen und es muss ein neuer LogIn erfolgen,Google Play Store,2026-09-25T09:15:33.291431+00:00
Lufthansa,com.lufthansa.android.lufthansa,db4097e7-4b7b-4a02-b183-a50e2d01258f,2026-05-23T05:31:10,5,"Super praktisch, problemlos, hat man die neueste Infos, und man kann sich drauf verlassen, ich bin sehrrrrr zufrieden.",Google Play Store,2026-09-25T09:15:33.291431+00:00
Lufthansa,com.lufthansa.android.lufthansa,98756aaf-f710-4dcc-be7c-e70d87392f11,2026-05-21T19:05:56,2,"seit Wochen spinnt die App, d.h. ich kann mich nicht mehr einloggen. Ich gebe die Daten ein (ID, Passwort), dann springt die App wieder zurück zum Login. Mehrere Anrufe bei LH mit freundlicher Info, dass ein Ticket aufgemacht wird, und ich angerufen werde. Passiert ist NULL. Kein Ticket, kein Anruf.",Google Play Store,2026-09-25T09:15:33.291431+00:00
Lufthansa,com.lufthansa.android.lufthansa,5d5b0096-bedd-4195-b0b3-c37cb093b2a4,2026-05-21T11:17:05,5,funktioniert fehlerlos und zuverlässig,Google Play Store,2026-09-25T09:15:33.291431+00:00
Lufthansa,com.lufthansa.android.lufthansa,49193fe7-f353-48be-8522-20e20d8f8ec5,2026-05-20T17:51:10,3,"Am Anfang super, jetzt hat es einen Fehler. Hab einen Gebuchten Flug hinzugefügt. Alles lief super auch die neuesten Änderungen von Gates wurden mir angezeigt. Heute zeigt mir die App meine Vergangenen Flüge nicht an und ich kann mein Profil nicht laden. Die App stockt und kommt aus dem ""Abrufen"" Modus nicht raus.",Google Play Store,2026-09-25T09:15:33.291431+00:00
Lufthansa,com.lufthansa.android.lufthansa,fbbc84f4-5f5f-409e-86c6-d79c0e63143e,2026-05-20T12:53:11,1,"Ich nutze die App seit einiger Zeit. Habe auch eine Travel-ID und ein Profil. Eigentlich.......!!!! Leider ist es mir nach dem letzten Update nicht mehr möglich, mich einzuloggen!!!!! App auch deinstalliert und neu heruntergeladen.... Daher - nur 1 Stern !!!! 20.5.: erneutes Update - immer noch nicht möglich mich einzuloggen!!!!!! Der Support antwortet nicht einmal..... Somit ist die App absolut unbrauchbar!!",Google Play Store,2026-09-25T09:15:33.291431+00:00
Lufthansa,com.lufthansa.android.lufthansa,73ecfcd4-ff45-4996-a37b-15a75098a5b5,2026-05-20T09:20:28,5,funktioniert tadellos. works fine.,Google Play Store,2026-09-25T09:15:33.291431+00:00
Lufthansa,com.lufthansa.android.lufthansa,909217a9-1f4e-4701-91ce-7f01dd956ded,2026-05-20T09:03:06,1,"Taugt nichts, stürzt ständig ab, Login nicht möglich wegen ""technischer Fehler"". travel ID funktioniert nicht, passwort reset funktioniert nicht, Genauso schlecht wie die Airline.",Google Play Store,2026-09-25T09:15:33.291431+00:00
Lufthansa,com.lufthansa.android.lufthansa,58dffe1b-05aa-45c1-a75f-d39c1c6168ff,2026-05-19T09:56:47,5,immer gut seite jahren mit Lufthansa,Google Play Store,2026-09-25T09:15:33.291431+00:00
Lufthansa,com.lufthansa.android.lufthansa,aaa09d6c-0ca6-48fd-996e-acf824b91012,2026-05-19T06:37:07,5,it's OK 👌,Google Play Store,2026-09-25T09:15:33.291431+00:00
Lufthansa,com.lufthansa.android.lufthansa,8193fd9c-9e31-4f07-88f6-98350e40839a,2026-05-18T17:24:39,3,daß man sich immer wieder anmelden muss nervt!,Google Play Store,2026-09-25T09:15:33.291431+00:00
Lufthansa,com.lufthansa.android.lufthansa,bd55ab66-2f64-4ad4-a20c-8db797d994fc,2026-05-18T13:50:56,1,App lässt sich nicht mal mehr öffnen. Unbrauchbar!,Google Play Store,2026-09-25T09:15:33.291431+00:00
Lufthansa,com.lufthansa.android.lufthansa,096f2b60-abcc-478b-ad70-d9b6f3339f43,2026-05-18T12:41:57,3,"Mai 2026: Wieder dasselbe Problem! WARUM???? Februar 2025 Klappt wieder problemlos Juli 2023: Nach wie vor schmeißt einen die App aus unerklärlichen Gründen raus und man muss sich WIEDER neu einloggen. Was soll der Mist??? App wird mit jedem Update noch schlechter!!! Danke an die Fummler, die die LH App zusammengepfuscht haben. Einfach nur peinlich.",Google Play Store,2026-09-25T09:15:33.291431+00:00
Lufthansa,com.lufthansa.android.lufthansa,9b8035b7-288a-439e-9285-186e2b060f6c,2026-05-18T03:51:36,5,schöner Frühflug nach Chania,Google Play Store,2026-09-25T09:15:33.291431+00:00
Lufthansa,com.lufthansa.android.lufthansa,ebd42836-9e6f-4392-b647-d12c914f5910,2026-05-17T12:53:18,4,"Der Seitenaufbau ist manchmal sehr langsam. Die Gate Information wird auf der Bordkarte nicht immer aktualisiert. Dann läuft man falsch, um den Weg wieder zurück zu gehen.... Ansonsten mittlerweile hilfreich und funktional.",Google Play Store,2026-09-25T09:15:33.291431+00:00
Lufthansa,com.lufthansa.android.lufthansa,776abed9-e7b0-4f4c-937a-e351a59e1183,2026-05-17T10:34:20,5,Alles bestens.,Google Play Store,2026-09-25T09:15:33.291431+00:00
Lufthansa,com.lufthansa.android.lufthansa,c91f347d-2ac9-484f-8a28-8c1549d200df,2026-05-17T09:00:41,5,Es ist super intuitiv. Ich habe schnell auf alles Wissenswerte Zugriff und die Push-Nachrichten zum Flug und Aufgabegepäck sind anderen Airlines einiges voraus. Top! 👍,Google Play Store,2026-09-25T09:15:33.291431+00:00
Lufthansa,com.lufthansa.android.lufthansa,31ce3cec-b81e-45b3-83a1-c13970fcec39,2026-05-17T08:22:26,4,Leider fehlt die Möglichkeit Airportexpressbus von Lufthansa zu buchen,Google Play Store,2026-09-25T09:15:33.291431+00:00
Lufthansa,com.lufthansa.android.lufthansa,e4f2cd88-fd16-44ed-ad89-1acf3e2f8720,2026-05-17T05:07:15,2,"Das neue Design der App ist gut gelungen. Technisch jedoch noch einige Bugs. Besonders ärgerlich ist, dass ich mich alle paar Stunden neu anmelden muss. So macht das keinen Spaß.",Google Play Store,2026-09-25T09:15:33.291431+00:00
Lufthansa,com.lufthansa.android.lufthansa,f8821063-68f9-4b3f-aa0b-83dff840300c,2026-05-16T18:33:27,1,funktioniert 50:50. blöd für internationale Flüge bzgl Umstieg 😄 diese App hat mich zurück zum Papier geführt. aber authentisch Lufthansa:D,Google Play Store,2026-09-25T09:15:33.291431+00:00
Lufthansa,com.lufthansa.android.lufthansa,98004d76-7615-40a6-8fa2-0e6a3115b089,2026-05-16T08:18:32,2,Das ganze ist einfach nur schwierig zu handhaben,Google Play Store,2026-09-25T09:15:33.291431+00:00
Lufthansa,com.lufthansa.android.lufthansa,24e1a443-548d-446d-81e0-23be7630e8ab,2026-05-16T07:20:17,5,suuuuper,Google Play Store,2026-09-25T09:15:33.291431+00:00
Lufthansa,com.lufthansa.android.lufthansa,fbbc56bf-a69a-4021-8eeb-e1c69125269e,2026-05-16T04:54:07,1,"Login und Zugriff auf Kontodaten ist nicht mehr möglich. Es kommt immer die Meldung: ""Internetverbindung prüfen"". Nun verschwinden vergangene Flüge aus der App. Milen buchen geht dann auch nicht mehr.",Google Play Store,2026-09-25T09:15:33.291431+00:00
Lufthansa,com.lufthansa.android.lufthansa,d841cc0e-7ccc-4c1d-98d9-f4610e69b3e6,2026-05-15T13:59:45,5,Die App ist super! Sehr übersichtlich und man hat wirklich alle möglichen Informationen in der App. Sogar Infos über das Gepäck. Auch Gatewechsel Verspätungen etc. werden in Echtzeit gezeigt. Das macht alles viel einfacher!,Google Play Store,2026-09-25T09:15:33.291431+00:00
Lufthansa,com.lufthansa.android.lufthansa,1a14a989-c79a-4e7f-8a00-0fce7953fb73,2026-05-15T09:22:57,5,Sehr gut,Google Play Store,2026-09-25T09:15:33.291431+00:00
Lufthansa,com.lufthansa.android.lufthansa,81160db8-0038-43ca-96b3-15d0514e46a3,2026-05-15T09:21:06,5,Sehr übersichtlich und benutzerfreundlich. Verwende die App regelmäßig.,Google Play Store,2026-09-25T09:15:33.291431+00:00
Lufthansa,com.lufthansa.android.lufthansa,d9eec4f1-cdf4-4e9e-833e-d97cfcbcaaa5,2026-05-14T16:17:43,4,geile Bedienung,Google Play Store,2026-09-25T09:15:33.291431+00:00
Lufthansa,com.lufthansa.android.lufthansa,35646cae-c116-49fc-ac3e-51fd219f492c,2026-05-13T19:24:59,5,Amazing App,Google Play Store,2026-09-25T09:15:33.291431+00:00
Lufthansa,com.lufthansa.android.lufthansa,8c5f5c04-fcd2-45ee-9f43-60dbbce6446f,2026-05-13T15:56:24,5,super geklappt,Google Play Store,2026-09-25T09:15:33.291431+00:00
Lufthansa,com.lufthansa.android.lufthansa,596f2c7f-fc95-4c5a-bd70-8d014bafc301,2026-05-13T14:13:59,4,Perfekter Service! Super schnelle Sicherheitskontrolle durch extra Kontrollstelle rechts dirakt am Eingang Terminal 2 für Lufthansa Gäste! Perfekt Zusätzliche schnelle Weiterleitung zur Passkontrolle - Danke EU Paß u. ETA Reference Anmeldung In 10 Minuten vom Eingang Terminal 2 bis Gate H38. Einfach Spitze! Beste Grüße HM,Google Play Store,2026-09-25T09:15:33.291431+00:00
Lufthansa,com.lufthansa.android.lufthansa,73175743-03ab-44c5-a19b-a3d7aa9e96b1,2026-05-13T10:46:10,1,"Nach dem letzten Update zeigt die App einen lang gebuchten Flug nicht an. Eingabe der korrekten Buchungsnummer ergibt: ""Fehler beim Download der Daten"" und andere Error. Check-in per App nicht möglich. Am PC eingecheckt. Die App kennt den Flug trotzdem nicht, auch keine Boarding Card! Meine persönlichen Daten zeigt die App korrekt! Nach De- und Neu-Installation der App funktioniert es. Nervig!",Google Play Store,2026-09-25T09:15:33.291431+00:00
Lufthansa,com.lufthansa.android.lufthansa,db1c3593-bc73-4d40-8b3d-611fb2750103,2026-05-13T07:32:37,5,"Übersichtlich, einfach, schnell - bisher keine Defizite festgestellt",Google Play Store,2026-09-25T09:15:33.291431+00:00
Lufthansa,com.lufthansa.android.lufthansa,f1babe66-e18f-45ce-957c-76b655fc3c08,2026-05-12T16:27:59,5,Sehr übersichtlich gestaltet und einfach zu bedienen,Google Play Store,2026-09-25T09:15:33.291431+00:00
Lufthansa,com.lufthansa.android.lufthansa,e2da6e18-90de-4a0a-bee7-5132146c1aa8,2026-05-12T12:37:11,1,"Ich kann mich nicht einloggen, nach wie vor Fliege am Donnerstag und kann meine Tickets nicht abrufen. Es nervt mit Lufthansa. Mikes&more dasselbe.",Google Play Store,2026-09-25T09:15:33.291431+00:00
Lufthansa,com.lufthansa.android.lufthansa,947dcd49-0f61-4ca9-959b-48cba4b682f0,2026-05-12T07:22:26,5,alles nur super!,Google Play Store,2026-09-25T09:15:33.291431+00:00
Lufthansa,com.lufthansa.android.lufthansa,9d9308ee-c49a-4b9b-9aa3-cf4a1e336832,2026-05-12T07:19:32,5,wann wir immer rechtzeitig und nicht zu früh über wichtige Dinge informiert,Google Play Store,2026-09-25T09:15:33.291431+00:00
Lufthansa,com.lufthansa.android.lufthansa,d122b154-7613-406e-8e0a-462fc606f380,2026-05-11T16:30:15,1,langsame App,Google Play Store,2026-09-25T09:15:33.291431+00:00
Lufthansa,com.lufthansa.android.lufthansa,6ab247e5-056c-496e-aed4-c93895d742de,2026-05-11T13:13:20,5,Super app,Google Play Store,2026-09-25T09:15:33.291431+00:00
Lufthansa,com.lufthansa.android.lufthansa,cf25e0aa-2d45-43a5-8a5c-11def620f4cb,2026-05-11T12:50:50,4,konnte leider den Sitzplatz nicht ändern beim checkin. Sonst Alles gut!,Google Play Store,2026-09-25T09:15:33.291431+00:00
Lufthansa,com.lufthansa.android.lufthansa,1b7ba67e-5488-42f1-bbe1-7f74d08aebaa,2026-05-10T14:07:40,5,Im Moment ist die App etwas schwierig. Man muss sich immer wieder neu anmelden. Das nervt etwas,Google Play Store,2026-09-25T09:15:33.291431+00:00
Lufthansa,com.lufthansa.android.lufthansa,fa11cc33-f6bb-4bb4-971a-e316aea2d9a5,2026-05-10T08:24:12,5,Einfache Bedienung und man wird schnell bei Flug Änderungen informiert. Auch das Buchen eines Fluges ist bequem und unkompliziert.,Google Play Store,2026-09-25T09:15:33.291431+00:00
Lufthansa,com.lufthansa.android.lufthansa,42ae3a85-312a-454d-a1b0-82f5e9b3495d,2026-05-10T07:38:44,5,"immer sehr zufrieden, sehr nette und kompetente und freundliche Flugbegleitung",Google Play Store,2026-09-25T09:15:33.291431+00:00
Lufthansa,com.lufthansa.android.lufthansa,a1dcad3d-58d3-49bb-89f2-a3661b317e21,2026-05-09T12:12:42,4,"manchmal Probleme mit dem Laden, aber ansonsten gut und informativ. Informationen zu Gates und event. Änderungen kommen zügig. auch die Bordkarten werden sofort angepasst.",Google Play Store,2026-09-25T09:15:33.291431+00:00
Lufthansa,com.lufthansa.android.lufthansa,922b62dc-d788-4544-95c3-373e0ecc688b,2026-05-09T10:55:40,5,Immer gut informiert,Google Play Store,2026-09-25T09:15:33.291431+00:00
Lufthansa,com.lufthansa.android.lufthansa,8c360397-5d90-4392-897e-2b00e8e3eb62,2026-05-09T10:19:35,5,einfach und unkompliziert,Google Play Store,2026-09-25T09:15:33.291431+00:00
Lufthansa,com.lufthansa.android.lufthansa,1cea909b-1c60-4d27-ac73-fd642521966b,2026-05-09T04:06:22,5,Man wird sehr gut informiert .,Google Play Store,2026-09-25T09:15:33.291431+00:00
Lufthansa,com.lufthansa.android.lufthansa,e88d3671-8e87-4826-ade0-0421804df031,2026-05-08T16:22:53,5,top,Google Play Store,2026-09-25T09:15:33.291431+00:00
Lufthansa,com.lufthansa.android.lufthansa,4343d2a7-29e3-477c-8af1-b3b49bb54a69,2026-05-08T06:54:35,5,Gute App,Google Play Store,2026-09-25T09:15:33.291431+00:00
Lufthansa,com.lufthansa.android.lufthansa,893096af-e566-4528-b13b-5b660bf975b8,2026-05-07T06:33:20,1,Angeblich verhält sich mein Browser (Firefox) ungewöhnlich und ich kann mich nicht mehr anmelden. Oder auch: Wie vertreibe ich meine Kunden.,Google Play Store,2026-09-25T09:15:33.291431+00:00
Lufthansa,com.lufthansa.android.lufthansa,a3851167-b8ee-4d77-8a64-e5facaf061ee,2026-05-06T11:18:38,5,"Sehr gute Informationen, noch dazu zeitnahe Aktualisierungen. Perfekt, danke",Google Play Store,2026-09-25T09:15:33.291431+00:00
Lufthansa,com.lufthansa.android.lufthansa,ba9d0739-b5f2-48fd-80d4-444599dc9568,2026-05-06T08:31:44,2,"Leider kann ich mich nicht einloggen, es kommt eine Weiterleitung auf eine Website mit unexpected exception der api",Google Play Store,2026-09-25T09:15:33.291431+00:00
Lufthansa,com.lufthansa.android.lufthansa,bf637178-fa46-49b2-a2ba-272b43aea763,2026-05-06T07:39:49,1,"Die meiste Zeit funktioniert eigentlich kaum etwas. Der Login schlägt öfter fehl als er gelingt und wenn es mal geht, muss man sich nach ein paar Tagen wieder neu einloggen mit den oben genannten Konsequenzen.",Google Play Store,2026-09-25T09:15:33.291431+00:00
Lufthansa,com.lufthansa.android.lufthansa,5014b5fc-8494-4f44-9c3d-c1c220899f29,2026-05-05T15:00:25,1,"Nach dem letzten Update zeigte die App einen Fehler beim download von Daten. Neue Flugbuchungen werden nicht mehr angezeigt. Buchungen mit Buchungszeichen hinzufügen funktioniert auch nicht (Buchung im System nicht auffindbar). Nach Neuinstaalation der App ist kein Log-in mehr möglich. Weder mit Travel-ID, noch mit Servicekarten-Nummer. Ein Grund für das Versagen des Log-in wird auch nicht angezeigt. Lediglich die Aufforderung, es später erneut zu versuchen.",Google Play Store,2026-09-25T09:15:33.291431+00:00
Lufthansa,com.lufthansa.android.lufthansa,79bcd4a3-a508-49dc-b4e1-2eddc3e20b1e,2026-05-05T04:49:45,1,Login nicht möglich. Bordkarte wird nicht abgerufen.,Google Play Store,2026-09-25T09:15:33.291431+00:00
Lufthansa,com.lufthansa.android.lufthansa,96e1a0c5-e9e4-4db3-9b9b-64cc8ca610a8,2026-05-04T13:07:10,1,"100 Jahre - herzlichen Glückwunsch. die App funktioniert ebenfalls so flüssig, als wäre sie 100 Jahre.",Google Play Store,2026-09-25T09:15:33.291431+00:00
Lufthansa,com.lufthansa.android.lufthansa,7fa204cd-78c1-4497-9b27-851d4ea3e86b,2026-05-04T12:47:46,3,vergangene Flüge sind nicht gespeichert. Schade.,Google Play Store,2026-09-25T09:15:33.291431+00:00
Lufthansa,com.lufthansa.android.lufthansa,f91644ec-3d16-4606-8393-9cfebdf5386a,2026-05-04T12:24:10,1,"Permanent werden Fehler angezeigt. Profil lässt sich nicht öffnen... ""Fehler""... Rechnung für eine gebuchten Flug lässt sich nicht anfordern...""Fehler im Namen"" obwohl natürlich korrekt",Google Play Store,2026-09-25T09:15:33.291431+00:00
Lufthansa,com.lufthansa.android.lufthansa,8d71ed9a-e01d-4a09-88c2-791610140e88,2026-05-04T08:58:36,5,Super übersichtliche App.,Google Play Store,2026-09-25T09:15:33.291431+00:00
Lufthansa,com.lufthansa.android.lufthansa,b8f76034-fe89-4bcf-ba57-a6fb88ba7d06,2026-05-04T08:09:32,1,"Since weeks I am seeing the same error message, when trying to login. The app is absolutely unusable for me. ""An error occurred. Login was not successful. Please try again later.""",Google Play Store,2026-09-25T09:15:33.291431+00:00
Lufthansa,com.lufthansa.android.lufthansa,e5836846-d6ce-4615-8bba-3730881276e0,2026-05-02T07:54:44,1,"Die App war perfekt, seit dem letzten Update nur noch Probleme mit dem Online Check in, laden bzw. erstellen der Boardkarte und mein Profil aufzurufen. Die gesamte Performance der App ist absolut nicht mehr stimmig. Am Gate echt unschön. (Galaxy S25)",Google Play Store,2026-09-25T09:15:33.291431+00:00
Lufthansa,com.lufthansa.android.lufthansa,f5b2e442-888c-4f1c-bc86-ff30bb092205,2026-05-01T20:16:56,1,"Es werden keine gebuchten Flüge angezeigt. Permanent erscheint bei jedem Aufruf, Ihre Sitzung ist abgelaufen.",Google Play Store,2026-09-25T09:15:33.291431+00:00
Lufthansa,com.lufthansa.android.lufthansa,bd192913-16ad-428d-ac3b-58bdbfc21c6d,2026-05-01T18:55:40,1,"Die App bringt laufend Fehlermeldungen, der Reisepartner und dessen Flugdaten sind nicht aufrufbar. Die schlechteste Airline App die ich kenne - leider. Von Lufthansa hätte ich mehr erwartet.",Google Play Store,2026-09-25T09:15:33.291431+00:00
Lufthansa,com.lufthansa.android.lufthansa,a6ddf87b-b86f-45b6-9915-ffa33550a64c,2026-05-01T17:23:47,1,"war schon Mal besser. vor nem Jahr konnte ich automatisch eingecheckt werden. jetzt muss ich zum Einchecken irgendwelche Infos auf zwielichtigen Drittanbieterseiten eingeben, ohne das ich ""einfach"" zurück in die App wechseln kann. für was wollt ihr Applaus?",Google Play Store,2026-09-25T09:15:33.291431+00:00
Lufthansa,com.lufthansa.android.lufthansa,14cd09e1-9085-49a7-808a-3fdf42993d94,2026-04-28T09:55:12,1,"Drei Wochen vor Abflug findet die app meine Buchung nicht,wäre vielleicht in der aktuellen situation wichtig. Manuel hinzufügen bringt auch nichts. Tolle App!",Google Play Store,2026-09-25T09:15:33.291431+00:00
Lufthansa,com.lufthansa.android.lufthansa,95e6a37f-98a9-4bd4-9fb8-508ce98205a7,2026-04-28T05:12:47,1,kein Einloggen möglich.,Google Play Store,2026-09-25T09:15:33.291431+00:00
Lufthansa,com.lufthansa.android.lufthansa,58216d62-de21-49a6-af88-2dd8836ae7d6,2026-04-26T14:04:40,1,"Interessant dass diese App als beste Airline App prämiert wurde. Mir ist es, trotz zahlreicher Versuche, nicht möglich, mich einzuloggen. Passwort /PIN wird nicht akzeptiert, nach dem Zurücksetzen und Neuvergabe (das geht grundsätzlich) wird auch das neue PW /PIN nicht akzeptiert. Ich sehe leider keine Möglichkeit mich einzuloggen, weder mit Mail adresse noch mit Servicekarten Nummer",Google Play Store,2026-09-25T09:15:33.291431+00:00
Lufthansa,com.lufthansa.android.lufthansa,8a6ff781-9d00-485c-b34c-f4bef97fe66c,2026-04-26T09:17:12,1,Keine Anmeldung mehr möglich,Google Play Store,2026-09-25T09:15:33.291431+00:00
Lufthansa,com.lufthansa.android.lufthansa,a69b286d-db7e-4327-aa8b-ae620f4208a5,2026-04-25T23:54:24,3,seit dem letzten Update keine Anmeldung in der App mehr möglich. (Galaxy S26 Ultra),Google Play Store,2026-09-25T09:15:33.291431+00:00
Lufthansa,com.lufthansa.android.lufthansa,e634fe90-c0b8-4f74-aa53-eb407e55b354,2026-04-25T10:05:30,1,Kann mich nicht mal anmelden nur online aber bei der App geht's nicht. Hab schon mehrfach deinstalliert und neu heruntergeladen aber nichts geht.,Google Play Store,2026-09-25T09:15:33.291431+00:00
Lufthansa,com.lufthansa.android.lufthansa,37f18b71-a100-4928-8a0a-0d7dcee53813,2026-04-24T10:36:29,1,"An und für sich eine gute App. Seit Beginn des Jahres und neuem Telefon ist die Einwahl zur Glückssache geworden, dazu immer wieder die Abfrage, ob ich ein Mensch bin. So ist das ganze wenig hilfreich.",Google Play Store,2026-09-25T09:15:33.291431+00:00
Lufthansa,com.lufthansa.android.lufthansa,2c03f697-f5b1-403f-b09c-2b68fe53e1d1,2026-04-21T11:55:42,2,poor performance,Google Play Store,2026-09-25T09:15:33.291431+00:00
Lufthansa,com.lufthansa.android.lufthansa,f8087869-d870-4c57-9389-ced5cb7f08f8,2026-04-21T06:23:36,1,"Datenkrake auf Zwangbasis, obwohl man ein teures Ticket gekauft hat. Manchmal war es möglich die App mit dem Buchungscode zu verwenden. Das geht nun nicht mehr. Die Lufthansa sieht wohl den zahlenden Kunden als Bedrohung an.",Google Play Store,2026-09-25T09:15:33.291431+00:00
Lufthansa,com.lufthansa.android.lufthansa,5f34444e-94e7-449c-995e-d1200a288b0f,2026-04-20T10:01:39,5,einfach nur top,Google Play Store,2026-09-25T09:15:33.291431+00:00
Lufthansa,com.lufthansa.android.lufthansa,e5f0c548-56b4-47c2-ae45-57199ce07f45,2026-04-19T17:06:44,5,Super Liveinfos während der Reise.,Google Play Store,2026-09-25T09:15:33.291431+00:00
Lufthansa,com.lufthansa.android.lufthansa,e6a8148c-1be4-44f8-99f8-64f7813cb56d,2026-04-19T08:06:08,5,Immer die Besten!,Google Play Store,2026-09-25T09:15:33.291431+00:00
Lufthansa,com.lufthansa.android.lufthansa,16962584-3367-4b3d-801f-c6c2bee508a8,2026-04-19T06:33:05,5,Stewardess und Steward haben sich rührend um mich gekümmert ❤️,Google Play Store,2026-09-25T09:15:33.291431+00:00
Lufthansa,com.lufthansa.android.lufthansa,8e379186-219a-4fe4-a16a-a3251af6f994,2026-04-18T09:54:57,5,Alles bestens 😂,Google Play Store,2026-09-25T09:15:33.291431+00:00
Lufthansa,com.lufthansa.android.lufthansa,8e9aa0b4-52c7-41ec-ac1c-d8515ad06845,2026-04-17T10:34:40,1,"Miserable Bedienung, extrem langsam, man muss sich im Minutentakt neu anmelden, wobei jedes Mal endlos geprüft wird, ""ob man ein Mensch ist"". Ziemliches Armutszeugnis für einen Konzern, der mir übrigens ohne irgendeine Erklärung die Flüge annulliert hat. Immerhin durfte ich die Erstattung des Preises beantragen.",Google Play Store,2026-09-25T09:15:33.291431+00:00
Lufthansa,com.lufthansa.android.lufthansa,4e46e53e-9bdf-469e-bdde-90446cfbac34,2026-04-16T15:19:27,4,Ich scheitere immer wieder an Kleinigkeiten um eine Traveller-ID zu erstellen (in meinen Augen der tatsächliche Mehrwert dieser App). Warum kann sich das Programm nicht einfach meine Eingaben vom letzten Mal merken? So wie das Forms Auto-Vervollständigen wie es die meisten Browser anbieten. Das kann doch nicht so schwer sein? Ansonsten ganz ok.,Google Play Store,2026-09-25T09:15:33.291431+00:00
Lufthansa,com.lufthansa.android.lufthansa,8434011e-fa26-45a5-913d-af3bd8f9b808,2026-04-16T14:52:28,5,Perfekte Organisation und Service,Google Play Store,2026-09-25T09:15:33.291431+00:00
Lufthansa,com.lufthansa.android.lufthansa,f676c0bc-069b-459e-9dbc-03d28dca51d2,2026-04-16T12:26:02,4,"Auf dem Handy runtergeladene Zeitschriften nicht gefunden, wahrscheinlich geht das Herunterladen hiermit nicht.",Google Play Store,2026-09-25T09:15:33.291431+00:00
Lufthansa,com.lufthansa.android.lufthansa,25281d13-a56a-4179-8554-96ceeba38ccb,2026-04-15T21:58:52,1,Auf den schlechten Service der Lufthansa ist immer Verlass. Auch via App.,Google Play Store,2026-09-25T09:15:33.291431+00:00
Lufthansa,com.lufthansa.android.lufthansa,e1ab19a9-ea04-439c-8c79-94cd3ad1f65a,2026-04-15T17:40:36,3,"1. Wieso kann die App die Bilder für Belege einer Reklamation nicht selbst komprimieren? So bin ich kurz raus aus der App (Hintergrund) komprimiere diese, komme zurück, und finde nur noch eine ""diese Seite konnte nicht gefunden werden"" und/oder einen weißen Screen. 6h später hat es wieder geklappt, aber nicht glücklich über die Experience. 2. Auch der Chatagent für Alternativflüge, wieso kann man diese nicht 3min reservieren? So habe ich wahrscheinlich 5x neu nach (schlechteren) suchen dürfen.",Google Play Store,2026-09-25T09:15:33.291431+00:00
Lufthansa,com.lufthansa.android.lufthansa,d2bb6278-cb08-42b8-8536-444be3cd837a,2026-04-15T14:30:37,4,Bei der Lufthansa wird zu viel gestreikt! 😆,Google Play Store,2026-09-25T09:15:33.291431+00:00
Lufthansa,com.lufthansa.android.lufthansa,ded9d3d2-bcd6-437b-9990-00e712cbfad3,2026-04-15T07:36:34,5,"einfach easy! Man fühlt sich wirklich als Kunde, der einen Service bezahlt hat!",Google Play Store,2026-09-25T09:15:33.291431+00:00
Lufthansa,com.lufthansa.android.lufthansa,23a168ed-4ce6-44d3-ae3d-119f3ec3ac6d,2026-04-14T09:56:56,5,Alles Top bin zufrieden Vielen Dank,Google Play Store,2026-09-25T09:15:33.291431+00:00
Lufthansa,com.lufthansa.android.lufthansa,e162b88d-d921-47ce-9d7f-8eb071cf2e2f,2026-04-13T18:04:27,3,"UX fails... 1. Fail: man wird GEZWUNGEN eine Registrierung durchzuführen! 2. Fail: was soll eine traverler ID sein - wird nicht erklärt (ist einfach nur deine E-Mail Adresse - wozu wird hier ein erklärungsbedürftiges Wording verwendet?) 3. Fail: Ich bekomme zu meinem Flug ein prominenten Teaser eingeblendet - ""jetzt Ihren Flug Upgraden für mehr Komfort"" - aber es gibt für meinen Flug gar keine Upgrades. 4. Fail Eingebette ki versteht Simple Begriffe wie FAQ, Feedback nicht.",Google Play Store,2026-09-25T09:15:33.291431+00:00
Lufthansa,com.lufthansa.android.lufthansa,34ecfba9-453b-4f0b-9c04-4d197ac9bd64,2026-04-13T15:22:23,1,Die App eine Katastrophe!!! Travel ID Registrierung eine Vollkatastrophe! während der Registrierung hängt sich die App auf !!,Google Play Store,2026-09-25T09:15:33.291431+00:00
Lufthansa,com.lufthansa.android.lufthansa,d5f070ab-658f-4516-87c4-b6e9faed1a4b,2026-04-12T09:31:31,1,"Lufthansa sollte endlich die tatsächlichen Boarding Zeiten und Gates in den Boardkarten anzeigen. Für was hat man eine App, wenn nie etwas aktualiesiert wird? Die IT wurde vermutlich schon nach Indien verlagert, so unlogisch und so viele Softwarefehler die haben.",Google Play Store,2026-09-25T09:15:33.291431+00:00
Lufthansa,com.lufthansa.android.lufthansa,6ad5fda1-9054-403a-b885-ffd4a3caaa75,2026-04-12T02:47:57,1,"Extrem schlechte App. Beim Registrieren bin ich ständig in den Browser verlinkt worden, hat mehrere Anläufe gebraucht und am Ende wird meine Buchungsnummer nicht gefunden. Versuche nun mein Konto direkt wieder zu löschen, das geht aber genauso kompliziert wie die Registrierung war. Was ich gut finde ist, sie bleiben ihrer Linie treu :D",Google Play Store,2026-09-25T09:15:33.291431+00:00
Lufthansa,com.lufthansa.android.lufthansa,acf035b3-8801-45f4-9665-91c12ef6270e,2026-04-11T15:51:50,5,super Fluggesellschaft informiert über alles man ist immer auf dem laufenden 👍🏻. TOP.,Google Play Store,2026-09-25T09:15:33.291431+00:00
Lufthansa,com.lufthansa.android.lufthansa,d295d881-92b2-4c90-ab2d-c01fca28f547,2026-04-11T09:34:24,5,suuper wie immer,Google Play Store,2026-09-25T09:15:33.291431+00:00
Lufthansa,com.lufthansa.android.lufthansa,bbeed784-adad-4b7b-9252-da803592a006,2026-04-11T08:56:13,5,"Bisher alles sehr gut, Flüge, Gepäck etc. werden immer angezeigt. Mitteilungen sind auch suppi.",Google Play Store,2026-09-25T09:15:33.291431+00:00
Lufthansa,com.lufthansa.android.lufthansa,03a1e05a-0077-48f7-a607-8e36340d5179,2026-04-11T07:13:06,5,"Einfach zu bedienen, immer aktuell.",Google Play Store,2026-09-25T09:15:33.291431+00:00
Lufthansa,com.lufthansa.android.lufthansa,cbb75c9e-f28a-4986-a34f-f97c67edd5fb,2026-04-09T15:33:57,3,"an sich praktisch, aber Punktabzug weil es immer wieder Probleme mit dem Login gibt. Nach Updates musste ich mich immer wieder mal neu einloggen, was dann öfters erst nach reset der pin funktioniert hat.",Google Play Store,2026-09-25T09:15:33.291431+00:00
Lufthansa,com.lufthansa.android.lufthansa,a2b204e9-d5fe-4525-bf5d-107694defb8f,2026-04-09T07:55:59,1,"1 Fehler ist aufgetreten Es ist ein technischer Fehler aufgetreten. Mehr geht nicht, mehr kann man zu dieser App nicht sagen.",Google Play Store,2026-09-25T09:15:33.291431+00:00
Lufthansa,com.lufthansa.android.lufthansa,f1e1e755-3147-4df0-a016-96d6018bd29e,2026-04-09T07:41:12,1,Beim Versuch sich einzuloggen kommt immer ein Technischer Fehler,Google Play Store,2026-09-25T09:15:33.291431+00:00
Lufthansa,com.lufthansa.android.lufthansa,fb7f0573-21e2-4d9c-874a-476f7acef5ce,2026-04-09T06:19:47,5,"Übersichtlich, klar, benutzerfreundlich.",Google Play Store,2026-09-25T09:15:33.291431+00:00
Lufthansa,com.lufthansa.android.lufthansa,5799c041-d504-4083-b2bd-d6727f04019a,2026-04-08T16:12:43,1,"Grotten schlecht.... was soll das, wenn weder über den Phone Browser noch per Smartphone Apple ein Login möglich ist. Egal mit welchen Handy oder Tabletten ich es versuche. / Worst case if you can't login via Smartphone or Tablet(no matter via App or Browser). Every time appear a Message ""technical error"" . Per PC geht es / via PC it works well.",Google Play Store,2026-09-25T09:15:33.291431+00:00
Lufthansa,com.lufthansa.android.lufthansa,985ce386-9916-4636-9fb9-ae724d4262a8,2026-04-08T14:56:35,1,"Diese App ist eine Katastrophe, selbst für jemanden der sich selbst als Digital Nativ bezeichnen würde und mit Passwort Managern arbeitet, ist es ein riesen Krampf sich einzuloggen, weil Lufthansa Server ewig brauchen, Daten nicht aktualisieren und die Miles Bonus seite auch komplett unübersichtlich ist zu bedienen. Keine Empfehlung, ich mache jetzt schon zum 3x diese Anmeldung neu und er braucht anscheinend jedes Mal über einen Tag um die Daten zu aktualisieren.",Google Play Store,2026-09-25T09:15:33.291431+00:00
Lufthansa,com.lufthansa.android.lufthansa,eaf8832b-2390-41bb-b5fb-2f521acdf9c1,2026-04-05T06:42:22,5,Super,Google Play Store,2026-09-25T09:15:33.291431+00:00
Lufthansa,com.lufthansa.android.lufthansa,9671b0fa-a39d-4bf7-92d5-47d2a88dea80,2026-04-04T13:26:10,5,übersichtlich und intuitiv,Google Play Store,2026-09-25T09:15:33.291431+00:00
Lufthansa,com.lufthansa.android.lufthansa,c7783d79-85ee-4fa0-bbfe-d9a2b4e888a6,2026-04-04T12:46:02,5,funkt gut,Google Play Store,2026-09-25T09:15:33.291431+00:00
Lufthansa,com.lufthansa.android.lufthansa,6dedc674-046c-4db8-a301-dc4197a2c5ea,2026-04-04T06:41:19,5,Informativ und intuitiv👍,Google Play Store,2026-09-25T09:15:33.291431+00:00
Lufthansa,com.lufthansa.android.lufthansa,b5102500-bc5a-48ee-b29a-1817ebb5cf71,2026-04-03T17:58:41,3,"Inzwischen ist die App wieder richtig nützlich. Fast wie die alte Version. Funktioniert verhältnismäßig schnell und stabil, so weit es die deutsche Infrastruktur wie die Netzabdeckung zulässt. Es werden wieder nützliche Infos und Details angezeigt. Zum Beispiel bei der Buchung ein anderer Flugblog mit einer 787 auf Kurzstrecke. Für Flugbegeisterte natürlich top. Was noch sinnvoll wäre. Eine Zusammenfassung in der App sobald wieder ein Update oder eine neue Funktion hinzu kommt.",Google Play Store,2026-09-25T09:15:33.291431+00:00
Lufthansa,com.lufthansa.android.lufthansa,db9834a9-e0af-4430-a361-12bf6e424ee5,2026-04-03T16:36:55,3,"Kann das ""engagierte Team"" bitte mal ordentliches Deutsch lernen? Der Kommafehler nach dem ""engagierten Team"" nervt mich schon seit Jahren.",Google Play Store,2026-09-25T09:15:33.291431+00:00
Lufthansa,com.lufthansa.android.lufthansa,0844de47-0a89-4281-890f-93b9d956ae21,2026-04-03T07:52:21,5,"Lufthansa ist sicherlich nicht die beste Airline am Markt, aber zumindest die App ist wirklich ganz vorn. Da kann auch kein Emirates oder Qatar konkurrieren. Alle Infos, die man braucht, sehr gut aufzufinden. Abläufe sehr schön dargestellt.",Google Play Store,2026-09-25T09:15:33.291431+00:00
Lufthansa,com.lufthansa.android.lufthansa,7c1c8c9b-244b-480e-9b1b-47d074033411,2026-04-02T20:14:52,1,"Selten eine so fehlerhafte App gehabt. Mal kann man seine Daten eingeben, dann scheitert sie wieder bei der Angabe des Landes oder kann keine Handynummer übernehmen. Plötzlich müssen die Mitfliegenden wieder neu angegeben werden und selbst Kinder tauchen als 1. Person auf, Grausam, eine Schande für so ein renommiertes Unternehmen.",Google Play Store,2026-09-25T09:15:33.291431+00:00
Lufthansa,com.lufthansa.android.lufthansa,70be74b2-fcd0-41a8-a4dd-546e86dc3286,2026-04-02T08:32:22,4,Bis jetzt fast Top 🙏🙏🙏,Google Play Store,2026-09-25T09:15:33.291431+00:00
Lufthansa,com.lufthansa.android.lufthansa,9566565d-d3df-4e15-ab93-cd1506e14cbf,2026-04-02T07:44:03,5,Einfach super App,Google Play Store,2026-09-25T09:15:33.291431+00:00
Lufthansa,com.lufthansa.android.lufthansa,e9bf209f-610a-4e63-85fb-83339569d2e6,2026-04-02T04:51:08,4,ok,Google Play Store,2026-09-25T09:15:33.291431+00:00
Lufthansa,com.lufthansa.android.lufthansa,71f23610-aed2-4289-be5b-2071312e4355,2026-04-02T01:42:59,5,pünktlicher Service,Google Play Store,2026-09-25T09:15:33.291431+00:00
Lufthansa,com.lufthansa.android.lufthansa,25478e9d-2f8b-4b0e-af54-ea09b82c6848,2026-04-01T08:41:32,5,"wurden upgegradet, sehr schön von der Fluggesellschaft",Google Play Store,2026-09-25T09:15:33.291431+00:00
Lufthansa,com.lufthansa.android.lufthansa,6ca9f7ba-02e1-494d-ad71-7bd10d58fbb5,2026-04-01T06:42:31,5,Sehr guter Service!,Google Play Store,2026-09-25T09:15:33.291431+00:00
Lufthansa,com.lufthansa.android.lufthansa,cffdb07d-ebb2-4e39-9ce9-4e7ed1afb5b3,2026-04-01T06:13:28,5,Aktuell und einfach zu bedienen.,Google Play Store,2026-09-25T09:15:33.291431+00:00
Lufthansa,com.lufthansa.android.lufthansa,fa80ed07-4781-45f4-9201-8c793a1aeb8d,2026-03-31T15:38:17,2,"x probleme mit einloggen. Z.T. unübersichtlich: im Tarif Economy Classic ist die Sitzplatzreservierung kostenlos; bei Teilstrecken bei ITA AIrways, (3 Teilstrecken) > 50 € pP/günstigste Sitze. gerade wurde eine Teilstrecke storniert, der Zug Düsseldorf-Frankfurt, keine Alternative angeboten. Eingabefeld nur für Reisepass, nicht Personalausweis; technischer Support nach 4 wo ohne Rückmeldung. Vorsicht, Kunde.",Google Play Store,2026-09-25T09:15:33.291431+00:00
Lufthansa,com.lufthansa.android.lufthansa,4b4b13f6-f463-42e8-b7e9-c187e1398b4c,2026-03-31T15:26:01,5,top,Google Play Store,2026-09-25T09:15:33.291431+00:00
Lufthansa,com.lufthansa.android.lufthansa,d3f0f3c2-abb5-4198-a6bb-ed14fb7c88f2,2026-03-31T12:40:50,5,weiter so,Google Play Store,2026-09-25T09:15:33.291431+00:00
Lufthansa,com.lufthansa.android.lufthansa,aec96e99-0c58-424a-bb4f-7767b9890228,2026-03-31T06:49:26,5,👍👍,Google Play Store,2026-09-25T09:15:33.291431+00:00
Lufthansa,com.lufthansa.android.lufthansa,679b61dc-ca1f-41e2-8806-b9bc1120b43f,2026-03-30T16:29:36,1,ich versuche mich anzumelden neu Registrieren oft aber funktioniert nicht. immer der Anmeldungsfehler. fehlgeschlagen was mache ich falsch.,Google Play Store,2026-09-25T09:15:33.291431+00:00
Lufthansa,com.lufthansa.android.lufthansa,207ccad4-643c-4f89-bab5-22a6640f17e6,2026-03-30T08:29:51,1,einloggen nicht möglich....,Google Play Store,2026-09-25T09:15:33.291431+00:00
Lufthansa,com.lufthansa.android.lufthansa,602b010e-730b-4d5f-9db4-140063f7dfbe,2026-03-30T04:58:34,5,übersichtlich und gut.,Google Play Store,2026-09-25T09:15:33.291431+00:00
Lufthansa,com.lufthansa.android.lufthansa,925d8df5-5a28-4c62-8fe6-25ba20d33f1b,2026-03-29T19:45:45,5,praktisch,Google Play Store,2026-09-25T09:15:33.291431+00:00
Lufthansa,com.lufthansa.android.lufthansa,ee2aa66f-1369-42c5-a481-88bf71a057a0,2026-03-29T09:36:46,1,"Die App hakt ständid, Bordkarten können nicht geladen werden. Nervig",Google Play Store,2026-09-25T09:15:33.291431+00:00
